[0.216s] DEBUG:colcon:Command line arguments: ['/usr/bin/colcon', 'build']
[0.216s] DEBUG:colcon:Parsed command line arguments: Namespace(log_base=None, log_level=None, verb_name='build', build_base='build', install_base='install', merge_install=False, symlink_install=False, test_result_base=None, continue_on_error=False, executor='parallel', parallel_workers=4, event_handlers=None, ignore_user_meta=False, metas=['./colcon.meta'], base_paths=['.'], packages_ignore=None, packages_ignore_regex=None, paths=None, packages_up_to=None, packages_up_to_regex=None, packages_above=None, packages_above_and_dependencies=None, packages_above_depth=None, packages_select_by_dep=None, packages_skip_by_dep=None, packages_skip_up_to=None, packages_select_build_failed=False, packages_skip_build_finished=False, packages_select_test_failures=False, packages_skip_test_passed=False, packages_select=None, packages_skip=None, packages_select_regex=None, packages_skip_regex=None, packages_start=None, packages_end=None, allow_overriding=[], cmake_args=None, cmake_target=None, cmake_target_skip_unavailable=False, cmake_clean_cache=False, cmake_clean_first=False, cmake_force_configure=False, ament_cmake_args=None, catkin_cmake_args=None, catkin_skip_building_tests=False, mixin_files=None, mixin=None, verb_parser=<colcon_mixin.mixin.mixin_argument.MixinArgumentDecorator object at 0xffff918b9640>, verb_extension=<colcon_core.verb.build.BuildVerb object at 0xffff91a69cd0>, main=<bound method BuildVerb.main of <colcon_core.verb.build.BuildVerb object at 0xffff91a69cd0>>, mixin_verb=('build',))
[0.323s] Level 1:colcon.colcon_core.package_discovery:discover_packages(colcon_meta) check parameters
[0.323s] Level 1:colcon.colcon_core.package_discovery:discover_packages(recursive) check parameters
[0.323s] Level 1:colcon.colcon_core.package_discovery:discover_packages(ignore) check parameters
[0.323s] Level 1:colcon.colcon_core.package_discovery:discover_packages(path) check parameters
[0.323s] Level 1:colcon.colcon_core.package_discovery:discover_packages(colcon_meta) discover
[0.323s] Level 1:colcon.colcon_core.package_discovery:discover_packages(recursive) discover
[0.323s] INFO:colcon.colcon_core.package_discovery:Crawling recursively for packages in '/home/olympusolutions/senior_ws'
[0.323s] Level 1:colcon.colcon_core.package_identification:_identify(.) by extensions ['ignore', 'ignore_ament_install']
[0.323s] Level 1:colcon.colcon_core.package_identification:_identify(.) by extension 'ignore'
[0.324s] Level 1:colcon.colcon_core.package_identification:_identify(.) by extension 'ignore_ament_install'
[0.324s] Level 1:colcon.colcon_core.package_identification:_identify(.) by extensions ['colcon_pkg']
[0.324s] Level 1:colcon.colcon_core.package_identification:_identify(.) by extension 'colcon_pkg'
[0.324s] Level 1:colcon.colcon_core.package_identification:_identify(.) by extensions ['colcon_meta']
[0.324s] Level 1:colcon.colcon_core.package_identification:_identify(.) by extension 'colcon_meta'
[0.324s] Level 1:colcon.colcon_core.package_identification:_identify(.) by extensions ['ros']
[0.324s] Level 1:colcon.colcon_core.package_identification:_identify(.) by extension 'ros'
[0.366s] Level 1:colcon.colcon_core.package_identification:_identify(.) by extensions ['cmake', 'python']
[0.366s] Level 1:colcon.colcon_core.package_identification:_identify(.) by extension 'cmake'
[0.366s] Level 1:colcon.colcon_core.package_identification:_identify(.) by extension 'python'
[0.366s] Level 1:colcon.colcon_core.package_identification:_identify(.) by extensions ['python_setup_py']
[0.366s] Level 1:colcon.colcon_core.package_identification:_identify(.) by extension 'python_setup_py'
[0.367s] Level 1:colcon.colcon_core.package_identification:_identify(build) by extensions ['ignore', 'ignore_ament_install']
[0.367s] Level 1:colcon.colcon_core.package_identification:_identify(build) by extension 'ignore'
[0.367s] Level 1:colcon.colcon_core.package_identification:_identify(build) ignored
[0.367s] Level 1:colcon.colcon_core.package_identification:_identify(install) by extensions ['ignore', 'ignore_ament_install']
[0.367s] Level 1:colcon.colcon_core.package_identification:_identify(install) by extension 'ignore'
[0.367s] Level 1:colcon.colcon_core.package_identification:_identify(install) ignored
[0.367s] Level 1:colcon.colcon_core.package_identification:_identify(log) by extensions ['ignore', 'ignore_ament_install']
[0.367s] Level 1:colcon.colcon_core.package_identification:_identify(log) by extension 'ignore'
[0.368s] Level 1:colcon.colcon_core.package_identification:_identify(log) ignored
[0.368s] Level 1:colcon.colcon_core.package_identification:_identify(src) by extensions ['ignore', 'ignore_ament_install']
[0.368s] Level 1:colcon.colcon_core.package_identification:_identify(src) by extension 'ignore'
[0.368s] Level 1:colcon.colcon_core.package_identification:_identify(src) by extension 'ignore_ament_install'
[0.368s] Level 1:colcon.colcon_core.package_identification:_identify(src) by extensions ['colcon_pkg']
[0.368s] Level 1:colcon.colcon_core.package_identification:_identify(src) by extension 'colcon_pkg'
[0.368s] Level 1:colcon.colcon_core.package_identification:_identify(src) by extensions ['colcon_meta']
[0.368s] Level 1:colcon.colcon_core.package_identification:_identify(src) by extension 'colcon_meta'
[0.368s] Level 1:colcon.colcon_core.package_identification:_identify(src) by extensions ['ros']
[0.368s] Level 1:colcon.colcon_core.package_identification:_identify(src) by extension 'ros'
[0.368s] Level 1:colcon.colcon_core.package_identification:_identify(src) by extensions ['cmake', 'python']
[0.368s] Level 1:colcon.colcon_core.package_identification:_identify(src) by extension 'cmake'
[0.368s] Level 1:colcon.colcon_core.package_identification:_identify(src) by extension 'python'
[0.368s] Level 1:colcon.colcon_core.package_identification:_identify(src) by extensions ['python_setup_py']
[0.368s] Level 1:colcon.colcon_core.package_identification:_identify(src) by extension 'python_setup_py'
[0.368s] Level 1:colcon.colcon_core.package_identification:_identify(src/diffdrive_arduino) by extensions ['ignore', 'ignore_ament_install']
[0.369s] Level 1:colcon.colcon_core.package_identification:_identify(src/diffdrive_arduino) by extension 'ignore'
[0.369s] Level 1:colcon.colcon_core.package_identification:_identify(src/diffdrive_arduino) by extension 'ignore_ament_install'
[0.369s] Level 1:colcon.colcon_core.package_identification:_identify(src/diffdrive_arduino) by extensions ['colcon_pkg']
[0.369s] Level 1:colcon.colcon_core.package_identification:_identify(src/diffdrive_arduino) by extension 'colcon_pkg'
[0.369s] Level 1:colcon.colcon_core.package_identification:_identify(src/diffdrive_arduino) by extensions ['colcon_meta']
[0.369s] Level 1:colcon.colcon_core.package_identification:_identify(src/diffdrive_arduino) by extension 'colcon_meta'
[0.369s] Level 1:colcon.colcon_core.package_identification:_identify(src/diffdrive_arduino) by extensions ['ros']
[0.369s] Level 1:colcon.colcon_core.package_identification:_identify(src/diffdrive_arduino) by extension 'ros'
[0.374s] DEBUG:colcon.colcon_core.package_identification:Package 'src/diffdrive_arduino' with type 'ros.ament_cmake' and name 'diffdrive_arduino'
[0.374s] Level 1:colcon.colcon_core.package_identification:_identify(src/extender_arduino) by extensions ['ignore', 'ignore_ament_install']
[0.374s] Level 1:colcon.colcon_core.package_identification:_identify(src/extender_arduino) by extension 'ignore'
[0.374s] Level 1:colcon.colcon_core.package_identification:_identify(src/extender_arduino) by extension 'ignore_ament_install'
[0.374s] Level 1:colcon.colcon_core.package_identification:_identify(src/extender_arduino) by extensions ['colcon_pkg']
[0.374s] Level 1:colcon.colcon_core.package_identification:_identify(src/extender_arduino) by extension 'colcon_pkg'
[0.374s] Level 1:colcon.colcon_core.package_identification:_identify(src/extender_arduino) by extensions ['colcon_meta']
[0.374s] Level 1:colcon.colcon_core.package_identification:_identify(src/extender_arduino) by extension 'colcon_meta'
[0.374s] Level 1:colcon.colcon_core.package_identification:_identify(src/extender_arduino) by extensions ['ros']
[0.374s] Level 1:colcon.colcon_core.package_identification:_identify(src/extender_arduino) by extension 'ros'
[0.376s] DEBUG:colcon.colcon_core.package_identification:Package 'src/extender_arduino' with type 'ros.ament_cmake' and name 'extender_arduino'
[0.376s] Level 1:colcon.colcon_core.package_identification:_identify(src/joy_tester) by extensions ['ignore', 'ignore_ament_install']
[0.376s] Level 1:colcon.colcon_core.package_identification:_identify(src/joy_tester) by extension 'ignore'
[0.376s] Level 1:colcon.colcon_core.package_identification:_identify(src/joy_tester) by extension 'ignore_ament_install'
[0.376s] Level 1:colcon.colcon_core.package_identification:_identify(src/joy_tester) by extensions ['colcon_pkg']
[0.376s] Level 1:colcon.colcon_core.package_identification:_identify(src/joy_tester) by extension 'colcon_pkg'
[0.376s] Level 1:colcon.colcon_core.package_identification:_identify(src/joy_tester) by extensions ['colcon_meta']
[0.376s] Level 1:colcon.colcon_core.package_identification:_identify(src/joy_tester) by extension 'colcon_meta'
[0.376s] Level 1:colcon.colcon_core.package_identification:_identify(src/joy_tester) by extensions ['ros']
[0.376s] Level 1:colcon.colcon_core.package_identification:_identify(src/joy_tester) by extension 'ros'
[0.378s] DEBUG:colcon.colcon_core.package_identification:Package 'src/joy_tester' with type 'ros.ament_python' and name 'joy_tester'
[0.378s] Level 1:colcon.colcon_core.package_identification:_identify(src/minibot) by extensions ['ignore', 'ignore_ament_install']
[0.378s] Level 1:colcon.colcon_core.package_identification:_identify(src/minibot) by extension 'ignore'
[0.378s] Level 1:colcon.colcon_core.package_identification:_identify(src/minibot) by extension 'ignore_ament_install'
[0.378s] Level 1:colcon.colcon_core.package_identification:_identify(src/minibot) by extensions ['colcon_pkg']
[0.378s] Level 1:colcon.colcon_core.package_identification:_identify(src/minibot) by extension 'colcon_pkg'
[0.378s] Level 1:colcon.colcon_core.package_identification:_identify(src/minibot) by extensions ['colcon_meta']
[0.378s] Level 1:colcon.colcon_core.package_identification:_identify(src/minibot) by extension 'colcon_meta'
[0.378s] Level 1:colcon.colcon_core.package_identification:_identify(src/minibot) by extensions ['ros']
[0.378s] Level 1:colcon.colcon_core.package_identification:_identify(src/minibot) by extension 'ros'
[0.379s] DEBUG:colcon.colcon_core.package_identification:Package 'src/minibot' with type 'ros.ament_cmake' and name 'minibot'
[0.379s] Level 1:colcon.colcon_core.package_identification:_identify(src/riley_ws) by extensions ['ignore', 'ignore_ament_install']
[0.379s] Level 1:colcon.colcon_core.package_identification:_identify(src/riley_ws) by extension 'ignore'
[0.380s] Level 1:colcon.colcon_core.package_identification:_identify(src/riley_ws) by extension 'ignore_ament_install'
[0.380s] Level 1:colcon.colcon_core.package_identification:_identify(src/riley_ws) by extensions ['colcon_pkg']
[0.380s] Level 1:colcon.colcon_core.package_identification:_identify(src/riley_ws) by extension 'colcon_pkg'
[0.380s] Level 1:colcon.colcon_core.package_identification:_identify(src/riley_ws) by extensions ['colcon_meta']
[0.380s] Level 1:colcon.colcon_core.package_identification:_identify(src/riley_ws) by extension 'colcon_meta'
[0.380s] Level 1:colcon.colcon_core.package_identification:_identify(src/riley_ws) by extensions ['ros']
[0.380s] Level 1:colcon.colcon_core.package_identification:_identify(src/riley_ws) by extension 'ros'
[0.380s] Level 1:colcon.colcon_core.package_identification:_identify(src/riley_ws) by extensions ['cmake', 'python']
[0.380s] Level 1:colcon.colcon_core.package_identification:_identify(src/riley_ws) by extension 'cmake'
[0.380s] Level 1:colcon.colcon_core.package_identification:_identify(src/riley_ws) by extension 'python'
[0.380s] Level 1:colcon.colcon_core.package_identification:_identify(src/riley_ws) by extensions ['python_setup_py']
[0.380s] Level 1:colcon.colcon_core.package_identification:_identify(src/riley_ws) by extension 'python_setup_py'
[0.380s] Level 1:colcon.colcon_core.package_identification:_identify(src/riley_ws/build) by extensions ['ignore', 'ignore_ament_install']
[0.380s] Level 1:colcon.colcon_core.package_identification:_identify(src/riley_ws/build) by extension 'ignore'
[0.380s] Level 1:colcon.colcon_core.package_identification:_identify(src/riley_ws/build) ignored
[0.381s] Level 1:colcon.colcon_core.package_identification:_identify(src/riley_ws/install) by extensions ['ignore', 'ignore_ament_install']
[0.381s] Level 1:colcon.colcon_core.package_identification:_identify(src/riley_ws/install) by extension 'ignore'
[0.381s] Level 1:colcon.colcon_core.package_identification:_identify(src/riley_ws/install) ignored
[0.381s] Level 1:colcon.colcon_core.package_identification:_identify(src/riley_ws/log) by extensions ['ignore', 'ignore_ament_install']
[0.381s] Level 1:colcon.colcon_core.package_identification:_identify(src/riley_ws/log) by extension 'ignore'
[0.381s] Level 1:colcon.colcon_core.package_identification:_identify(src/riley_ws/log) ignored
[0.381s] Level 1:colcon.colcon_core.package_identification:_identify(src/riley_ws/src) by extensions ['ignore', 'ignore_ament_install']
[0.381s] Level 1:colcon.colcon_core.package_identification:_identify(src/riley_ws/src) by extension 'ignore'
[0.381s] Level 1:colcon.colcon_core.package_identification:_identify(src/riley_ws/src) by extension 'ignore_ament_install'
[0.381s] Level 1:colcon.colcon_core.package_identification:_identify(src/riley_ws/src) by extensions ['colcon_pkg']
[0.381s] Level 1:colcon.colcon_core.package_identification:_identify(src/riley_ws/src) by extension 'colcon_pkg'
[0.381s] Level 1:colcon.colcon_core.package_identification:_identify(src/riley_ws/src) by extensions ['colcon_meta']
[0.381s] Level 1:colcon.colcon_core.package_identification:_identify(src/riley_ws/src) by extension 'colcon_meta'
[0.381s] Level 1:colcon.colcon_core.package_identification:_identify(src/riley_ws/src) by extensions ['ros']
[0.381s] Level 1:colcon.colcon_core.package_identification:_identify(src/riley_ws/src) by extension 'ros'
[0.382s] Level 1:colcon.colcon_core.package_identification:_identify(src/riley_ws/src) by extensions ['cmake', 'python']
[0.382s] Level 1:colcon.colcon_core.package_identification:_identify(src/riley_ws/src) by extension 'cmake'
[0.382s] Level 1:colcon.colcon_core.package_identification:_identify(src/riley_ws/src) by extension 'python'
[0.382s] Level 1:colcon.colcon_core.package_identification:_identify(src/riley_ws/src) by extensions ['python_setup_py']
[0.382s] Level 1:colcon.colcon_core.package_identification:_identify(src/riley_ws/src) by extension 'python_setup_py'
[0.382s] Level 1:colcon.colcon_core.package_identification:_identify(src/riley_ws/src/listener_package) by extensions ['ignore', 'ignore_ament_install']
[0.382s] Level 1:colcon.colcon_core.package_identification:_identify(src/riley_ws/src/listener_package) by extension 'ignore'
[0.382s] Level 1:colcon.colcon_core.package_identification:_identify(src/riley_ws/src/listener_package) by extension 'ignore_ament_install'
[0.382s] Level 1:colcon.colcon_core.package_identification:_identify(src/riley_ws/src/listener_package) by extensions ['colcon_pkg']
[0.382s] Level 1:colcon.colcon_core.package_identification:_identify(src/riley_ws/src/listener_package) by extension 'colcon_pkg'
[0.382s] Level 1:colcon.colcon_core.package_identification:_identify(src/riley_ws/src/listener_package) by extensions ['colcon_meta']
[0.382s] Level 1:colcon.colcon_core.package_identification:_identify(src/riley_ws/src/listener_package) by extension 'colcon_meta'
[0.382s] Level 1:colcon.colcon_core.package_identification:_identify(src/riley_ws/src/listener_package) by extensions ['ros']
[0.382s] Level 1:colcon.colcon_core.package_identification:_identify(src/riley_ws/src/listener_package) by extension 'ros'
[0.383s] DEBUG:colcon.colcon_core.package_identification:Package 'src/riley_ws/src/listener_package' with type 'ros.ament_python' and name 'listener_package'
[0.383s] Level 1:colcon.colcon_core.package_identification:_identify(src/riley_ws/src/my_package) by extensions ['ignore', 'ignore_ament_install']
[0.383s] Level 1:colcon.colcon_core.package_identification:_identify(src/riley_ws/src/my_package) by extension 'ignore'
[0.384s] Level 1:colcon.colcon_core.package_identification:_identify(src/riley_ws/src/my_package) by extension 'ignore_ament_install'
[0.384s] Level 1:colcon.colcon_core.package_identification:_identify(src/riley_ws/src/my_package) by extensions ['colcon_pkg']
[0.384s] Level 1:colcon.colcon_core.package_identification:_identify(src/riley_ws/src/my_package) by extension 'colcon_pkg'
[0.384s] Level 1:colcon.colcon_core.package_identification:_identify(src/riley_ws/src/my_package) by extensions ['colcon_meta']
[0.384s] Level 1:colcon.colcon_core.package_identification:_identify(src/riley_ws/src/my_package) by extension 'colcon_meta'
[0.384s] Level 1:colcon.colcon_core.package_identification:_identify(src/riley_ws/src/my_package) by extensions ['ros']
[0.384s] Level 1:colcon.colcon_core.package_identification:_identify(src/riley_ws/src/my_package) by extension 'ros'
[0.385s] DEBUG:colcon.colcon_core.package_identification:Package 'src/riley_ws/src/my_package' with type 'ros.ament_python' and name 'my_package'
[0.385s] Level 1:colcon.colcon_core.package_identification:_identify(src/serial) by extensions ['ignore', 'ignore_ament_install']
[0.385s] Level 1:colcon.colcon_core.package_identification:_identify(src/serial) by extension 'ignore'
[0.385s] Level 1:colcon.colcon_core.package_identification:_identify(src/serial) by extension 'ignore_ament_install'
[0.385s] Level 1:colcon.colcon_core.package_identification:_identify(src/serial) by extensions ['colcon_pkg']
[0.385s] Level 1:colcon.colcon_core.package_identification:_identify(src/serial) by extension 'colcon_pkg'
[0.385s] Level 1:colcon.colcon_core.package_identification:_identify(src/serial) by extensions ['colcon_meta']
[0.385s] Level 1:colcon.colcon_core.package_identification:_identify(src/serial) by extension 'colcon_meta'
[0.385s] Level 1:colcon.colcon_core.package_identification:_identify(src/serial) by extensions ['ros']
[0.385s] Level 1:colcon.colcon_core.package_identification:_identify(src/serial) by extension 'ros'
[0.386s] DEBUG:colcon.colcon_core.package_identification:Package 'src/serial' with type 'ros.ament_cmake' and name 'serial'
[0.386s] Level 1:colcon.colcon_core.package_identification:_identify(src/serial_motor_demo) by extensions ['ignore', 'ignore_ament_install']
[0.386s] Level 1:colcon.colcon_core.package_identification:_identify(src/serial_motor_demo) by extension 'ignore'
[0.386s] Level 1:colcon.colcon_core.package_identification:_identify(src/serial_motor_demo) by extension 'ignore_ament_install'
[0.387s] Level 1:colcon.colcon_core.package_identification:_identify(src/serial_motor_demo) by extensions ['colcon_pkg']
[0.387s] Level 1:colcon.colcon_core.package_identification:_identify(src/serial_motor_demo) by extension 'colcon_pkg'
[0.387s] Level 1:colcon.colcon_core.package_identification:_identify(src/serial_motor_demo) by extensions ['colcon_meta']
[0.387s] Level 1:colcon.colcon_core.package_identification:_identify(src/serial_motor_demo) by extension 'colcon_meta'
[0.387s] Level 1:colcon.colcon_core.package_identification:_identify(src/serial_motor_demo) by extensions ['ros']
[0.387s] Level 1:colcon.colcon_core.package_identification:_identify(src/serial_motor_demo) by extension 'ros'
[0.387s] Level 1:colcon.colcon_core.package_identification:_identify(src/serial_motor_demo) by extensions ['cmake', 'python']
[0.387s] Level 1:colcon.colcon_core.package_identification:_identify(src/serial_motor_demo) by extension 'cmake'
[0.387s] Level 1:colcon.colcon_core.package_identification:_identify(src/serial_motor_demo) by extension 'python'
[0.387s] Level 1:colcon.colcon_core.package_identification:_identify(src/serial_motor_demo) by extensions ['python_setup_py']
[0.387s] Level 1:colcon.colcon_core.package_identification:_identify(src/serial_motor_demo) by extension 'python_setup_py'
[0.387s] Level 1:colcon.colcon_core.package_identification:_identify(src/serial_motor_demo/serial_motor_demo) by extensions ['ignore', 'ignore_ament_install']
[0.387s] Level 1:colcon.colcon_core.package_identification:_identify(src/serial_motor_demo/serial_motor_demo) by extension 'ignore'
[0.387s] Level 1:colcon.colcon_core.package_identification:_identify(src/serial_motor_demo/serial_motor_demo) by extension 'ignore_ament_install'
[0.387s] Level 1:colcon.colcon_core.package_identification:_identify(src/serial_motor_demo/serial_motor_demo) by extensions ['colcon_pkg']
[0.387s] Level 1:colcon.colcon_core.package_identification:_identify(src/serial_motor_demo/serial_motor_demo) by extension 'colcon_pkg'
[0.387s] Level 1:colcon.colcon_core.package_identification:_identify(src/serial_motor_demo/serial_motor_demo) by extensions ['colcon_meta']
[0.387s] Level 1:colcon.colcon_core.package_identification:_identify(src/serial_motor_demo/serial_motor_demo) by extension 'colcon_meta'
[0.388s] Level 1:colcon.colcon_core.package_identification:_identify(src/serial_motor_demo/serial_motor_demo) by extensions ['ros']
[0.388s] Level 1:colcon.colcon_core.package_identification:_identify(src/serial_motor_demo/serial_motor_demo) by extension 'ros'
[0.389s] DEBUG:colcon.colcon_core.package_identification:Package 'src/serial_motor_demo/serial_motor_demo' with type 'ros.ament_python' and name 'serial_motor_demo'
[0.389s] Level 1:colcon.colcon_core.package_identification:_identify(src/serial_motor_demo/serial_motor_demo_msgs) by extensions ['ignore', 'ignore_ament_install']
[0.389s] Level 1:colcon.colcon_core.package_identification:_identify(src/serial_motor_demo/serial_motor_demo_msgs) by extension 'ignore'
[0.389s] Level 1:colcon.colcon_core.package_identification:_identify(src/serial_motor_demo/serial_motor_demo_msgs) by extension 'ignore_ament_install'
[0.389s] Level 1:colcon.colcon_core.package_identification:_identify(src/serial_motor_demo/serial_motor_demo_msgs) by extensions ['colcon_pkg']
[0.389s] Level 1:colcon.colcon_core.package_identification:_identify(src/serial_motor_demo/serial_motor_demo_msgs) by extension 'colcon_pkg'
[0.389s] Level 1:colcon.colcon_core.package_identification:_identify(src/serial_motor_demo/serial_motor_demo_msgs) by extensions ['colcon_meta']
[0.389s] Level 1:colcon.colcon_core.package_identification:_identify(src/serial_motor_demo/serial_motor_demo_msgs) by extension 'colcon_meta'
[0.389s] Level 1:colcon.colcon_core.package_identification:_identify(src/serial_motor_demo/serial_motor_demo_msgs) by extensions ['ros']
[0.389s] Level 1:colcon.colcon_core.package_identification:_identify(src/serial_motor_demo/serial_motor_demo_msgs) by extension 'ros'
[0.390s] DEBUG:colcon.colcon_core.package_identification:Package 'src/serial_motor_demo/serial_motor_demo_msgs' with type 'ros.ament_cmake' and name 'serial_motor_demo_msgs'
[0.390s] Level 1:colcon.colcon_core.package_identification:_identify(src/sllidar_ros2) by extensions ['ignore', 'ignore_ament_install']
[0.390s] Level 1:colcon.colcon_core.package_identification:_identify(src/sllidar_ros2) by extension 'ignore'
[0.390s] Level 1:colcon.colcon_core.package_identification:_identify(src/sllidar_ros2) by extension 'ignore_ament_install'
[0.390s] Level 1:colcon.colcon_core.package_identification:_identify(src/sllidar_ros2) by extensions ['colcon_pkg']
[0.390s] Level 1:colcon.colcon_core.package_identification:_identify(src/sllidar_ros2) by extension 'colcon_pkg'
[0.391s] Level 1:colcon.colcon_core.package_identification:_identify(src/sllidar_ros2) by extensions ['colcon_meta']
[0.391s] Level 1:colcon.colcon_core.package_identification:_identify(src/sllidar_ros2) by extension 'colcon_meta'
[0.391s] Level 1:colcon.colcon_core.package_identification:_identify(src/sllidar_ros2) by extensions ['ros']
[0.391s] Level 1:colcon.colcon_core.package_identification:_identify(src/sllidar_ros2) by extension 'ros'
[0.392s] DEBUG:colcon.colcon_core.package_identification:Package 'src/sllidar_ros2' with type 'ros.ament_cmake' and name 'sllidar_ros2'
[0.392s] Level 1:colcon.colcon_core.package_identification:_identify(src/twist_stamper) by extensions ['ignore', 'ignore_ament_install']
[0.392s] Level 1:colcon.colcon_core.package_identification:_identify(src/twist_stamper) by extension 'ignore'
[0.392s] Level 1:colcon.colcon_core.package_identification:_identify(src/twist_stamper) by extension 'ignore_ament_install'
[0.392s] Level 1:colcon.colcon_core.package_identification:_identify(src/twist_stamper) by extensions ['colcon_pkg']
[0.392s] Level 1:colcon.colcon_core.package_identification:_identify(src/twist_stamper) by extension 'colcon_pkg'
[0.392s] Level 1:colcon.colcon_core.package_identification:_identify(src/twist_stamper) by extensions ['colcon_meta']
[0.392s] Level 1:colcon.colcon_core.package_identification:_identify(src/twist_stamper) by extension 'colcon_meta'
[0.392s] Level 1:colcon.colcon_core.package_identification:_identify(src/twist_stamper) by extensions ['ros']
[0.392s] Level 1:colcon.colcon_core.package_identification:_identify(src/twist_stamper) by extension 'ros'
[0.393s] DEBUG:colcon.colcon_core.package_identification:Package 'src/twist_stamper' with type 'ros.ament_python' and name 'twist_stamper'
[0.393s] Level 1:colcon.colcon_core.package_discovery:discover_packages(recursive) using defaults
[0.393s] Level 1:colcon.colcon_core.package_discovery:discover_packages(ignore) discover
[0.393s] Level 1:colcon.colcon_core.package_discovery:discover_packages(ignore) using defaults
[0.393s] Level 1:colcon.colcon_core.package_discovery:discover_packages(path) discover
[0.393s] Level 1:colcon.colcon_core.package_discovery:discover_packages(path) using defaults
[0.434s] Level 1:colcon.colcon_core.package_discovery:discover_packages(prefix_path) check parameters
[0.434s] Level 1:colcon.colcon_core.package_discovery:discover_packages(prefix_path) discover
[0.440s] DEBUG:colcon.colcon_installed_package_information.package_discovery:Found 11 installed packages in /home/olympusolutions/senior_ws/install
[0.443s] DEBUG:colcon.colcon_installed_package_information.package_discovery:Found 424 installed packages in /opt/ros/jazzy
[0.447s] Level 1:colcon.colcon_core.package_discovery:discover_packages(prefix_path) using defaults
[0.537s] Level 5:colcon.colcon_core.verb:set package 'diffdrive_arduino' build argument 'cmake_args' from command line to 'None'
[0.537s] Level 5:colcon.colcon_core.verb:set package 'diffdrive_arduino' build argument 'cmake_target' from command line to 'None'
[0.538s] Level 5:colcon.colcon_core.verb:set package 'diffdrive_arduino' build argument 'cmake_target_skip_unavailable' from command line to 'False'
[0.538s] Level 5:colcon.colcon_core.verb:set package 'diffdrive_arduino' build argument 'cmake_clean_cache' from command line to 'False'
[0.538s] Level 5:colcon.colcon_core.verb:set package 'diffdrive_arduino' build argument 'cmake_clean_first' from command line to 'False'
[0.538s] Level 5:colcon.colcon_core.verb:set package 'diffdrive_arduino' build argument 'cmake_force_configure' from command line to 'False'
[0.538s] Level 5:colcon.colcon_core.verb:set package 'diffdrive_arduino' build argument 'ament_cmake_args' from command line to 'None'
[0.538s] Level 5:colcon.colcon_core.verb:set package 'diffdrive_arduino' build argument 'catkin_cmake_args' from command line to 'None'
[0.538s] Level 5:colcon.colcon_core.verb:set package 'diffdrive_arduino' build argument 'catkin_skip_building_tests' from command line to 'False'
[0.538s] DEBUG:colcon.colcon_core.verb:Building package 'diffdrive_arduino' with the following arguments: {'ament_cmake_args': None, 'build_base': '/home/olympusolutions/senior_ws/build/diffdrive_arduino', 'catkin_cmake_args': None, 'catkin_skip_building_tests': False, 'cmake_args': None, 'cmake_clean_cache': False, 'cmake_clean_first': False, 'cmake_force_configure': False, 'cmake_target': None, 'cmake_target_skip_unavailable': False, 'install_base': '/home/olympusolutions/senior_ws/install/diffdrive_arduino', 'merge_install': False, 'path': '/home/olympusolutions/senior_ws/src/diffdrive_arduino', 'symlink_install': False, 'test_result_base': None}
[0.538s] Level 5:colcon.colcon_core.verb:set package 'extender_arduino' build argument 'cmake_args' from command line to 'None'
[0.538s] Level 5:colcon.colcon_core.verb:set package 'extender_arduino' build argument 'cmake_target' from command line to 'None'
[0.538s] Level 5:colcon.colcon_core.verb:set package 'extender_arduino' build argument 'cmake_target_skip_unavailable' from command line to 'False'
[0.538s] Level 5:colcon.colcon_core.verb:set package 'extender_arduino' build argument 'cmake_clean_cache' from command line to 'False'
[0.538s] Level 5:colcon.colcon_core.verb:set package 'extender_arduino' build argument 'cmake_clean_first' from command line to 'False'
[0.538s] Level 5:colcon.colcon_core.verb:set package 'extender_arduino' build argument 'cmake_force_configure' from command line to 'False'
[0.538s] Level 5:colcon.colcon_core.verb:set package 'extender_arduino' build argument 'ament_cmake_args' from command line to 'None'
[0.538s] Level 5:colcon.colcon_core.verb:set package 'extender_arduino' build argument 'catkin_cmake_args' from command line to 'None'
[0.538s] Level 5:colcon.colcon_core.verb:set package 'extender_arduino' build argument 'catkin_skip_building_tests' from command line to 'False'
[0.538s] DEBUG:colcon.colcon_core.verb:Building package 'extender_arduino' with the following arguments: {'ament_cmake_args': None, 'build_base': '/home/olympusolutions/senior_ws/build/extender_arduino', 'catkin_cmake_args': None, 'catkin_skip_building_tests': False, 'cmake_args': None, 'cmake_clean_cache': False, 'cmake_clean_first': False, 'cmake_force_configure': False, 'cmake_target': None, 'cmake_target_skip_unavailable': False, 'install_base': '/home/olympusolutions/senior_ws/install/extender_arduino', 'merge_install': False, 'path': '/home/olympusolutions/senior_ws/src/extender_arduino', 'symlink_install': False, 'test_result_base': None}
[0.539s] Level 5:colcon.colcon_core.verb:set package 'joy_tester' build argument 'cmake_args' from command line to 'None'
[0.539s] Level 5:colcon.colcon_core.verb:set package 'joy_tester' build argument 'cmake_target' from command line to 'None'
[0.539s] Level 5:colcon.colcon_core.verb:set package 'joy_tester' build argument 'cmake_target_skip_unavailable' from command line to 'False'
[0.539s] Level 5:colcon.colcon_core.verb:set package 'joy_tester' build argument 'cmake_clean_cache' from command line to 'False'
[0.539s] Level 5:colcon.colcon_core.verb:set package 'joy_tester' build argument 'cmake_clean_first' from command line to 'False'
[0.539s] Level 5:colcon.colcon_core.verb:set package 'joy_tester' build argument 'cmake_force_configure' from command line to 'False'
[0.539s] Level 5:colcon.colcon_core.verb:set package 'joy_tester' build argument 'ament_cmake_args' from command line to 'None'
[0.539s] Level 5:colcon.colcon_core.verb:set package 'joy_tester' build argument 'catkin_cmake_args' from command line to 'None'
[0.539s] Level 5:colcon.colcon_core.verb:set package 'joy_tester' build argument 'catkin_skip_building_tests' from command line to 'False'
[0.539s] DEBUG:colcon.colcon_core.verb:Building package 'joy_tester' with the following arguments: {'ament_cmake_args': None, 'build_base': '/home/olympusolutions/senior_ws/build/joy_tester', 'catkin_cmake_args': None, 'catkin_skip_building_tests': False, 'cmake_args': None, 'cmake_clean_cache': False, 'cmake_clean_first': False, 'cmake_force_configure': False, 'cmake_target': None, 'cmake_target_skip_unavailable': False, 'install_base': '/home/olympusolutions/senior_ws/install/joy_tester', 'merge_install': False, 'path': '/home/olympusolutions/senior_ws/src/joy_tester', 'symlink_install': False, 'test_result_base': None}
[0.539s] Level 5:colcon.colcon_core.verb:set package 'listener_package' build argument 'cmake_args' from command line to 'None'
[0.540s] Level 5:colcon.colcon_core.verb:set package 'listener_package' build argument 'cmake_target' from command line to 'None'
[0.540s] Level 5:colcon.colcon_core.verb:set package 'listener_package' build argument 'cmake_target_skip_unavailable' from command line to 'False'
[0.540s] Level 5:colcon.colcon_core.verb:set package 'listener_package' build argument 'cmake_clean_cache' from command line to 'False'
[0.540s] Level 5:colcon.colcon_core.verb:set package 'listener_package' build argument 'cmake_clean_first' from command line to 'False'
[0.540s] Level 5:colcon.colcon_core.verb:set package 'listener_package' build argument 'cmake_force_configure' from command line to 'False'
[0.540s] Level 5:colcon.colcon_core.verb:set package 'listener_package' build argument 'ament_cmake_args' from command line to 'None'
[0.540s] Level 5:colcon.colcon_core.verb:set package 'listener_package' build argument 'catkin_cmake_args' from command line to 'None'
[0.540s] Level 5:colcon.colcon_core.verb:set package 'listener_package' build argument 'catkin_skip_building_tests' from command line to 'False'
[0.540s] DEBUG:colcon.colcon_core.verb:Building package 'listener_package' with the following arguments: {'ament_cmake_args': None, 'build_base': '/home/olympusolutions/senior_ws/build/listener_package', 'catkin_cmake_args': None, 'catkin_skip_building_tests': False, 'cmake_args': None, 'cmake_clean_cache': False, 'cmake_clean_first': False, 'cmake_force_configure': False, 'cmake_target': None, 'cmake_target_skip_unavailable': False, 'install_base': '/home/olympusolutions/senior_ws/install/listener_package', 'merge_install': False, 'path': '/home/olympusolutions/senior_ws/src/riley_ws/src/listener_package', 'symlink_install': False, 'test_result_base': None}
[0.540s] Level 5:colcon.colcon_core.verb:set package 'minibot' build argument 'cmake_args' from command line to 'None'
[0.540s] Level 5:colcon.colcon_core.verb:set package 'minibot' build argument 'cmake_target' from command line to 'None'
[0.540s] Level 5:colcon.colcon_core.verb:set package 'minibot' build argument 'cmake_target_skip_unavailable' from command line to 'False'
[0.540s] Level 5:colcon.colcon_core.verb:set package 'minibot' build argument 'cmake_clean_cache' from command line to 'False'
[0.540s] Level 5:colcon.colcon_core.verb:set package 'minibot' build argument 'cmake_clean_first' from command line to 'False'
[0.540s] Level 5:colcon.colcon_core.verb:set package 'minibot' build argument 'cmake_force_configure' from command line to 'False'
[0.540s] Level 5:colcon.colcon_core.verb:set package 'minibot' build argument 'ament_cmake_args' from command line to 'None'
[0.540s] Level 5:colcon.colcon_core.verb:set package 'minibot' build argument 'catkin_cmake_args' from command line to 'None'
[0.540s] Level 5:colcon.colcon_core.verb:set package 'minibot' build argument 'catkin_skip_building_tests' from command line to 'False'
[0.540s] DEBUG:colcon.colcon_core.verb:Building package 'minibot' with the following arguments: {'ament_cmake_args': None, 'build_base': '/home/olympusolutions/senior_ws/build/minibot', 'catkin_cmake_args': None, 'catkin_skip_building_tests': False, 'cmake_args': None, 'cmake_clean_cache': False, 'cmake_clean_first': False, 'cmake_force_configure': False, 'cmake_target': None, 'cmake_target_skip_unavailable': False, 'install_base': '/home/olympusolutions/senior_ws/install/minibot', 'merge_install': False, 'path': '/home/olympusolutions/senior_ws/src/minibot', 'symlink_install': False, 'test_result_base': None}
[0.541s] Level 5:colcon.colcon_core.verb:set package 'my_package' build argument 'cmake_args' from command line to 'None'
[0.541s] Level 5:colcon.colcon_core.verb:set package 'my_package' build argument 'cmake_target' from command line to 'None'
[0.541s] Level 5:colcon.colcon_core.verb:set package 'my_package' build argument 'cmake_target_skip_unavailable' from command line to 'False'
[0.541s] Level 5:colcon.colcon_core.verb:set package 'my_package' build argument 'cmake_clean_cache' from command line to 'False'
[0.541s] Level 5:colcon.colcon_core.verb:set package 'my_package' build argument 'cmake_clean_first' from command line to 'False'
[0.541s] Level 5:colcon.colcon_core.verb:set package 'my_package' build argument 'cmake_force_configure' from command line to 'False'
[0.541s] Level 5:colcon.colcon_core.verb:set package 'my_package' build argument 'ament_cmake_args' from command line to 'None'
[0.541s] Level 5:colcon.colcon_core.verb:set package 'my_package' build argument 'catkin_cmake_args' from command line to 'None'
[0.541s] Level 5:colcon.colcon_core.verb:set package 'my_package' build argument 'catkin_skip_building_tests' from command line to 'False'
[0.541s] DEBUG:colcon.colcon_core.verb:Building package 'my_package' with the following arguments: {'ament_cmake_args': None, 'build_base': '/home/olympusolutions/senior_ws/build/my_package', 'catkin_cmake_args': None, 'catkin_skip_building_tests': False, 'cmake_args': None, 'cmake_clean_cache': False, 'cmake_clean_first': False, 'cmake_force_configure': False, 'cmake_target': None, 'cmake_target_skip_unavailable': False, 'install_base': '/home/olympusolutions/senior_ws/install/my_package', 'merge_install': False, 'path': '/home/olympusolutions/senior_ws/src/riley_ws/src/my_package', 'symlink_install': False, 'test_result_base': None}
[0.541s] Level 5:colcon.colcon_core.verb:set package 'serial' build argument 'cmake_args' from command line to 'None'
[0.541s] Level 5:colcon.colcon_core.verb:set package 'serial' build argument 'cmake_target' from command line to 'None'
[0.541s] Level 5:colcon.colcon_core.verb:set package 'serial' build argument 'cmake_target_skip_unavailable' from command line to 'False'
[0.541s] Level 5:colcon.colcon_core.verb:set package 'serial' build argument 'cmake_clean_cache' from command line to 'False'
[0.541s] Level 5:colcon.colcon_core.verb:set package 'serial' build argument 'cmake_clean_first' from command line to 'False'
[0.541s] Level 5:colcon.colcon_core.verb:set package 'serial' build argument 'cmake_force_configure' from command line to 'False'
[0.541s] Level 5:colcon.colcon_core.verb:set package 'serial' build argument 'ament_cmake_args' from command line to 'None'
[0.541s] Level 5:colcon.colcon_core.verb:set package 'serial' build argument 'catkin_cmake_args' from command line to 'None'
[0.542s] Level 5:colcon.colcon_core.verb:set package 'serial' build argument 'catkin_skip_building_tests' from command line to 'False'
[0.542s] DEBUG:colcon.colcon_core.verb:Building package 'serial' with the following arguments: {'ament_cmake_args': None, 'build_base': '/home/olympusolutions/senior_ws/build/serial', 'catkin_cmake_args': None, 'catkin_skip_building_tests': False, 'cmake_args': None, 'cmake_clean_cache': False, 'cmake_clean_first': False, 'cmake_force_configure': False, 'cmake_target': None, 'cmake_target_skip_unavailable': False, 'install_base': '/home/olympusolutions/senior_ws/install/serial', 'merge_install': False, 'path': '/home/olympusolutions/senior_ws/src/serial', 'symlink_install': False, 'test_result_base': None}
[0.542s] Level 5:colcon.colcon_core.verb:set package 'serial_motor_demo_msgs' build argument 'cmake_args' from command line to 'None'
[0.542s] Level 5:colcon.colcon_core.verb:set package 'serial_motor_demo_msgs' build argument 'cmake_target' from command line to 'None'
[0.542s] Level 5:colcon.colcon_core.verb:set package 'serial_motor_demo_msgs' build argument 'cmake_target_skip_unavailable' from command line to 'False'
[0.542s] Level 5:colcon.colcon_core.verb:set package 'serial_motor_demo_msgs' build argument 'cmake_clean_cache' from command line to 'False'
[0.542s] Level 5:colcon.colcon_core.verb:set package 'serial_motor_demo_msgs' build argument 'cmake_clean_first' from command line to 'False'
[0.542s] Level 5:colcon.colcon_core.verb:set package 'serial_motor_demo_msgs' build argument 'cmake_force_configure' from command line to 'False'
[0.542s] Level 5:colcon.colcon_core.verb:set package 'serial_motor_demo_msgs' build argument 'ament_cmake_args' from command line to 'None'
[0.542s] Level 5:colcon.colcon_core.verb:set package 'serial_motor_demo_msgs' build argument 'catkin_cmake_args' from command line to 'None'
[0.542s] Level 5:colcon.colcon_core.verb:set package 'serial_motor_demo_msgs' build argument 'catkin_skip_building_tests' from command line to 'False'
[0.542s] DEBUG:colcon.colcon_core.verb:Building package 'serial_motor_demo_msgs' with the following arguments: {'ament_cmake_args': None, 'build_base': '/home/olympusolutions/senior_ws/build/serial_motor_demo_msgs', 'catkin_cmake_args': None, 'catkin_skip_building_tests': False, 'cmake_args': None, 'cmake_clean_cache': False, 'cmake_clean_first': False, 'cmake_force_configure': False, 'cmake_target': None, 'cmake_target_skip_unavailable': False, 'install_base': '/home/olympusolutions/senior_ws/install/serial_motor_demo_msgs', 'merge_install': False, 'path': '/home/olympusolutions/senior_ws/src/serial_motor_demo/serial_motor_demo_msgs', 'symlink_install': False, 'test_result_base': None}
[0.542s] Level 5:colcon.colcon_core.verb:set package 'sllidar_ros2' build argument 'cmake_args' from command line to 'None'
[0.542s] Level 5:colcon.colcon_core.verb:set package 'sllidar_ros2' build argument 'cmake_target' from command line to 'None'
[0.542s] Level 5:colcon.colcon_core.verb:set package 'sllidar_ros2' build argument 'cmake_target_skip_unavailable' from command line to 'False'
[0.542s] Level 5:colcon.colcon_core.verb:set package 'sllidar_ros2' build argument 'cmake_clean_cache' from command line to 'False'
[0.542s] Level 5:colcon.colcon_core.verb:set package 'sllidar_ros2' build argument 'cmake_clean_first' from command line to 'False'
[0.542s] Level 5:colcon.colcon_core.verb:set package 'sllidar_ros2' build argument 'cmake_force_configure' from command line to 'False'
[0.543s] Level 5:colcon.colcon_core.verb:set package 'sllidar_ros2' build argument 'ament_cmake_args' from command line to 'None'
[0.543s] Level 5:colcon.colcon_core.verb:set package 'sllidar_ros2' build argument 'catkin_cmake_args' from command line to 'None'
[0.543s] Level 5:colcon.colcon_core.verb:set package 'sllidar_ros2' build argument 'catkin_skip_building_tests' from command line to 'False'
[0.543s] DEBUG:colcon.colcon_core.verb:Building package 'sllidar_ros2' with the following arguments: {'ament_cmake_args': None, 'build_base': '/home/olympusolutions/senior_ws/build/sllidar_ros2', 'catkin_cmake_args': None, 'catkin_skip_building_tests': False, 'cmake_args': None, 'cmake_clean_cache': False, 'cmake_clean_first': False, 'cmake_force_configure': False, 'cmake_target': None, 'cmake_target_skip_unavailable': False, 'install_base': '/home/olympusolutions/senior_ws/install/sllidar_ros2', 'merge_install': False, 'path': '/home/olympusolutions/senior_ws/src/sllidar_ros2', 'symlink_install': False, 'test_result_base': None}
[0.543s] Level 5:colcon.colcon_core.verb:set package 'twist_stamper' build argument 'cmake_args' from command line to 'None'
[0.543s] Level 5:colcon.colcon_core.verb:set package 'twist_stamper' build argument 'cmake_target' from command line to 'None'
[0.543s] Level 5:colcon.colcon_core.verb:set package 'twist_stamper' build argument 'cmake_target_skip_unavailable' from command line to 'False'
[0.543s] Level 5:colcon.colcon_core.verb:set package 'twist_stamper' build argument 'cmake_clean_cache' from command line to 'False'
[0.543s] Level 5:colcon.colcon_core.verb:set package 'twist_stamper' build argument 'cmake_clean_first' from command line to 'False'
[0.543s] Level 5:colcon.colcon_core.verb:set package 'twist_stamper' build argument 'cmake_force_configure' from command line to 'False'
[0.543s] Level 5:colcon.colcon_core.verb:set package 'twist_stamper' build argument 'ament_cmake_args' from command line to 'None'
[0.543s] Level 5:colcon.colcon_core.verb:set package 'twist_stamper' build argument 'catkin_cmake_args' from command line to 'None'
[0.543s] Level 5:colcon.colcon_core.verb:set package 'twist_stamper' build argument 'catkin_skip_building_tests' from command line to 'False'
[0.543s] DEBUG:colcon.colcon_core.verb:Building package 'twist_stamper' with the following arguments: {'ament_cmake_args': None, 'build_base': '/home/olympusolutions/senior_ws/build/twist_stamper', 'catkin_cmake_args': None, 'catkin_skip_building_tests': False, 'cmake_args': None, 'cmake_clean_cache': False, 'cmake_clean_first': False, 'cmake_force_configure': False, 'cmake_target': None, 'cmake_target_skip_unavailable': False, 'install_base': '/home/olympusolutions/senior_ws/install/twist_stamper', 'merge_install': False, 'path': '/home/olympusolutions/senior_ws/src/twist_stamper', 'symlink_install': False, 'test_result_base': None}
[0.543s] Level 5:colcon.colcon_core.verb:set package 'serial_motor_demo' build argument 'cmake_args' from command line to 'None'
[0.543s] Level 5:colcon.colcon_core.verb:set package 'serial_motor_demo' build argument 'cmake_target' from command line to 'None'
[0.543s] Level 5:colcon.colcon_core.verb:set package 'serial_motor_demo' build argument 'cmake_target_skip_unavailable' from command line to 'False'
[0.543s] Level 5:colcon.colcon_core.verb:set package 'serial_motor_demo' build argument 'cmake_clean_cache' from command line to 'False'
[0.543s] Level 5:colcon.colcon_core.verb:set package 'serial_motor_demo' build argument 'cmake_clean_first' from command line to 'False'
[0.544s] Level 5:colcon.colcon_core.verb:set package 'serial_motor_demo' build argument 'cmake_force_configure' from command line to 'False'
[0.544s] Level 5:colcon.colcon_core.verb:set package 'serial_motor_demo' build argument 'ament_cmake_args' from command line to 'None'
[0.544s] Level 5:colcon.colcon_core.verb:set package 'serial_motor_demo' build argument 'catkin_cmake_args' from command line to 'None'
[0.544s] Level 5:colcon.colcon_core.verb:set package 'serial_motor_demo' build argument 'catkin_skip_building_tests' from command line to 'False'
[0.544s] DEBUG:colcon.colcon_core.verb:Building package 'serial_motor_demo' with the following arguments: {'ament_cmake_args': None, 'build_base': '/home/olympusolutions/senior_ws/build/serial_motor_demo', 'catkin_cmake_args': None, 'catkin_skip_building_tests': False, 'cmake_args': None, 'cmake_clean_cache': False, 'cmake_clean_first': False, 'cmake_force_configure': False, 'cmake_target': None, 'cmake_target_skip_unavailable': False, 'install_base': '/home/olympusolutions/senior_ws/install/serial_motor_demo', 'merge_install': False, 'path': '/home/olympusolutions/senior_ws/src/serial_motor_demo/serial_motor_demo', 'symlink_install': False, 'test_result_base': None}
[0.544s] INFO:colcon.colcon_core.executor:Executing jobs using 'parallel' executor
[0.545s] DEBUG:colcon.colcon_parallel_executor.executor.parallel:run_until_complete
[0.546s] INFO:colcon.colcon_ros.task.ament_cmake.build:Building ROS package in '/home/olympusolutions/senior_ws/src/serial_motor_demo/serial_motor_demo_msgs' with build type 'ament_cmake'
[0.547s] INFO:colcon.colcon_cmake.task.cmake.build:Building CMake package in '/home/olympusolutions/senior_ws/src/serial_motor_demo/serial_motor_demo_msgs'
[0.562s] INFO:colcon.colcon_core.plugin_system:Skipping extension 'colcon_core.shell.bat': Not used on non-Windows systems
[0.562s] INFO:colcon.colcon_core.shell:Skip shell extension 'powershell' for command environment: Not usable outside of PowerShell
[0.563s] DEBUG:colcon.colcon_core.shell:Skip shell extension 'dsv' for command environment
[0.570s] INFO:colcon.colcon_ros.task.ament_cmake.build:Building ROS package in '/home/olympusolutions/senior_ws/src/diffdrive_arduino' with build type 'ament_cmake'
[0.570s] INFO:colcon.colcon_cmake.task.cmake.build:Building CMake package in '/home/olympusolutions/senior_ws/src/diffdrive_arduino'
[0.571s] INFO:colcon.colcon_core.shell:Skip shell extension 'powershell' for command environment: Not usable outside of PowerShell
[0.571s] DEBUG:colcon.colcon_core.shell:Skip shell extension 'dsv' for command environment
[0.581s] INFO:colcon.colcon_ros.task.ament_cmake.build:Building ROS package in '/home/olympusolutions/senior_ws/src/extender_arduino' with build type 'ament_cmake'
[0.582s] INFO:colcon.colcon_cmake.task.cmake.build:Building CMake package in '/home/olympusolutions/senior_ws/src/extender_arduino'
[0.582s] INFO:colcon.colcon_core.shell:Skip shell extension 'powershell' for command environment: Not usable outside of PowerShell
[0.583s] DEBUG:colcon.colcon_core.shell:Skip shell extension 'dsv' for command environment
[0.593s] INFO:colcon.colcon_ros.task.ament_python.build:Building ROS package in '/home/olympusolutions/senior_ws/src/joy_tester' with build type 'ament_python'
[0.594s] Level 1:colcon.colcon_core.shell:create_environment_hook('joy_tester', 'ament_prefix_path')
[0.595s] INFO:colcon.colcon_core.shell:Creating environment hook '/home/olympusolutions/senior_ws/install/joy_tester/share/joy_tester/hook/ament_prefix_path.ps1'
[0.597s] INFO:colcon.colcon_core.shell:Creating environment descriptor '/home/olympusolutions/senior_ws/install/joy_tester/share/joy_tester/hook/ament_prefix_path.dsv'
[0.600s] INFO:colcon.colcon_core.shell:Creating environment hook '/home/olympusolutions/senior_ws/install/joy_tester/share/joy_tester/hook/ament_prefix_path.sh'
[0.607s] INFO:colcon.colcon_core.shell:Skip shell extension 'powershell' for command environment: Not usable outside of PowerShell
[0.607s] DEBUG:colcon.colcon_core.shell:Skip shell extension 'dsv' for command environment
[0.625s] DEBUG:colcon.colcon_core.event_handler.log_command:Invoking command in '/home/olympusolutions/senior_ws/build/serial_motor_demo_msgs': CMAKE_PREFIX_PATH=${CMAKE_PREFIX_PATH}:/home/olympusolutions/senior_ws/install/twist_stamper:/home/olympusolutions/senior_ws/install/serial_motor_demo:/home/olympusolutions/senior_ws/install/my_package:/home/olympusolutions/senior_ws/install/listener_package:/home/olympusolutions/senior_ws/install/joy_tester:/opt/ros/jazzy DEBUGINFOD_URLS=https://debuginfod.ubuntu.com /usr/bin/cmake --build /home/olympusolutions/senior_ws/build/serial_motor_demo_msgs -- -j4 -l4
[0.631s] DEBUG:colcon.colcon_core.event_handler.log_command:Invoking command in '/home/olympusolutions/senior_ws/build/diffdrive_arduino': CMAKE_PREFIX_PATH=${CMAKE_PREFIX_PATH}:/home/olympusolutions/senior_ws/install/twist_stamper:/home/olympusolutions/senior_ws/install/serial_motor_demo:/home/olympusolutions/senior_ws/install/my_package:/home/olympusolutions/senior_ws/install/listener_package:/home/olympusolutions/senior_ws/install/joy_tester:/opt/ros/jazzy DEBUGINFOD_URLS=https://debuginfod.ubuntu.com /usr/bin/cmake --build /home/olympusolutions/senior_ws/build/diffdrive_arduino -- -j4 -l4
[0.638s] DEBUG:colcon.colcon_core.event_handler.log_command:Invoking command in '/home/olympusolutions/senior_ws/build/extender_arduino': CMAKE_PREFIX_PATH=${CMAKE_PREFIX_PATH}:/home/olympusolutions/senior_ws/install/twist_stamper:/home/olympusolutions/senior_ws/install/serial_motor_demo:/home/olympusolutions/senior_ws/install/my_package:/home/olympusolutions/senior_ws/install/listener_package:/home/olympusolutions/senior_ws/install/joy_tester:/opt/ros/jazzy DEBUGINFOD_URLS=https://debuginfod.ubuntu.com /usr/bin/cmake --build /home/olympusolutions/senior_ws/build/extender_arduino -- -j4 -l4
[1.816s] INFO:colcon.colcon_core.task.python.build:Building Python package in '/home/olympusolutions/senior_ws/src/joy_tester'
[1.816s] INFO:colcon.colcon_core.shell:Skip shell extension 'powershell' for command environment: Not usable outside of PowerShell
[1.816s] DEBUG:colcon.colcon_core.shell:Skip shell extension 'dsv' for command environment
[1.832s] DEBUG:colcon.colcon_core.event_handler.log_command:Invoked command in '/home/olympusolutions/senior_ws/build/diffdrive_arduino' returned '0': CMAKE_PREFIX_PATH=${CMAKE_PREFIX_PATH}:/home/olympusolutions/senior_ws/install/twist_stamper:/home/olympusolutions/senior_ws/install/serial_motor_demo:/home/olympusolutions/senior_ws/install/my_package:/home/olympusolutions/senior_ws/install/listener_package:/home/olympusolutions/senior_ws/install/joy_tester:/opt/ros/jazzy DEBUGINFOD_URLS=https://debuginfod.ubuntu.com /usr/bin/cmake --build /home/olympusolutions/senior_ws/build/diffdrive_arduino -- -j4 -l4
[1.865s] DEBUG:colcon.colcon_core.event_handler.log_command:Invoking command in '/home/olympusolutions/senior_ws/build/diffdrive_arduino': CMAKE_PREFIX_PATH=${CMAKE_PREFIX_PATH}:/home/olympusolutions/senior_ws/install/twist_stamper:/home/olympusolutions/senior_ws/install/serial_motor_demo:/home/olympusolutions/senior_ws/install/my_package:/home/olympusolutions/senior_ws/install/listener_package:/home/olympusolutions/senior_ws/install/joy_tester:/opt/ros/jazzy DEBUGINFOD_URLS=https://debuginfod.ubuntu.com /usr/bin/cmake --install /home/olympusolutions/senior_ws/build/diffdrive_arduino
[1.877s] DEBUG:colcon.colcon_core.event_handler.log_command:Invoked command in '/home/olympusolutions/senior_ws/build/extender_arduino' returned '0': CMAKE_PREFIX_PATH=${CMAKE_PREFIX_PATH}:/home/olympusolutions/senior_ws/install/twist_stamper:/home/olympusolutions/senior_ws/install/serial_motor_demo:/home/olympusolutions/senior_ws/install/my_package:/home/olympusolutions/senior_ws/install/listener_package:/home/olympusolutions/senior_ws/install/joy_tester:/opt/ros/jazzy DEBUGINFOD_URLS=https://debuginfod.ubuntu.com /usr/bin/cmake --build /home/olympusolutions/senior_ws/build/extender_arduino -- -j4 -l4
[1.887s] DEBUG:colcon.colcon_core.event_handler.log_command:Invoking command in '/home/olympusolutions/senior_ws/build/extender_arduino': CMAKE_PREFIX_PATH=${CMAKE_PREFIX_PATH}:/home/olympusolutions/senior_ws/install/twist_stamper:/home/olympusolutions/senior_ws/install/serial_motor_demo:/home/olympusolutions/senior_ws/install/my_package:/home/olympusolutions/senior_ws/install/listener_package:/home/olympusolutions/senior_ws/install/joy_tester:/opt/ros/jazzy DEBUGINFOD_URLS=https://debuginfod.ubuntu.com /usr/bin/cmake --install /home/olympusolutions/senior_ws/build/extender_arduino
[1.944s] Level 1:colcon.colcon_core.environment:create_environment_scripts_only(diffdrive_arduino)
[1.949s] DEBUG:colcon.colcon_core.event_handler.log_command:Invoked command in '/home/olympusolutions/senior_ws/build/diffdrive_arduino' returned '0': CMAKE_PREFIX_PATH=${CMAKE_PREFIX_PATH}:/home/olympusolutions/senior_ws/install/twist_stamper:/home/olympusolutions/senior_ws/install/serial_motor_demo:/home/olympusolutions/senior_ws/install/my_package:/home/olympusolutions/senior_ws/install/listener_package:/home/olympusolutions/senior_ws/install/joy_tester:/opt/ros/jazzy DEBUGINFOD_URLS=https://debuginfod.ubuntu.com /usr/bin/cmake --install /home/olympusolutions/senior_ws/build/diffdrive_arduino
[1.987s] Level 1:colcon.colcon_core.environment:checking '/home/olympusolutions/senior_ws/install/diffdrive_arduino' for CMake module files
[1.988s] Level 1:colcon.colcon_core.environment:checking '/home/olympusolutions/senior_ws/install/diffdrive_arduino' for CMake config files
[1.988s] Level 1:colcon.colcon_core.shell:create_environment_hook('diffdrive_arduino', 'cmake_prefix_path')
[1.993s] INFO:colcon.colcon_core.shell:Creating environment hook '/home/olympusolutions/senior_ws/install/diffdrive_arduino/share/diffdrive_arduino/hook/cmake_prefix_path.ps1'
[1.994s] INFO:colcon.colcon_core.shell:Creating environment descriptor '/home/olympusolutions/senior_ws/install/diffdrive_arduino/share/diffdrive_arduino/hook/cmake_prefix_path.dsv'
[1.997s] INFO:colcon.colcon_core.shell:Creating environment hook '/home/olympusolutions/senior_ws/install/diffdrive_arduino/share/diffdrive_arduino/hook/cmake_prefix_path.sh'
[2.003s] Level 1:colcon.colcon_core.environment:checking '/home/olympusolutions/senior_ws/install/diffdrive_arduino/lib'
[2.004s] Level 1:colcon.colcon_core.shell:create_environment_hook('diffdrive_arduino', 'ld_library_path_lib')
[2.005s] INFO:colcon.colcon_core.shell:Creating environment hook '/home/olympusolutions/senior_ws/install/diffdrive_arduino/share/diffdrive_arduino/hook/ld_library_path_lib.ps1'
[2.008s] INFO:colcon.colcon_core.shell:Creating environment descriptor '/home/olympusolutions/senior_ws/install/diffdrive_arduino/share/diffdrive_arduino/hook/ld_library_path_lib.dsv'
[2.010s] INFO:colcon.colcon_core.shell:Creating environment hook '/home/olympusolutions/senior_ws/install/diffdrive_arduino/share/diffdrive_arduino/hook/ld_library_path_lib.sh'
[2.013s] Level 1:colcon.colcon_core.environment:checking '/home/olympusolutions/senior_ws/install/diffdrive_arduino/bin'
[2.013s] Level 1:colcon.colcon_core.environment:checking '/home/olympusolutions/senior_ws/install/diffdrive_arduino/lib/pkgconfig/diffdrive_arduino.pc'
[2.013s] Level 1:colcon.colcon_core.environment:checking '/home/olympusolutions/senior_ws/install/diffdrive_arduino/lib/python3.12/site-packages'
[2.015s] Level 1:colcon.colcon_core.environment:checking '/home/olympusolutions/senior_ws/install/diffdrive_arduino/bin'
[2.016s] INFO:colcon.colcon_core.shell:Creating package script '/home/olympusolutions/senior_ws/install/diffdrive_arduino/share/diffdrive_arduino/package.ps1'
[2.019s] INFO:colcon.colcon_core.shell:Creating package descriptor '/home/olympusolutions/senior_ws/install/diffdrive_arduino/share/diffdrive_arduino/package.dsv'
[2.024s] INFO:colcon.colcon_core.shell:Creating package script '/home/olympusolutions/senior_ws/install/diffdrive_arduino/share/diffdrive_arduino/package.sh'
[2.027s] INFO:colcon.colcon_core.shell:Creating package script '/home/olympusolutions/senior_ws/install/diffdrive_arduino/share/diffdrive_arduino/package.bash'
[2.032s] INFO:colcon.colcon_core.shell:Creating package script '/home/olympusolutions/senior_ws/install/diffdrive_arduino/share/diffdrive_arduino/package.zsh'
[2.035s] Level 1:colcon.colcon_core.environment:create_file_with_runtime_dependencies(/home/olympusolutions/senior_ws/install/diffdrive_arduino/share/colcon-core/packages/diffdrive_arduino)
[2.037s] Level 1:colcon.colcon_core.environment:create_environment_scripts_only(diffdrive_arduino)
[2.041s] Level 1:colcon.colcon_core.environment:checking '/home/olympusolutions/senior_ws/install/diffdrive_arduino' for CMake module files
[2.043s] Level 1:colcon.colcon_core.environment:checking '/home/olympusolutions/senior_ws/install/diffdrive_arduino' for CMake config files
[2.044s] Level 1:colcon.colcon_core.shell:create_environment_hook('diffdrive_arduino', 'cmake_prefix_path')
[2.046s] INFO:colcon.colcon_core.shell:Creating environment hook '/home/olympusolutions/senior_ws/install/diffdrive_arduino/share/diffdrive_arduino/hook/cmake_prefix_path.ps1'
[2.049s] INFO:colcon.colcon_core.shell:Creating environment descriptor '/home/olympusolutions/senior_ws/install/diffdrive_arduino/share/diffdrive_arduino/hook/cmake_prefix_path.dsv'
[2.051s] INFO:colcon.colcon_core.shell:Creating environment hook '/home/olympusolutions/senior_ws/install/diffdrive_arduino/share/diffdrive_arduino/hook/cmake_prefix_path.sh'
[2.056s] Level 1:colcon.colcon_core.environment:checking '/home/olympusolutions/senior_ws/install/diffdrive_arduino/lib'
[2.057s] Level 1:colcon.colcon_core.shell:create_environment_hook('diffdrive_arduino', 'ld_library_path_lib')
[2.059s] INFO:colcon.colcon_core.shell:Creating environment hook '/home/olympusolutions/senior_ws/install/diffdrive_arduino/share/diffdrive_arduino/hook/ld_library_path_lib.ps1'
[2.061s] INFO:colcon.colcon_core.shell:Creating environment descriptor '/home/olympusolutions/senior_ws/install/diffdrive_arduino/share/diffdrive_arduino/hook/ld_library_path_lib.dsv'
[2.067s] INFO:colcon.colcon_core.shell:Creating environment hook '/home/olympusolutions/senior_ws/install/diffdrive_arduino/share/diffdrive_arduino/hook/ld_library_path_lib.sh'
[2.077s] Level 1:colcon.colcon_core.environment:checking '/home/olympusolutions/senior_ws/install/diffdrive_arduino/bin'
[2.078s] Level 1:colcon.colcon_core.environment:checking '/home/olympusolutions/senior_ws/install/diffdrive_arduino/lib/pkgconfig/diffdrive_arduino.pc'
[2.078s] Level 1:colcon.colcon_core.environment:checking '/home/olympusolutions/senior_ws/install/diffdrive_arduino/lib/python3.12/site-packages'
[2.081s] Level 1:colcon.colcon_core.environment:checking '/home/olympusolutions/senior_ws/install/diffdrive_arduino/bin'
[2.085s] INFO:colcon.colcon_core.shell:Creating package script '/home/olympusolutions/senior_ws/install/diffdrive_arduino/share/diffdrive_arduino/package.ps1'
[2.090s] INFO:colcon.colcon_core.shell:Creating package descriptor '/home/olympusolutions/senior_ws/install/diffdrive_arduino/share/diffdrive_arduino/package.dsv'
[2.094s] INFO:colcon.colcon_core.shell:Creating package script '/home/olympusolutions/senior_ws/install/diffdrive_arduino/share/diffdrive_arduino/package.sh'
[2.098s] INFO:colcon.colcon_core.shell:Creating package script '/home/olympusolutions/senior_ws/install/diffdrive_arduino/share/diffdrive_arduino/package.bash'
[2.104s] INFO:colcon.colcon_core.shell:Creating package script '/home/olympusolutions/senior_ws/install/diffdrive_arduino/share/diffdrive_arduino/package.zsh'
[2.108s] Level 1:colcon.colcon_core.environment:create_file_with_runtime_dependencies(/home/olympusolutions/senior_ws/install/diffdrive_arduino/share/colcon-core/packages/diffdrive_arduino)
[2.112s] INFO:colcon.colcon_ros.task.ament_python.build:Building ROS package in '/home/olympusolutions/senior_ws/src/riley_ws/src/listener_package' with build type 'ament_python'
[2.113s] Level 1:colcon.colcon_core.shell:create_environment_hook('listener_package', 'ament_prefix_path')
[2.114s] INFO:colcon.colcon_core.shell:Creating environment hook '/home/olympusolutions/senior_ws/install/listener_package/share/listener_package/hook/ament_prefix_path.ps1'
[2.121s] INFO:colcon.colcon_core.shell:Creating environment descriptor '/home/olympusolutions/senior_ws/install/listener_package/share/listener_package/hook/ament_prefix_path.dsv'
[2.126s] INFO:colcon.colcon_core.shell:Creating environment hook '/home/olympusolutions/senior_ws/install/listener_package/share/listener_package/hook/ament_prefix_path.sh'
[2.129s] INFO:colcon.colcon_core.shell:Skip shell extension 'powershell' for command environment: Not usable outside of PowerShell
[2.130s] DEBUG:colcon.colcon_core.shell:Skip shell extension 'dsv' for command environment
[2.153s] Level 1:colcon.colcon_core.environment:create_environment_scripts_only(extender_arduino)
[2.155s] Level 1:colcon.colcon_core.environment:checking '/home/olympusolutions/senior_ws/install/extender_arduino' for CMake module files
[2.158s] DEBUG:colcon.colcon_core.event_handler.log_command:Invoked command in '/home/olympusolutions/senior_ws/build/extender_arduino' returned '0': CMAKE_PREFIX_PATH=${CMAKE_PREFIX_PATH}:/home/olympusolutions/senior_ws/install/twist_stamper:/home/olympusolutions/senior_ws/install/serial_motor_demo:/home/olympusolutions/senior_ws/install/my_package:/home/olympusolutions/senior_ws/install/listener_package:/home/olympusolutions/senior_ws/install/joy_tester:/opt/ros/jazzy DEBUGINFOD_URLS=https://debuginfod.ubuntu.com /usr/bin/cmake --install /home/olympusolutions/senior_ws/build/extender_arduino
[2.160s] Level 1:colcon.colcon_core.environment:checking '/home/olympusolutions/senior_ws/install/extender_arduino' for CMake config files
[2.161s] Level 1:colcon.colcon_core.shell:create_environment_hook('extender_arduino', 'cmake_prefix_path')
[2.162s] INFO:colcon.colcon_core.shell:Creating environment hook '/home/olympusolutions/senior_ws/install/extender_arduino/share/extender_arduino/hook/cmake_prefix_path.ps1'
[2.163s] INFO:colcon.colcon_core.shell:Creating environment descriptor '/home/olympusolutions/senior_ws/install/extender_arduino/share/extender_arduino/hook/cmake_prefix_path.dsv'
[2.164s] INFO:colcon.colcon_core.shell:Creating environment hook '/home/olympusolutions/senior_ws/install/extender_arduino/share/extender_arduino/hook/cmake_prefix_path.sh'
[2.165s] Level 1:colcon.colcon_core.environment:checking '/home/olympusolutions/senior_ws/install/extender_arduino/lib'
[2.165s] Level 1:colcon.colcon_core.shell:create_environment_hook('extender_arduino', 'ld_library_path_lib')
[2.166s] INFO:colcon.colcon_core.shell:Creating environment hook '/home/olympusolutions/senior_ws/install/extender_arduino/share/extender_arduino/hook/ld_library_path_lib.ps1'
[2.168s] INFO:colcon.colcon_core.shell:Creating environment descriptor '/home/olympusolutions/senior_ws/install/extender_arduino/share/extender_arduino/hook/ld_library_path_lib.dsv'
[2.170s] INFO:colcon.colcon_core.shell:Creating environment hook '/home/olympusolutions/senior_ws/install/extender_arduino/share/extender_arduino/hook/ld_library_path_lib.sh'
[2.171s] Level 1:colcon.colcon_core.environment:checking '/home/olympusolutions/senior_ws/install/extender_arduino/bin'
[2.171s] Level 1:colcon.colcon_core.environment:checking '/home/olympusolutions/senior_ws/install/extender_arduino/lib/pkgconfig/extender_arduino.pc'
[2.171s] Level 1:colcon.colcon_core.environment:checking '/home/olympusolutions/senior_ws/install/extender_arduino/lib/python3.12/site-packages'
[2.171s] Level 1:colcon.colcon_core.environment:checking '/home/olympusolutions/senior_ws/install/extender_arduino/bin'
[2.172s] INFO:colcon.colcon_core.shell:Creating package script '/home/olympusolutions/senior_ws/install/extender_arduino/share/extender_arduino/package.ps1'
[2.176s] INFO:colcon.colcon_core.shell:Creating package descriptor '/home/olympusolutions/senior_ws/install/extender_arduino/share/extender_arduino/package.dsv'
[2.178s] INFO:colcon.colcon_core.shell:Creating package script '/home/olympusolutions/senior_ws/install/extender_arduino/share/extender_arduino/package.sh'
[2.181s] INFO:colcon.colcon_core.shell:Creating package script '/home/olympusolutions/senior_ws/install/extender_arduino/share/extender_arduino/package.bash'
[2.182s] INFO:colcon.colcon_core.shell:Creating package script '/home/olympusolutions/senior_ws/install/extender_arduino/share/extender_arduino/package.zsh'
[2.184s] Level 1:colcon.colcon_core.environment:create_file_with_runtime_dependencies(/home/olympusolutions/senior_ws/install/extender_arduino/share/colcon-core/packages/extender_arduino)
[2.188s] Level 1:colcon.colcon_core.environment:create_environment_scripts_only(extender_arduino)
[2.188s] Level 1:colcon.colcon_core.environment:checking '/home/olympusolutions/senior_ws/install/extender_arduino' for CMake module files
[2.190s] Level 1:colcon.colcon_core.environment:checking '/home/olympusolutions/senior_ws/install/extender_arduino' for CMake config files
[2.190s] Level 1:colcon.colcon_core.shell:create_environment_hook('extender_arduino', 'cmake_prefix_path')
[2.191s] INFO:colcon.colcon_core.shell:Creating environment hook '/home/olympusolutions/senior_ws/install/extender_arduino/share/extender_arduino/hook/cmake_prefix_path.ps1'
[2.191s] INFO:colcon.colcon_core.shell:Creating environment descriptor '/home/olympusolutions/senior_ws/install/extender_arduino/share/extender_arduino/hook/cmake_prefix_path.dsv'
[2.192s] INFO:colcon.colcon_core.shell:Creating environment hook '/home/olympusolutions/senior_ws/install/extender_arduino/share/extender_arduino/hook/cmake_prefix_path.sh'
[2.193s] Level 1:colcon.colcon_core.environment:checking '/home/olympusolutions/senior_ws/install/extender_arduino/lib'
[2.193s] Level 1:colcon.colcon_core.shell:create_environment_hook('extender_arduino', 'ld_library_path_lib')
[2.194s] INFO:colcon.colcon_core.shell:Creating environment hook '/home/olympusolutions/senior_ws/install/extender_arduino/share/extender_arduino/hook/ld_library_path_lib.ps1'
[2.194s] INFO:colcon.colcon_core.shell:Creating environment descriptor '/home/olympusolutions/senior_ws/install/extender_arduino/share/extender_arduino/hook/ld_library_path_lib.dsv'
[2.195s] INFO:colcon.colcon_core.shell:Creating environment hook '/home/olympusolutions/senior_ws/install/extender_arduino/share/extender_arduino/hook/ld_library_path_lib.sh'
[2.196s] Level 1:colcon.colcon_core.environment:checking '/home/olympusolutions/senior_ws/install/extender_arduino/bin'
[2.196s] Level 1:colcon.colcon_core.environment:checking '/home/olympusolutions/senior_ws/install/extender_arduino/lib/pkgconfig/extender_arduino.pc'
[2.197s] Level 1:colcon.colcon_core.environment:checking '/home/olympusolutions/senior_ws/install/extender_arduino/lib/python3.12/site-packages'
[2.197s] Level 1:colcon.colcon_core.environment:checking '/home/olympusolutions/senior_ws/install/extender_arduino/bin'
[2.198s] INFO:colcon.colcon_core.shell:Creating package script '/home/olympusolutions/senior_ws/install/extender_arduino/share/extender_arduino/package.ps1'
[2.199s] INFO:colcon.colcon_core.shell:Creating package descriptor '/home/olympusolutions/senior_ws/install/extender_arduino/share/extender_arduino/package.dsv'
[2.200s] INFO:colcon.colcon_core.shell:Creating package script '/home/olympusolutions/senior_ws/install/extender_arduino/share/extender_arduino/package.sh'
[2.201s] INFO:colcon.colcon_core.shell:Creating package script '/home/olympusolutions/senior_ws/install/extender_arduino/share/extender_arduino/package.bash'
[2.202s] INFO:colcon.colcon_core.shell:Creating package script '/home/olympusolutions/senior_ws/install/extender_arduino/share/extender_arduino/package.zsh'
[2.206s] Level 1:colcon.colcon_core.environment:create_file_with_runtime_dependencies(/home/olympusolutions/senior_ws/install/extender_arduino/share/colcon-core/packages/extender_arduino)
[2.213s] INFO:colcon.colcon_ros.task.ament_cmake.build:Building ROS package in '/home/olympusolutions/senior_ws/src/minibot' with build type 'ament_cmake'
[2.213s] INFO:colcon.colcon_cmake.task.cmake.build:Building CMake package in '/home/olympusolutions/senior_ws/src/minibot'
[2.213s] INFO:colcon.colcon_core.shell:Skip shell extension 'powershell' for command environment: Not usable outside of PowerShell
[2.213s] DEBUG:colcon.colcon_core.shell:Skip shell extension 'dsv' for command environment
[2.851s] INFO:colcon.colcon_core.task.python.build:Building Python package in '/home/olympusolutions/senior_ws/src/riley_ws/src/listener_package'
[2.852s] INFO:colcon.colcon_core.shell:Skip shell extension 'powershell' for command environment: Not usable outside of PowerShell
[2.852s] DEBUG:colcon.colcon_core.shell:Skip shell extension 'dsv' for command environment
[2.870s] DEBUG:colcon.colcon_core.event_handler.log_command:Invoking command in '/home/olympusolutions/senior_ws/build/minibot': CMAKE_PREFIX_PATH=${CMAKE_PREFIX_PATH}:/home/olympusolutions/senior_ws/install/twist_stamper:/home/olympusolutions/senior_ws/install/serial_motor_demo:/home/olympusolutions/senior_ws/install/my_package:/home/olympusolutions/senior_ws/install/listener_package:/home/olympusolutions/senior_ws/install/joy_tester:/opt/ros/jazzy DEBUGINFOD_URLS=https://debuginfod.ubuntu.com /usr/bin/cmake --build /home/olympusolutions/senior_ws/build/minibot -- -j4 -l4
[2.876s] DEBUG:colcon.colcon_core.event_handler.log_command:Invoked command in '/home/olympusolutions/senior_ws/build/serial_motor_demo_msgs' returned '0': CMAKE_PREFIX_PATH=${CMAKE_PREFIX_PATH}:/home/olympusolutions/senior_ws/install/twist_stamper:/home/olympusolutions/senior_ws/install/serial_motor_demo:/home/olympusolutions/senior_ws/install/my_package:/home/olympusolutions/senior_ws/install/listener_package:/home/olympusolutions/senior_ws/install/joy_tester:/opt/ros/jazzy DEBUGINFOD_URLS=https://debuginfod.ubuntu.com /usr/bin/cmake --build /home/olympusolutions/senior_ws/build/serial_motor_demo_msgs -- -j4 -l4
[2.880s] DEBUG:colcon.colcon_core.event_handler.log_command:Invoking command in '/home/olympusolutions/senior_ws/build/serial_motor_demo_msgs': CMAKE_PREFIX_PATH=${CMAKE_PREFIX_PATH}:/home/olympusolutions/senior_ws/install/twist_stamper:/home/olympusolutions/senior_ws/install/serial_motor_demo:/home/olympusolutions/senior_ws/install/my_package:/home/olympusolutions/senior_ws/install/listener_package:/home/olympusolutions/senior_ws/install/joy_tester:/opt/ros/jazzy DEBUGINFOD_URLS=https://debuginfod.ubuntu.com /usr/bin/cmake --install /home/olympusolutions/senior_ws/build/serial_motor_demo_msgs
[3.310s] DEBUG:colcon.colcon_core.event_handler.log_command:Invoked command in '/home/olympusolutions/senior_ws/build/minibot' returned '0': CMAKE_PREFIX_PATH=${CMAKE_PREFIX_PATH}:/home/olympusolutions/senior_ws/install/twist_stamper:/home/olympusolutions/senior_ws/install/serial_motor_demo:/home/olympusolutions/senior_ws/install/my_package:/home/olympusolutions/senior_ws/install/listener_package:/home/olympusolutions/senior_ws/install/joy_tester:/opt/ros/jazzy DEBUGINFOD_URLS=https://debuginfod.ubuntu.com /usr/bin/cmake --build /home/olympusolutions/senior_ws/build/minibot -- -j4 -l4
[3.315s] DEBUG:colcon.colcon_core.event_handler.log_command:Invoking command in '/home/olympusolutions/senior_ws/build/minibot': CMAKE_PREFIX_PATH=${CMAKE_PREFIX_PATH}:/home/olympusolutions/senior_ws/install/twist_stamper:/home/olympusolutions/senior_ws/install/serial_motor_demo:/home/olympusolutions/senior_ws/install/my_package:/home/olympusolutions/senior_ws/install/listener_package:/home/olympusolutions/senior_ws/install/joy_tester:/opt/ros/jazzy DEBUGINFOD_URLS=https://debuginfod.ubuntu.com /usr/bin/cmake --install /home/olympusolutions/senior_ws/build/minibot
[3.365s] Level 1:colcon.colcon_core.environment:create_environment_scripts_only(minibot)
[3.365s] Level 1:colcon.colcon_core.environment:checking '/home/olympusolutions/senior_ws/install/minibot' for CMake module files
[3.366s] Level 1:colcon.colcon_core.environment:checking '/home/olympusolutions/senior_ws/install/minibot' for CMake config files
[3.367s] Level 1:colcon.colcon_core.shell:create_environment_hook('minibot', 'cmake_prefix_path')
[3.367s] INFO:colcon.colcon_core.shell:Creating environment hook '/home/olympusolutions/senior_ws/install/minibot/share/minibot/hook/cmake_prefix_path.ps1'
[3.373s] INFO:colcon.colcon_core.shell:Creating environment descriptor '/home/olympusolutions/senior_ws/install/minibot/share/minibot/hook/cmake_prefix_path.dsv'
[3.377s] INFO:colcon.colcon_core.shell:Creating environment hook '/home/olympusolutions/senior_ws/install/minibot/share/minibot/hook/cmake_prefix_path.sh'
[3.387s] Level 1:colcon.colcon_core.environment:checking '/home/olympusolutions/senior_ws/install/minibot/lib'
[3.387s] Level 1:colcon.colcon_core.environment:checking '/home/olympusolutions/senior_ws/install/minibot/bin'
[3.388s] Level 1:colcon.colcon_core.environment:checking '/home/olympusolutions/senior_ws/install/minibot/lib/pkgconfig/minibot.pc'
[3.388s] Level 1:colcon.colcon_core.environment:checking '/home/olympusolutions/senior_ws/install/minibot/lib/python3.12/site-packages'
[3.389s] Level 1:colcon.colcon_core.environment:checking '/home/olympusolutions/senior_ws/install/minibot/bin'
[3.389s] INFO:colcon.colcon_core.shell:Creating package script '/home/olympusolutions/senior_ws/install/minibot/share/minibot/package.ps1'
[3.395s] INFO:colcon.colcon_core.shell:Creating package descriptor '/home/olympusolutions/senior_ws/install/minibot/share/minibot/package.dsv'
[3.400s] INFO:colcon.colcon_core.shell:Creating package script '/home/olympusolutions/senior_ws/install/minibot/share/minibot/package.sh'
[3.407s] DEBUG:colcon.colcon_core.event_handler.log_command:Invoked command in '/home/olympusolutions/senior_ws/build/minibot' returned '0': CMAKE_PREFIX_PATH=${CMAKE_PREFIX_PATH}:/home/olympusolutions/senior_ws/install/twist_stamper:/home/olympusolutions/senior_ws/install/serial_motor_demo:/home/olympusolutions/senior_ws/install/my_package:/home/olympusolutions/senior_ws/install/listener_package:/home/olympusolutions/senior_ws/install/joy_tester:/opt/ros/jazzy DEBUGINFOD_URLS=https://debuginfod.ubuntu.com /usr/bin/cmake --install /home/olympusolutions/senior_ws/build/minibot
[3.407s] INFO:colcon.colcon_core.shell:Creating package script '/home/olympusolutions/senior_ws/install/minibot/share/minibot/package.bash'
[3.408s] INFO:colcon.colcon_core.shell:Creating package script '/home/olympusolutions/senior_ws/install/minibot/share/minibot/package.zsh'
[3.409s] Level 1:colcon.colcon_core.environment:create_file_with_runtime_dependencies(/home/olympusolutions/senior_ws/install/minibot/share/colcon-core/packages/minibot)
[3.414s] Level 1:colcon.colcon_core.environment:create_environment_scripts_only(minibot)
[3.414s] Level 1:colcon.colcon_core.environment:checking '/home/olympusolutions/senior_ws/install/minibot' for CMake module files
[3.417s] Level 1:colcon.colcon_core.environment:checking '/home/olympusolutions/senior_ws/install/minibot' for CMake config files
[3.424s] Level 1:colcon.colcon_core.shell:create_environment_hook('minibot', 'cmake_prefix_path')
[3.425s] INFO:colcon.colcon_core.shell:Creating environment hook '/home/olympusolutions/senior_ws/install/minibot/share/minibot/hook/cmake_prefix_path.ps1'
[3.433s] INFO:colcon.colcon_core.shell:Creating environment descriptor '/home/olympusolutions/senior_ws/install/minibot/share/minibot/hook/cmake_prefix_path.dsv'
[3.435s] INFO:colcon.colcon_core.shell:Creating environment hook '/home/olympusolutions/senior_ws/install/minibot/share/minibot/hook/cmake_prefix_path.sh'
[3.439s] Level 1:colcon.colcon_core.environment:checking '/home/olympusolutions/senior_ws/install/minibot/lib'
[3.442s] Level 1:colcon.colcon_core.environment:checking '/home/olympusolutions/senior_ws/install/minibot/bin'
[3.442s] Level 1:colcon.colcon_core.environment:checking '/home/olympusolutions/senior_ws/install/minibot/lib/pkgconfig/minibot.pc'
[3.442s] Level 1:colcon.colcon_core.environment:checking '/home/olympusolutions/senior_ws/install/minibot/lib/python3.12/site-packages'
[3.442s] Level 1:colcon.colcon_core.environment:checking '/home/olympusolutions/senior_ws/install/minibot/bin'
[3.443s] INFO:colcon.colcon_core.shell:Creating package script '/home/olympusolutions/senior_ws/install/minibot/share/minibot/package.ps1'
[3.451s] INFO:colcon.colcon_core.shell:Creating package descriptor '/home/olympusolutions/senior_ws/install/minibot/share/minibot/package.dsv'
[3.462s] INFO:colcon.colcon_core.shell:Creating package script '/home/olympusolutions/senior_ws/install/minibot/share/minibot/package.sh'
[3.466s] INFO:colcon.colcon_core.shell:Creating package script '/home/olympusolutions/senior_ws/install/minibot/share/minibot/package.bash'
[3.476s] INFO:colcon.colcon_core.shell:Creating package script '/home/olympusolutions/senior_ws/install/minibot/share/minibot/package.zsh'
[3.478s] Level 1:colcon.colcon_core.environment:create_file_with_runtime_dependencies(/home/olympusolutions/senior_ws/install/minibot/share/colcon-core/packages/minibot)
[3.480s] Level 1:colcon.colcon_core.environment:create_environment_scripts_only(serial_motor_demo_msgs)
[3.481s] Level 1:colcon.colcon_core.environment:checking '/home/olympusolutions/senior_ws/install/serial_motor_demo_msgs' for CMake module files
[3.488s] Level 1:colcon.colcon_core.environment:checking '/home/olympusolutions/senior_ws/install/serial_motor_demo_msgs' for CMake config files
[3.489s] Level 1:colcon.colcon_core.shell:create_environment_hook('serial_motor_demo_msgs', 'cmake_prefix_path')
[3.483s] DEBUG:colcon.colcon_core.event_handler.log_command:Invoked command in '/home/olympusolutions/senior_ws/build/serial_motor_demo_msgs' returned '0': CMAKE_PREFIX_PATH=${CMAKE_PREFIX_PATH}:/home/olympusolutions/senior_ws/install/twist_stamper:/home/olympusolutions/senior_ws/install/serial_motor_demo:/home/olympusolutions/senior_ws/install/my_package:/home/olympusolutions/senior_ws/install/listener_package:/home/olympusolutions/senior_ws/install/joy_tester:/opt/ros/jazzy DEBUGINFOD_URLS=https://debuginfod.ubuntu.com /usr/bin/cmake --install /home/olympusolutions/senior_ws/build/serial_motor_demo_msgs
[3.496s] INFO:colcon.colcon_core.shell:Creating environment hook '/home/olympusolutions/senior_ws/install/serial_motor_demo_msgs/share/serial_motor_demo_msgs/hook/cmake_prefix_path.ps1'
[3.499s] INFO:colcon.colcon_core.shell:Creating environment descriptor '/home/olympusolutions/senior_ws/install/serial_motor_demo_msgs/share/serial_motor_demo_msgs/hook/cmake_prefix_path.dsv'
[3.504s] INFO:colcon.colcon_core.shell:Creating environment hook '/home/olympusolutions/senior_ws/install/serial_motor_demo_msgs/share/serial_motor_demo_msgs/hook/cmake_prefix_path.sh'
[3.508s] Level 1:colcon.colcon_core.environment:checking '/home/olympusolutions/senior_ws/install/serial_motor_demo_msgs/lib'
[3.512s] Level 1:colcon.colcon_core.shell:create_environment_hook('serial_motor_demo_msgs', 'ld_library_path_lib')
[3.513s] INFO:colcon.colcon_core.shell:Creating environment hook '/home/olympusolutions/senior_ws/install/serial_motor_demo_msgs/share/serial_motor_demo_msgs/hook/ld_library_path_lib.ps1'
[3.519s] INFO:colcon.colcon_core.shell:Creating environment descriptor '/home/olympusolutions/senior_ws/install/serial_motor_demo_msgs/share/serial_motor_demo_msgs/hook/ld_library_path_lib.dsv'
[3.527s] INFO:colcon.colcon_core.shell:Creating environment hook '/home/olympusolutions/senior_ws/install/serial_motor_demo_msgs/share/serial_motor_demo_msgs/hook/ld_library_path_lib.sh'
[3.533s] Level 1:colcon.colcon_core.environment:checking '/home/olympusolutions/senior_ws/install/serial_motor_demo_msgs/bin'
[3.533s] Level 1:colcon.colcon_core.environment:checking '/home/olympusolutions/senior_ws/install/serial_motor_demo_msgs/lib/pkgconfig/serial_motor_demo_msgs.pc'
[3.542s] Level 1:colcon.colcon_core.environment:checking '/home/olympusolutions/senior_ws/install/serial_motor_demo_msgs/lib/python3.12/site-packages'
[3.552s] Level 1:colcon.colcon_core.shell:create_environment_hook('serial_motor_demo_msgs', 'pythonpath')
[3.553s] INFO:colcon.colcon_core.shell:Creating environment hook '/home/olympusolutions/senior_ws/install/serial_motor_demo_msgs/share/serial_motor_demo_msgs/hook/pythonpath.ps1'
[3.567s] INFO:colcon.colcon_core.shell:Creating environment descriptor '/home/olympusolutions/senior_ws/install/serial_motor_demo_msgs/share/serial_motor_demo_msgs/hook/pythonpath.dsv'
[3.568s] INFO:colcon.colcon_core.shell:Creating environment hook '/home/olympusolutions/senior_ws/install/serial_motor_demo_msgs/share/serial_motor_demo_msgs/hook/pythonpath.sh'
[3.578s] Level 1:colcon.colcon_core.environment:checking '/home/olympusolutions/senior_ws/install/serial_motor_demo_msgs/bin'
[3.582s] INFO:colcon.colcon_core.shell:Creating package script '/home/olympusolutions/senior_ws/install/serial_motor_demo_msgs/share/serial_motor_demo_msgs/package.ps1'
[3.589s] INFO:colcon.colcon_core.shell:Creating package descriptor '/home/olympusolutions/senior_ws/install/serial_motor_demo_msgs/share/serial_motor_demo_msgs/package.dsv'
[3.596s] INFO:colcon.colcon_core.shell:Creating package script '/home/olympusolutions/senior_ws/install/serial_motor_demo_msgs/share/serial_motor_demo_msgs/package.sh'
[3.599s] INFO:colcon.colcon_core.shell:Creating package script '/home/olympusolutions/senior_ws/install/serial_motor_demo_msgs/share/serial_motor_demo_msgs/package.bash'
[3.605s] INFO:colcon.colcon_core.shell:Creating package script '/home/olympusolutions/senior_ws/install/serial_motor_demo_msgs/share/serial_motor_demo_msgs/package.zsh'
[3.611s] Level 1:colcon.colcon_core.environment:create_file_with_runtime_dependencies(/home/olympusolutions/senior_ws/install/serial_motor_demo_msgs/share/colcon-core/packages/serial_motor_demo_msgs)
[3.615s] Level 1:colcon.colcon_core.environment:create_environment_scripts_only(serial_motor_demo_msgs)
[3.617s] Level 1:colcon.colcon_core.environment:checking '/home/olympusolutions/senior_ws/install/serial_motor_demo_msgs' for CMake module files
[3.622s] Level 1:colcon.colcon_core.environment:checking '/home/olympusolutions/senior_ws/install/serial_motor_demo_msgs' for CMake config files
[3.623s] Level 1:colcon.colcon_core.shell:create_environment_hook('serial_motor_demo_msgs', 'cmake_prefix_path')
[3.627s] INFO:colcon.colcon_core.shell:Creating environment hook '/home/olympusolutions/senior_ws/install/serial_motor_demo_msgs/share/serial_motor_demo_msgs/hook/cmake_prefix_path.ps1'
[3.635s] INFO:colcon.colcon_core.shell:Creating environment descriptor '/home/olympusolutions/senior_ws/install/serial_motor_demo_msgs/share/serial_motor_demo_msgs/hook/cmake_prefix_path.dsv'
[3.638s] INFO:colcon.colcon_core.shell:Creating environment hook '/home/olympusolutions/senior_ws/install/serial_motor_demo_msgs/share/serial_motor_demo_msgs/hook/cmake_prefix_path.sh'
[3.646s] Level 1:colcon.colcon_core.environment:checking '/home/olympusolutions/senior_ws/install/serial_motor_demo_msgs/lib'
[3.646s] Level 1:colcon.colcon_core.shell:create_environment_hook('serial_motor_demo_msgs', 'ld_library_path_lib')
[3.650s] INFO:colcon.colcon_core.shell:Creating environment hook '/home/olympusolutions/senior_ws/install/serial_motor_demo_msgs/share/serial_motor_demo_msgs/hook/ld_library_path_lib.ps1'
[3.657s] INFO:colcon.colcon_core.shell:Creating environment descriptor '/home/olympusolutions/senior_ws/install/serial_motor_demo_msgs/share/serial_motor_demo_msgs/hook/ld_library_path_lib.dsv'
[3.661s] INFO:colcon.colcon_core.shell:Creating environment hook '/home/olympusolutions/senior_ws/install/serial_motor_demo_msgs/share/serial_motor_demo_msgs/hook/ld_library_path_lib.sh'
[3.671s] Level 1:colcon.colcon_core.environment:checking '/home/olympusolutions/senior_ws/install/serial_motor_demo_msgs/bin'
[3.672s] Level 1:colcon.colcon_core.environment:checking '/home/olympusolutions/senior_ws/install/serial_motor_demo_msgs/lib/pkgconfig/serial_motor_demo_msgs.pc'
[3.679s] Level 1:colcon.colcon_core.environment:checking '/home/olympusolutions/senior_ws/install/serial_motor_demo_msgs/lib/python3.12/site-packages'
[3.679s] Level 1:colcon.colcon_core.shell:create_environment_hook('serial_motor_demo_msgs', 'pythonpath')
[3.680s] INFO:colcon.colcon_core.shell:Creating environment hook '/home/olympusolutions/senior_ws/install/serial_motor_demo_msgs/share/serial_motor_demo_msgs/hook/pythonpath.ps1'
[3.693s] INFO:colcon.colcon_core.shell:Creating environment descriptor '/home/olympusolutions/senior_ws/install/serial_motor_demo_msgs/share/serial_motor_demo_msgs/hook/pythonpath.dsv'
[3.707s] INFO:colcon.colcon_core.shell:Creating environment hook '/home/olympusolutions/senior_ws/install/serial_motor_demo_msgs/share/serial_motor_demo_msgs/hook/pythonpath.sh'
[3.721s] Level 1:colcon.colcon_core.environment:checking '/home/olympusolutions/senior_ws/install/serial_motor_demo_msgs/bin'
[3.732s] INFO:colcon.colcon_core.shell:Creating package script '/home/olympusolutions/senior_ws/install/serial_motor_demo_msgs/share/serial_motor_demo_msgs/package.ps1'
[3.741s] INFO:colcon.colcon_core.shell:Creating package descriptor '/home/olympusolutions/senior_ws/install/serial_motor_demo_msgs/share/serial_motor_demo_msgs/package.dsv'
[3.757s] INFO:colcon.colcon_core.shell:Creating package script '/home/olympusolutions/senior_ws/install/serial_motor_demo_msgs/share/serial_motor_demo_msgs/package.sh'
[3.766s] INFO:colcon.colcon_core.shell:Creating package script '/home/olympusolutions/senior_ws/install/serial_motor_demo_msgs/share/serial_motor_demo_msgs/package.bash'
[3.778s] INFO:colcon.colcon_core.shell:Creating package script '/home/olympusolutions/senior_ws/install/serial_motor_demo_msgs/share/serial_motor_demo_msgs/package.zsh'
[3.789s] Level 1:colcon.colcon_core.environment:create_file_with_runtime_dependencies(/home/olympusolutions/senior_ws/install/serial_motor_demo_msgs/share/colcon-core/packages/serial_motor_demo_msgs)
[3.796s] INFO:colcon.colcon_ros.task.ament_python.build:Building ROS package in '/home/olympusolutions/senior_ws/src/riley_ws/src/my_package' with build type 'ament_python'
[3.796s] Level 1:colcon.colcon_core.shell:create_environment_hook('my_package', 'ament_prefix_path')
[3.800s] INFO:colcon.colcon_core.shell:Creating environment hook '/home/olympusolutions/senior_ws/install/my_package/share/my_package/hook/ament_prefix_path.ps1'
[3.823s] INFO:colcon.colcon_core.shell:Creating environment descriptor '/home/olympusolutions/senior_ws/install/my_package/share/my_package/hook/ament_prefix_path.dsv'
[3.830s] INFO:colcon.colcon_core.shell:Creating environment hook '/home/olympusolutions/senior_ws/install/my_package/share/my_package/hook/ament_prefix_path.sh'
[3.845s] INFO:colcon.colcon_core.shell:Skip shell extension 'powershell' for command environment: Not usable outside of PowerShell
[3.846s] DEBUG:colcon.colcon_core.shell:Skip shell extension 'dsv' for command environment
[3.937s] INFO:colcon.colcon_ros.task.ament_cmake.build:Building ROS package in '/home/olympusolutions/senior_ws/src/serial' with build type 'ament_cmake'
[3.938s] INFO:colcon.colcon_cmake.task.cmake.build:Building CMake package in '/home/olympusolutions/senior_ws/src/serial'
[3.939s] INFO:colcon.colcon_core.shell:Skip shell extension 'powershell' for command environment: Not usable outside of PowerShell
[3.941s] DEBUG:colcon.colcon_core.shell:Skip shell extension 'dsv' for command environment
[5.483s] INFO:colcon.colcon_core.task.python.build:Building Python package in '/home/olympusolutions/senior_ws/src/riley_ws/src/my_package'
[5.484s] INFO:colcon.colcon_core.shell:Skip shell extension 'powershell' for command environment: Not usable outside of PowerShell
[5.484s] DEBUG:colcon.colcon_core.shell:Skip shell extension 'dsv' for command environment
[5.511s] DEBUG:colcon.colcon_core.event_handler.log_command:Invoking command in '/home/olympusolutions/senior_ws/build/serial': CMAKE_PREFIX_PATH=${CMAKE_PREFIX_PATH}:/home/olympusolutions/senior_ws/install/twist_stamper:/home/olympusolutions/senior_ws/install/serial_motor_demo:/home/olympusolutions/senior_ws/install/my_package:/home/olympusolutions/senior_ws/install/listener_package:/home/olympusolutions/senior_ws/install/joy_tester:/opt/ros/jazzy DEBUGINFOD_URLS=https://debuginfod.ubuntu.com /usr/bin/cmake --build /home/olympusolutions/senior_ws/build/serial -- -j4 -l4
[6.326s] DEBUG:colcon.colcon_core.event_handler.log_command:Invoking command in '/home/olympusolutions/senior_ws/src/riley_ws/src/listener_package': DEBUGINFOD_URLS=https://debuginfod.ubuntu.com PYTHONPATH=/home/olympusolutions/senior_ws/build/listener_package/prefix_override:/usr/lib/python3/dist-packages/colcon_core/task/python/colcon_distutils_commands:/home/olympusolutions/senior_ws/install/listener_package/lib/python3.12/site-packages:${PYTHONPATH} /usr/bin/python3 -W ignore:setup.py install is deprecated -W ignore:easy_install command is deprecated setup.py egg_info --egg-base ../../../../build/listener_package build --build-base /home/olympusolutions/senior_ws/build/listener_package/build install --record /home/olympusolutions/senior_ws/build/listener_package/install.log --single-version-externally-managed install_data
[6.609s] DEBUG:colcon.colcon_core.event_handler.log_command:Invoked command in '/home/olympusolutions/senior_ws/build/serial' returned '0': CMAKE_PREFIX_PATH=${CMAKE_PREFIX_PATH}:/home/olympusolutions/senior_ws/install/twist_stamper:/home/olympusolutions/senior_ws/install/serial_motor_demo:/home/olympusolutions/senior_ws/install/my_package:/home/olympusolutions/senior_ws/install/listener_package:/home/olympusolutions/senior_ws/install/joy_tester:/opt/ros/jazzy DEBUGINFOD_URLS=https://debuginfod.ubuntu.com /usr/bin/cmake --build /home/olympusolutions/senior_ws/build/serial -- -j4 -l4
[6.618s] DEBUG:colcon.colcon_core.event_handler.log_command:Invoking command in '/home/olympusolutions/senior_ws/build/serial': CMAKE_PREFIX_PATH=${CMAKE_PREFIX_PATH}:/home/olympusolutions/senior_ws/install/twist_stamper:/home/olympusolutions/senior_ws/install/serial_motor_demo:/home/olympusolutions/senior_ws/install/my_package:/home/olympusolutions/senior_ws/install/listener_package:/home/olympusolutions/senior_ws/install/joy_tester:/opt/ros/jazzy DEBUGINFOD_URLS=https://debuginfod.ubuntu.com /usr/bin/cmake --install /home/olympusolutions/senior_ws/build/serial
[6.842s] DEBUG:colcon.colcon_core.event_handler.log_command:Invoking command in '/home/olympusolutions/senior_ws/src/joy_tester': DEBUGINFOD_URLS=https://debuginfod.ubuntu.com PYTHONPATH=/home/olympusolutions/senior_ws/build/joy_tester/prefix_override:/usr/lib/python3/dist-packages/colcon_core/task/python/colcon_distutils_commands:/home/olympusolutions/senior_ws/install/joy_tester/lib/python3.12/site-packages:${PYTHONPATH} /usr/bin/python3 -W ignore:setup.py install is deprecated -W ignore:easy_install command is deprecated setup.py egg_info --egg-base ../../build/joy_tester build --build-base /home/olympusolutions/senior_ws/build/joy_tester/build install --record /home/olympusolutions/senior_ws/build/joy_tester/install.log --single-version-externally-managed install_data
[6.854s] Level 1:colcon.colcon_core.environment:create_environment_scripts_only(serial)
[6.858s] Level 1:colcon.colcon_core.environment:checking '/home/olympusolutions/senior_ws/install/serial' for CMake module files
[6.859s] DEBUG:colcon.colcon_core.event_handler.log_command:Invoked command in '/home/olympusolutions/senior_ws/build/serial' returned '0': CMAKE_PREFIX_PATH=${CMAKE_PREFIX_PATH}:/home/olympusolutions/senior_ws/install/twist_stamper:/home/olympusolutions/senior_ws/install/serial_motor_demo:/home/olympusolutions/senior_ws/install/my_package:/home/olympusolutions/senior_ws/install/listener_package:/home/olympusolutions/senior_ws/install/joy_tester:/opt/ros/jazzy DEBUGINFOD_URLS=https://debuginfod.ubuntu.com /usr/bin/cmake --install /home/olympusolutions/senior_ws/build/serial
[6.862s] Level 1:colcon.colcon_core.environment:checking '/home/olympusolutions/senior_ws/install/serial' for CMake config files
[6.865s] Level 1:colcon.colcon_core.shell:create_environment_hook('serial', 'cmake_prefix_path')
[6.866s] INFO:colcon.colcon_core.shell:Creating environment hook '/home/olympusolutions/senior_ws/install/serial/share/serial/hook/cmake_prefix_path.ps1'
[6.867s] INFO:colcon.colcon_core.shell:Creating environment descriptor '/home/olympusolutions/senior_ws/install/serial/share/serial/hook/cmake_prefix_path.dsv'
[6.873s] INFO:colcon.colcon_core.shell:Creating environment hook '/home/olympusolutions/senior_ws/install/serial/share/serial/hook/cmake_prefix_path.sh'
[6.881s] Level 1:colcon.colcon_core.environment:checking '/home/olympusolutions/senior_ws/install/serial/lib'
[6.882s] Level 1:colcon.colcon_core.environment:checking '/home/olympusolutions/senior_ws/install/serial/bin'
[6.884s] Level 1:colcon.colcon_core.environment:checking '/home/olympusolutions/senior_ws/install/serial/lib/pkgconfig/serial.pc'
[6.885s] Level 1:colcon.colcon_core.environment:checking '/home/olympusolutions/senior_ws/install/serial/lib/python3.12/site-packages'
[6.891s] Level 1:colcon.colcon_core.environment:checking '/home/olympusolutions/senior_ws/install/serial/bin'
[6.892s] INFO:colcon.colcon_core.shell:Creating package script '/home/olympusolutions/senior_ws/install/serial/share/serial/package.ps1'
[6.896s] INFO:colcon.colcon_core.shell:Creating package descriptor '/home/olympusolutions/senior_ws/install/serial/share/serial/package.dsv'
[6.898s] INFO:colcon.colcon_core.shell:Creating package script '/home/olympusolutions/senior_ws/install/serial/share/serial/package.sh'
[6.916s] INFO:colcon.colcon_core.shell:Creating package script '/home/olympusolutions/senior_ws/install/serial/share/serial/package.bash'
[6.925s] INFO:colcon.colcon_core.shell:Creating package script '/home/olympusolutions/senior_ws/install/serial/share/serial/package.zsh'
[6.937s] Level 1:colcon.colcon_core.environment:create_file_with_runtime_dependencies(/home/olympusolutions/senior_ws/install/serial/share/colcon-core/packages/serial)
[6.941s] Level 1:colcon.colcon_core.environment:create_environment_scripts_only(serial)
[6.946s] Level 1:colcon.colcon_core.environment:checking '/home/olympusolutions/senior_ws/install/serial' for CMake module files
[6.952s] Level 1:colcon.colcon_core.environment:checking '/home/olympusolutions/senior_ws/install/serial' for CMake config files
[6.953s] Level 1:colcon.colcon_core.shell:create_environment_hook('serial', 'cmake_prefix_path')
[6.956s] INFO:colcon.colcon_core.shell:Creating environment hook '/home/olympusolutions/senior_ws/install/serial/share/serial/hook/cmake_prefix_path.ps1'
[6.961s] INFO:colcon.colcon_core.shell:Creating environment descriptor '/home/olympusolutions/senior_ws/install/serial/share/serial/hook/cmake_prefix_path.dsv'
[6.973s] INFO:colcon.colcon_core.shell:Creating environment hook '/home/olympusolutions/senior_ws/install/serial/share/serial/hook/cmake_prefix_path.sh'
[6.992s] Level 1:colcon.colcon_core.environment:checking '/home/olympusolutions/senior_ws/install/serial/lib'
[6.992s] Level 1:colcon.colcon_core.environment:checking '/home/olympusolutions/senior_ws/install/serial/bin'
[6.992s] Level 1:colcon.colcon_core.environment:checking '/home/olympusolutions/senior_ws/install/serial/lib/pkgconfig/serial.pc'
[6.993s] Level 1:colcon.colcon_core.environment:checking '/home/olympusolutions/senior_ws/install/serial/lib/python3.12/site-packages'
[6.993s] Level 1:colcon.colcon_core.environment:checking '/home/olympusolutions/senior_ws/install/serial/bin'
[7.000s] INFO:colcon.colcon_core.shell:Creating package script '/home/olympusolutions/senior_ws/install/serial/share/serial/package.ps1'
[7.004s] INFO:colcon.colcon_core.shell:Creating package descriptor '/home/olympusolutions/senior_ws/install/serial/share/serial/package.dsv'
[7.017s] INFO:colcon.colcon_core.shell:Creating package script '/home/olympusolutions/senior_ws/install/serial/share/serial/package.sh'
[7.033s] INFO:colcon.colcon_core.shell:Creating package script '/home/olympusolutions/senior_ws/install/serial/share/serial/package.bash'
[7.051s] INFO:colcon.colcon_core.shell:Creating package script '/home/olympusolutions/senior_ws/install/serial/share/serial/package.zsh'
[7.065s] Level 1:colcon.colcon_core.environment:create_file_with_runtime_dependencies(/home/olympusolutions/senior_ws/install/serial/share/colcon-core/packages/serial)
[7.072s] INFO:colcon.colcon_ros.task.ament_cmake.build:Building ROS package in '/home/olympusolutions/senior_ws/src/sllidar_ros2' with build type 'ament_cmake'
[7.078s] INFO:colcon.colcon_cmake.task.cmake.build:Building CMake package in '/home/olympusolutions/senior_ws/src/sllidar_ros2'
[7.080s] INFO:colcon.colcon_core.shell:Skip shell extension 'powershell' for command environment: Not usable outside of PowerShell
[7.081s] DEBUG:colcon.colcon_core.shell:Skip shell extension 'dsv' for command environment
[7.262s] DEBUG:colcon.colcon_core.event_handler.log_command:Invoking command in '/home/olympusolutions/senior_ws/build/sllidar_ros2': CMAKE_PREFIX_PATH=${CMAKE_PREFIX_PATH}:/home/olympusolutions/senior_ws/install/twist_stamper:/home/olympusolutions/senior_ws/install/serial_motor_demo:/home/olympusolutions/senior_ws/install/my_package:/home/olympusolutions/senior_ws/install/listener_package:/home/olympusolutions/senior_ws/install/joy_tester:/opt/ros/jazzy DEBUGINFOD_URLS=https://debuginfod.ubuntu.com /usr/bin/cmake --build /home/olympusolutions/senior_ws/build/sllidar_ros2 -- -j4 -l4
[7.882s] DEBUG:colcon.colcon_core.event_handler.log_command:Invoked command in '/home/olympusolutions/senior_ws/build/sllidar_ros2' returned '0': CMAKE_PREFIX_PATH=${CMAKE_PREFIX_PATH}:/home/olympusolutions/senior_ws/install/twist_stamper:/home/olympusolutions/senior_ws/install/serial_motor_demo:/home/olympusolutions/senior_ws/install/my_package:/home/olympusolutions/senior_ws/install/listener_package:/home/olympusolutions/senior_ws/install/joy_tester:/opt/ros/jazzy DEBUGINFOD_URLS=https://debuginfod.ubuntu.com /usr/bin/cmake --build /home/olympusolutions/senior_ws/build/sllidar_ros2 -- -j4 -l4
[7.896s] DEBUG:colcon.colcon_core.event_handler.log_command:Invoking command in '/home/olympusolutions/senior_ws/build/sllidar_ros2': CMAKE_PREFIX_PATH=${CMAKE_PREFIX_PATH}:/home/olympusolutions/senior_ws/install/twist_stamper:/home/olympusolutions/senior_ws/install/serial_motor_demo:/home/olympusolutions/senior_ws/install/my_package:/home/olympusolutions/senior_ws/install/listener_package:/home/olympusolutions/senior_ws/install/joy_tester:/opt/ros/jazzy DEBUGINFOD_URLS=https://debuginfod.ubuntu.com /usr/bin/cmake --install /home/olympusolutions/senior_ws/build/sllidar_ros2
[8.046s] Level 1:colcon.colcon_core.environment:create_environment_scripts_only(sllidar_ros2)
[8.046s] Level 1:colcon.colcon_core.environment:checking '/home/olympusolutions/senior_ws/install/sllidar_ros2' for CMake module files
[8.061s] DEBUG:colcon.colcon_core.event_handler.log_command:Invoked command in '/home/olympusolutions/senior_ws/build/sllidar_ros2' returned '0': CMAKE_PREFIX_PATH=${CMAKE_PREFIX_PATH}:/home/olympusolutions/senior_ws/install/twist_stamper:/home/olympusolutions/senior_ws/install/serial_motor_demo:/home/olympusolutions/senior_ws/install/my_package:/home/olympusolutions/senior_ws/install/listener_package:/home/olympusolutions/senior_ws/install/joy_tester:/opt/ros/jazzy DEBUGINFOD_URLS=https://debuginfod.ubuntu.com /usr/bin/cmake --install /home/olympusolutions/senior_ws/build/sllidar_ros2
[8.062s] Level 1:colcon.colcon_core.environment:checking '/home/olympusolutions/senior_ws/install/sllidar_ros2' for CMake config files
[8.063s] Level 1:colcon.colcon_core.shell:create_environment_hook('sllidar_ros2', 'cmake_prefix_path')
[8.066s] INFO:colcon.colcon_core.shell:Creating environment hook '/home/olympusolutions/senior_ws/install/sllidar_ros2/share/sllidar_ros2/hook/cmake_prefix_path.ps1'
[8.073s] INFO:colcon.colcon_core.shell:Creating environment descriptor '/home/olympusolutions/senior_ws/install/sllidar_ros2/share/sllidar_ros2/hook/cmake_prefix_path.dsv'
[8.083s] INFO:colcon.colcon_core.shell:Creating environment hook '/home/olympusolutions/senior_ws/install/sllidar_ros2/share/sllidar_ros2/hook/cmake_prefix_path.sh'
[8.090s] Level 1:colcon.colcon_core.environment:checking '/home/olympusolutions/senior_ws/install/sllidar_ros2/lib'
[8.090s] Level 1:colcon.colcon_core.environment:checking '/home/olympusolutions/senior_ws/install/sllidar_ros2/bin'
[8.090s] Level 1:colcon.colcon_core.environment:checking '/home/olympusolutions/senior_ws/install/sllidar_ros2/lib/pkgconfig/sllidar_ros2.pc'
[8.091s] Level 1:colcon.colcon_core.environment:checking '/home/olympusolutions/senior_ws/install/sllidar_ros2/lib/python3.12/site-packages'
[8.091s] Level 1:colcon.colcon_core.environment:checking '/home/olympusolutions/senior_ws/install/sllidar_ros2/bin'
[8.092s] INFO:colcon.colcon_core.shell:Creating package script '/home/olympusolutions/senior_ws/install/sllidar_ros2/share/sllidar_ros2/package.ps1'
[8.094s] INFO:colcon.colcon_core.shell:Creating package descriptor '/home/olympusolutions/senior_ws/install/sllidar_ros2/share/sllidar_ros2/package.dsv'
[8.095s] INFO:colcon.colcon_core.shell:Creating package script '/home/olympusolutions/senior_ws/install/sllidar_ros2/share/sllidar_ros2/package.sh'
[8.097s] INFO:colcon.colcon_core.shell:Creating package script '/home/olympusolutions/senior_ws/install/sllidar_ros2/share/sllidar_ros2/package.bash'
[8.098s] INFO:colcon.colcon_core.shell:Creating package script '/home/olympusolutions/senior_ws/install/sllidar_ros2/share/sllidar_ros2/package.zsh'
[8.099s] Level 1:colcon.colcon_core.environment:create_file_with_runtime_dependencies(/home/olympusolutions/senior_ws/install/sllidar_ros2/share/colcon-core/packages/sllidar_ros2)
[8.102s] Level 1:colcon.colcon_core.environment:create_environment_scripts_only(sllidar_ros2)
[8.103s] Level 1:colcon.colcon_core.environment:checking '/home/olympusolutions/senior_ws/install/sllidar_ros2' for CMake module files
[8.104s] Level 1:colcon.colcon_core.environment:checking '/home/olympusolutions/senior_ws/install/sllidar_ros2' for CMake config files
[8.105s] Level 1:colcon.colcon_core.shell:create_environment_hook('sllidar_ros2', 'cmake_prefix_path')
[8.105s] INFO:colcon.colcon_core.shell:Creating environment hook '/home/olympusolutions/senior_ws/install/sllidar_ros2/share/sllidar_ros2/hook/cmake_prefix_path.ps1'
[8.110s] INFO:colcon.colcon_core.shell:Creating environment descriptor '/home/olympusolutions/senior_ws/install/sllidar_ros2/share/sllidar_ros2/hook/cmake_prefix_path.dsv'
[8.112s] INFO:colcon.colcon_core.shell:Creating environment hook '/home/olympusolutions/senior_ws/install/sllidar_ros2/share/sllidar_ros2/hook/cmake_prefix_path.sh'
[8.113s] Level 1:colcon.colcon_core.environment:checking '/home/olympusolutions/senior_ws/install/sllidar_ros2/lib'
[8.114s] Level 1:colcon.colcon_core.environment:checking '/home/olympusolutions/senior_ws/install/sllidar_ros2/bin'
[8.114s] Level 1:colcon.colcon_core.environment:checking '/home/olympusolutions/senior_ws/install/sllidar_ros2/lib/pkgconfig/sllidar_ros2.pc'
[8.114s] Level 1:colcon.colcon_core.environment:checking '/home/olympusolutions/senior_ws/install/sllidar_ros2/lib/python3.12/site-packages'
[8.115s] Level 1:colcon.colcon_core.environment:checking '/home/olympusolutions/senior_ws/install/sllidar_ros2/bin'
[8.116s] INFO:colcon.colcon_core.shell:Creating package script '/home/olympusolutions/senior_ws/install/sllidar_ros2/share/sllidar_ros2/package.ps1'
[8.117s] INFO:colcon.colcon_core.shell:Creating package descriptor '/home/olympusolutions/senior_ws/install/sllidar_ros2/share/sllidar_ros2/package.dsv'
[8.121s] INFO:colcon.colcon_core.shell:Creating package script '/home/olympusolutions/senior_ws/install/sllidar_ros2/share/sllidar_ros2/package.sh'
[8.123s] INFO:colcon.colcon_core.shell:Creating package script '/home/olympusolutions/senior_ws/install/sllidar_ros2/share/sllidar_ros2/package.bash'
[8.124s] INFO:colcon.colcon_core.shell:Creating package script '/home/olympusolutions/senior_ws/install/sllidar_ros2/share/sllidar_ros2/package.zsh'
[8.126s] Level 1:colcon.colcon_core.environment:create_file_with_runtime_dependencies(/home/olympusolutions/senior_ws/install/sllidar_ros2/share/colcon-core/packages/sllidar_ros2)
[8.128s] INFO:colcon.colcon_ros.task.ament_python.build:Building ROS package in '/home/olympusolutions/senior_ws/src/twist_stamper' with build type 'ament_python'
[8.128s] Level 1:colcon.colcon_core.shell:create_environment_hook('twist_stamper', 'ament_prefix_path')
[8.134s] INFO:colcon.colcon_core.shell:Creating environment hook '/home/olympusolutions/senior_ws/install/twist_stamper/share/twist_stamper/hook/ament_prefix_path.ps1'
[8.138s] INFO:colcon.colcon_core.shell:Creating environment descriptor '/home/olympusolutions/senior_ws/install/twist_stamper/share/twist_stamper/hook/ament_prefix_path.dsv'
[8.144s] INFO:colcon.colcon_core.shell:Creating environment hook '/home/olympusolutions/senior_ws/install/twist_stamper/share/twist_stamper/hook/ament_prefix_path.sh'
[8.146s] INFO:colcon.colcon_core.shell:Skip shell extension 'powershell' for command environment: Not usable outside of PowerShell
[8.146s] DEBUG:colcon.colcon_core.shell:Skip shell extension 'dsv' for command environment
[10.180s] INFO:colcon.colcon_core.task.python.build:Building Python package in '/home/olympusolutions/senior_ws/src/twist_stamper'
[10.182s] INFO:colcon.colcon_core.shell:Skip shell extension 'powershell' for command environment: Not usable outside of PowerShell
[10.183s] DEBUG:colcon.colcon_core.shell:Skip shell extension 'dsv' for command environment
[10.327s] DEBUG:colcon.colcon_core.event_handler.log_command:Invoking command in '/home/olympusolutions/senior_ws/src/riley_ws/src/my_package': DEBUGINFOD_URLS=https://debuginfod.ubuntu.com PYTHONPATH=/home/olympusolutions/senior_ws/build/my_package/prefix_override:/usr/lib/python3/dist-packages/colcon_core/task/python/colcon_distutils_commands:/home/olympusolutions/senior_ws/install/my_package/lib/python3.12/site-packages:${PYTHONPATH} /usr/bin/python3 -W ignore:setup.py install is deprecated -W ignore:easy_install command is deprecated setup.py egg_info --egg-base ../../../../build/my_package build --build-base /home/olympusolutions/senior_ws/build/my_package/build install --record /home/olympusolutions/senior_ws/build/my_package/install.log --single-version-externally-managed install_data
[10.713s] Level 1:colcon.colcon_core.environment:checking '/home/olympusolutions/senior_ws/install/joy_tester' for CMake module files
[10.714s] Level 1:colcon.colcon_core.environment:checking '/home/olympusolutions/senior_ws/install/joy_tester' for CMake config files
[10.721s] Level 1:colcon.colcon_core.environment:checking '/home/olympusolutions/senior_ws/install/joy_tester/lib'
[10.722s] Level 1:colcon.colcon_core.environment:checking '/home/olympusolutions/senior_ws/install/joy_tester/bin'
[10.722s] Level 1:colcon.colcon_core.environment:checking '/home/olympusolutions/senior_ws/install/joy_tester/lib/pkgconfig/joy_tester.pc'
[10.727s] Level 1:colcon.colcon_core.environment:checking '/home/olympusolutions/senior_ws/install/joy_tester/lib/python3.12/site-packages'
[10.735s] Level 1:colcon.colcon_core.shell:create_environment_hook('joy_tester', 'pythonpath')
[10.736s] INFO:colcon.colcon_core.shell:Creating environment hook '/home/olympusolutions/senior_ws/install/joy_tester/share/joy_tester/hook/pythonpath.ps1'
[10.744s] INFO:colcon.colcon_core.shell:Creating environment descriptor '/home/olympusolutions/senior_ws/install/joy_tester/share/joy_tester/hook/pythonpath.dsv'
[10.750s] DEBUG:colcon.colcon_core.event_handler.log_command:Invoked command in '/home/olympusolutions/senior_ws/src/joy_tester' returned '0': DEBUGINFOD_URLS=https://debuginfod.ubuntu.com PYTHONPATH=/home/olympusolutions/senior_ws/build/joy_tester/prefix_override:/usr/lib/python3/dist-packages/colcon_core/task/python/colcon_distutils_commands:/home/olympusolutions/senior_ws/install/joy_tester/lib/python3.12/site-packages:${PYTHONPATH} /usr/bin/python3 -W ignore:setup.py install is deprecated -W ignore:easy_install command is deprecated setup.py egg_info --egg-base ../../build/joy_tester build --build-base /home/olympusolutions/senior_ws/build/joy_tester/build install --record /home/olympusolutions/senior_ws/build/joy_tester/install.log --single-version-externally-managed install_data
[10.760s] INFO:colcon.colcon_core.shell:Creating environment hook '/home/olympusolutions/senior_ws/install/joy_tester/share/joy_tester/hook/pythonpath.sh'
[10.775s] Level 1:colcon.colcon_core.environment:checking '/home/olympusolutions/senior_ws/install/joy_tester/bin'
[10.783s] Level 1:colcon.colcon_core.environment:create_environment_scripts_only(joy_tester)
[10.794s] INFO:colcon.colcon_core.shell:Creating package script '/home/olympusolutions/senior_ws/install/joy_tester/share/joy_tester/package.ps1'
[10.799s] INFO:colcon.colcon_core.shell:Creating package descriptor '/home/olympusolutions/senior_ws/install/joy_tester/share/joy_tester/package.dsv'
[10.806s] INFO:colcon.colcon_core.shell:Creating package script '/home/olympusolutions/senior_ws/install/joy_tester/share/joy_tester/package.sh'
[10.810s] INFO:colcon.colcon_core.shell:Creating package script '/home/olympusolutions/senior_ws/install/joy_tester/share/joy_tester/package.bash'
[10.812s] INFO:colcon.colcon_core.shell:Creating package script '/home/olympusolutions/senior_ws/install/joy_tester/share/joy_tester/package.zsh'
[10.813s] Level 1:colcon.colcon_core.environment:create_file_with_runtime_dependencies(/home/olympusolutions/senior_ws/install/joy_tester/share/colcon-core/packages/joy_tester)
[10.825s] INFO:colcon.colcon_ros.task.ament_python.build:Building ROS package in '/home/olympusolutions/senior_ws/src/serial_motor_demo/serial_motor_demo' with build type 'ament_python'
[10.826s] Level 1:colcon.colcon_core.shell:create_environment_hook('serial_motor_demo', 'ament_prefix_path')
[10.827s] INFO:colcon.colcon_core.shell:Creating environment hook '/home/olympusolutions/senior_ws/install/serial_motor_demo/share/serial_motor_demo/hook/ament_prefix_path.ps1'
[10.846s] INFO:colcon.colcon_core.shell:Creating environment descriptor '/home/olympusolutions/senior_ws/install/serial_motor_demo/share/serial_motor_demo/hook/ament_prefix_path.dsv'
[10.850s] INFO:colcon.colcon_core.shell:Creating environment hook '/home/olympusolutions/senior_ws/install/serial_motor_demo/share/serial_motor_demo/hook/ament_prefix_path.sh'
[10.873s] INFO:colcon.colcon_core.shell:Skip shell extension 'powershell' for command environment: Not usable outside of PowerShell
[10.873s] DEBUG:colcon.colcon_core.shell:Skip shell extension 'dsv' for command environment
[12.488s] INFO:colcon.colcon_core.task.python.build:Building Python package in '/home/olympusolutions/senior_ws/src/serial_motor_demo/serial_motor_demo'
[12.492s] INFO:colcon.colcon_core.shell:Skip shell extension 'powershell' for command environment: Not usable outside of PowerShell
[12.492s] DEBUG:colcon.colcon_core.shell:Skip shell extension 'dsv' for command environment
[12.520s] Level 1:colcon.colcon_core.environment:checking '/home/olympusolutions/senior_ws/install/listener_package' for CMake module files
[12.522s] DEBUG:colcon.colcon_core.event_handler.log_command:Invoked command in '/home/olympusolutions/senior_ws/src/riley_ws/src/listener_package' returned '0': DEBUGINFOD_URLS=https://debuginfod.ubuntu.com PYTHONPATH=/home/olympusolutions/senior_ws/build/listener_package/prefix_override:/usr/lib/python3/dist-packages/colcon_core/task/python/colcon_distutils_commands:/home/olympusolutions/senior_ws/install/listener_package/lib/python3.12/site-packages:${PYTHONPATH} /usr/bin/python3 -W ignore:setup.py install is deprecated -W ignore:easy_install command is deprecated setup.py egg_info --egg-base ../../../../build/listener_package build --build-base /home/olympusolutions/senior_ws/build/listener_package/build install --record /home/olympusolutions/senior_ws/build/listener_package/install.log --single-version-externally-managed install_data
[12.527s] Level 1:colcon.colcon_core.environment:checking '/home/olympusolutions/senior_ws/install/listener_package' for CMake config files
[12.531s] Level 1:colcon.colcon_core.environment:checking '/home/olympusolutions/senior_ws/install/listener_package/lib'
[12.532s] Level 1:colcon.colcon_core.environment:checking '/home/olympusolutions/senior_ws/install/listener_package/bin'
[12.538s] Level 1:colcon.colcon_core.environment:checking '/home/olympusolutions/senior_ws/install/listener_package/lib/pkgconfig/listener_package.pc'
[12.541s] Level 1:colcon.colcon_core.environment:checking '/home/olympusolutions/senior_ws/install/listener_package/lib/python3.12/site-packages'
[12.544s] Level 1:colcon.colcon_core.shell:create_environment_hook('listener_package', 'pythonpath')
[12.546s] INFO:colcon.colcon_core.shell:Creating environment hook '/home/olympusolutions/senior_ws/install/listener_package/share/listener_package/hook/pythonpath.ps1'
[12.554s] INFO:colcon.colcon_core.shell:Creating environment descriptor '/home/olympusolutions/senior_ws/install/listener_package/share/listener_package/hook/pythonpath.dsv'
[12.562s] INFO:colcon.colcon_core.shell:Creating environment hook '/home/olympusolutions/senior_ws/install/listener_package/share/listener_package/hook/pythonpath.sh'
[12.569s] Level 1:colcon.colcon_core.environment:checking '/home/olympusolutions/senior_ws/install/listener_package/bin'
[12.570s] Level 1:colcon.colcon_core.environment:create_environment_scripts_only(listener_package)
[12.573s] INFO:colcon.colcon_core.shell:Creating package script '/home/olympusolutions/senior_ws/install/listener_package/share/listener_package/package.ps1'
[12.576s] INFO:colcon.colcon_core.shell:Creating package descriptor '/home/olympusolutions/senior_ws/install/listener_package/share/listener_package/package.dsv'
[12.578s] INFO:colcon.colcon_core.shell:Creating package script '/home/olympusolutions/senior_ws/install/listener_package/share/listener_package/package.sh'
[12.581s] INFO:colcon.colcon_core.shell:Creating package script '/home/olympusolutions/senior_ws/install/listener_package/share/listener_package/package.bash'
[12.584s] INFO:colcon.colcon_core.shell:Creating package script '/home/olympusolutions/senior_ws/install/listener_package/share/listener_package/package.zsh'
[12.590s] Level 1:colcon.colcon_core.environment:create_file_with_runtime_dependencies(/home/olympusolutions/senior_ws/install/listener_package/share/colcon-core/packages/listener_package)
[14.033s] Level 1:colcon.colcon_core.environment:checking '/home/olympusolutions/senior_ws/install/my_package' for CMake module files
[14.034s] Level 1:colcon.colcon_core.environment:checking '/home/olympusolutions/senior_ws/install/my_package' for CMake config files
[14.036s] DEBUG:colcon.colcon_core.event_handler.log_command:Invoked command in '/home/olympusolutions/senior_ws/src/riley_ws/src/my_package' returned '0': DEBUGINFOD_URLS=https://debuginfod.ubuntu.com PYTHONPATH=/home/olympusolutions/senior_ws/build/my_package/prefix_override:/usr/lib/python3/dist-packages/colcon_core/task/python/colcon_distutils_commands:/home/olympusolutions/senior_ws/install/my_package/lib/python3.12/site-packages:${PYTHONPATH} /usr/bin/python3 -W ignore:setup.py install is deprecated -W ignore:easy_install command is deprecated setup.py egg_info --egg-base ../../../../build/my_package build --build-base /home/olympusolutions/senior_ws/build/my_package/build install --record /home/olympusolutions/senior_ws/build/my_package/install.log --single-version-externally-managed install_data
[14.041s] Level 1:colcon.colcon_core.environment:checking '/home/olympusolutions/senior_ws/install/my_package/lib'
[14.041s] Level 1:colcon.colcon_core.environment:checking '/home/olympusolutions/senior_ws/install/my_package/bin'
[14.042s] Level 1:colcon.colcon_core.environment:checking '/home/olympusolutions/senior_ws/install/my_package/lib/pkgconfig/my_package.pc'
[14.043s] Level 1:colcon.colcon_core.environment:checking '/home/olympusolutions/senior_ws/install/my_package/lib/python3.12/site-packages'
[14.043s] Level 1:colcon.colcon_core.shell:create_environment_hook('my_package', 'pythonpath')
[14.044s] INFO:colcon.colcon_core.shell:Creating environment hook '/home/olympusolutions/senior_ws/install/my_package/share/my_package/hook/pythonpath.ps1'
[14.046s] INFO:colcon.colcon_core.shell:Creating environment descriptor '/home/olympusolutions/senior_ws/install/my_package/share/my_package/hook/pythonpath.dsv'
[14.047s] INFO:colcon.colcon_core.shell:Creating environment hook '/home/olympusolutions/senior_ws/install/my_package/share/my_package/hook/pythonpath.sh'
[14.049s] Level 1:colcon.colcon_core.environment:checking '/home/olympusolutions/senior_ws/install/my_package/bin'
[14.050s] Level 1:colcon.colcon_core.environment:create_environment_scripts_only(my_package)
[14.051s] INFO:colcon.colcon_core.shell:Creating package script '/home/olympusolutions/senior_ws/install/my_package/share/my_package/package.ps1'
[14.054s] INFO:colcon.colcon_core.shell:Creating package descriptor '/home/olympusolutions/senior_ws/install/my_package/share/my_package/package.dsv'
[14.057s] INFO:colcon.colcon_core.shell:Creating package script '/home/olympusolutions/senior_ws/install/my_package/share/my_package/package.sh'
[14.060s] INFO:colcon.colcon_core.shell:Creating package script '/home/olympusolutions/senior_ws/install/my_package/share/my_package/package.bash'
[14.063s] INFO:colcon.colcon_core.shell:Creating package script '/home/olympusolutions/senior_ws/install/my_package/share/my_package/package.zsh'
[14.065s] Level 1:colcon.colcon_core.environment:create_file_with_runtime_dependencies(/home/olympusolutions/senior_ws/install/my_package/share/colcon-core/packages/my_package)
[14.355s] DEBUG:colcon.colcon_core.event_handler.log_command:Invoking command in '/home/olympusolutions/senior_ws/src/twist_stamper': DEBUGINFOD_URLS=https://debuginfod.ubuntu.com PYTHONPATH=/home/olympusolutions/senior_ws/build/twist_stamper/prefix_override:/usr/lib/python3/dist-packages/colcon_core/task/python/colcon_distutils_commands:/home/olympusolutions/senior_ws/install/twist_stamper/lib/python3.12/site-packages:${PYTHONPATH} /usr/bin/python3 -W ignore:setup.py install is deprecated -W ignore:easy_install command is deprecated setup.py egg_info --egg-base ../../build/twist_stamper build --build-base /home/olympusolutions/senior_ws/build/twist_stamper/build install --record /home/olympusolutions/senior_ws/build/twist_stamper/install.log --single-version-externally-managed install_data
[15.575s] DEBUG:colcon.colcon_core.event_handler.log_command:Invoking command in '/home/olympusolutions/senior_ws/src/serial_motor_demo/serial_motor_demo': CMAKE_PREFIX_PATH=/home/olympusolutions/senior_ws/install/serial_motor_demo_msgs:/home/olympusolutions/senior_ws/install/sllidar_ros2:/home/olympusolutions/senior_ws/install/serial:/home/olympusolutions/senior_ws/install/minibot:/home/olympusolutions/senior_ws/install/extender_arduino:/home/olympusolutions/senior_ws/install/diffdrive_arduino:/opt/ros/jazzy/opt/gz_sim_vendor:/opt/ros/jazzy/opt/gz_sensors_vendor:/opt/ros/jazzy/opt/gz_physics_vendor:/opt/ros/jazzy/opt/sdformat_vendor:/opt/ros/jazzy/opt/gz_gui_vendor:/opt/ros/jazzy/opt/gz_transport_vendor:/opt/ros/jazzy/opt/gz_rendering_vendor:/opt/ros/jazzy/opt/gz_plugin_vendor:/opt/ros/jazzy/opt/gz_fuel_tools_vendor:/opt/ros/jazzy/opt/gz_msgs_vendor:/opt/ros/jazzy/opt/gz_common_vendor:/opt/ros/jazzy/opt/gz_math_vendor:/opt/ros/jazzy/opt/gz_utils_vendor:/opt/ros/jazzy/opt/gz_tools_vendor:/opt/ros/jazzy/opt/gz_ogre_next_vendor:/opt/ros/jazzy/opt/gz_dartsim_vendor:/opt/ros/jazzy/opt/gz_cmake_vendor DEBUGINFOD_URLS=https://debuginfod.ubuntu.com PYTHONPATH=/home/olympusolutions/senior_ws/build/serial_motor_demo/prefix_override:/usr/lib/python3/dist-packages/colcon_core/task/python/colcon_distutils_commands:/home/olympusolutions/senior_ws/install/serial_motor_demo/lib/python3.12/site-packages:/home/olympusolutions/senior_ws/install/serial_motor_demo_msgs/lib/python3.12/site-packages:/home/olympusolutions/senior_ws/install/twist_stamper/lib/python3.12/site-packages:/home/olympusolutions/senior_ws/install/serial_motor_demo/lib/python3.12/site-packages:/home/olympusolutions/senior_ws/install/my_package/lib/python3.12/site-packages:/home/olympusolutions/senior_ws/install/listener_package/lib/python3.12/site-packages:/home/olympusolutions/senior_ws/install/joy_tester/lib/python3.12/site-packages:/opt/ros/jazzy/lib/python3.12/site-packages /usr/bin/python3 -W ignore:setup.py install is deprecated -W ignore:easy_install command is deprecated setup.py egg_info --egg-base ../../../build/serial_motor_demo build --build-base /home/olympusolutions/senior_ws/build/serial_motor_demo/build install --record /home/olympusolutions/senior_ws/build/serial_motor_demo/install.log --install-scripts $base/lib/serial_motor_demo --single-version-externally-managed install_data
[16.823s] Level 1:colcon.colcon_core.environment:checking '/home/olympusolutions/senior_ws/install/twist_stamper' for CMake module files
[16.823s] DEBUG:colcon.colcon_core.event_handler.log_command:Invoked command in '/home/olympusolutions/senior_ws/src/twist_stamper' returned '0': DEBUGINFOD_URLS=https://debuginfod.ubuntu.com PYTHONPATH=/home/olympusolutions/senior_ws/build/twist_stamper/prefix_override:/usr/lib/python3/dist-packages/colcon_core/task/python/colcon_distutils_commands:/home/olympusolutions/senior_ws/install/twist_stamper/lib/python3.12/site-packages:${PYTHONPATH} /usr/bin/python3 -W ignore:setup.py install is deprecated -W ignore:easy_install command is deprecated setup.py egg_info --egg-base ../../build/twist_stamper build --build-base /home/olympusolutions/senior_ws/build/twist_stamper/build install --record /home/olympusolutions/senior_ws/build/twist_stamper/install.log --single-version-externally-managed install_data
[16.824s] Level 1:colcon.colcon_core.environment:checking '/home/olympusolutions/senior_ws/install/twist_stamper' for CMake config files
[16.825s] Level 1:colcon.colcon_core.environment:checking '/home/olympusolutions/senior_ws/install/twist_stamper/lib'
[16.826s] Level 1:colcon.colcon_core.environment:checking '/home/olympusolutions/senior_ws/install/twist_stamper/bin'
[16.826s] Level 1:colcon.colcon_core.environment:checking '/home/olympusolutions/senior_ws/install/twist_stamper/lib/pkgconfig/twist_stamper.pc'
[16.827s] Level 1:colcon.colcon_core.environment:checking '/home/olympusolutions/senior_ws/install/twist_stamper/lib/python3.12/site-packages'
[16.827s] Level 1:colcon.colcon_core.shell:create_environment_hook('twist_stamper', 'pythonpath')
[16.828s] INFO:colcon.colcon_core.shell:Creating environment hook '/home/olympusolutions/senior_ws/install/twist_stamper/share/twist_stamper/hook/pythonpath.ps1'
[16.831s] INFO:colcon.colcon_core.shell:Creating environment descriptor '/home/olympusolutions/senior_ws/install/twist_stamper/share/twist_stamper/hook/pythonpath.dsv'
[16.833s] INFO:colcon.colcon_core.shell:Creating environment hook '/home/olympusolutions/senior_ws/install/twist_stamper/share/twist_stamper/hook/pythonpath.sh'
[16.836s] Level 1:colcon.colcon_core.environment:checking '/home/olympusolutions/senior_ws/install/twist_stamper/bin'
[16.836s] Level 1:colcon.colcon_core.environment:create_environment_scripts_only(twist_stamper)
[16.837s] INFO:colcon.colcon_core.shell:Creating package script '/home/olympusolutions/senior_ws/install/twist_stamper/share/twist_stamper/package.ps1'
[16.839s] INFO:colcon.colcon_core.shell:Creating package descriptor '/home/olympusolutions/senior_ws/install/twist_stamper/share/twist_stamper/package.dsv'
[16.840s] INFO:colcon.colcon_core.shell:Creating package script '/home/olympusolutions/senior_ws/install/twist_stamper/share/twist_stamper/package.sh'
[16.842s] INFO:colcon.colcon_core.shell:Creating package script '/home/olympusolutions/senior_ws/install/twist_stamper/share/twist_stamper/package.bash'
[16.843s] INFO:colcon.colcon_core.shell:Creating package script '/home/olympusolutions/senior_ws/install/twist_stamper/share/twist_stamper/package.zsh'
[16.848s] Level 1:colcon.colcon_core.environment:create_file_with_runtime_dependencies(/home/olympusolutions/senior_ws/install/twist_stamper/share/colcon-core/packages/twist_stamper)
[17.785s] Level 1:colcon.colcon_core.environment:checking '/home/olympusolutions/senior_ws/install/serial_motor_demo' for CMake module files
[17.787s] Level 1:colcon.colcon_core.environment:checking '/home/olympusolutions/senior_ws/install/serial_motor_demo' for CMake config files
[17.786s] DEBUG:colcon.colcon_core.event_handler.log_command:Invoked command in '/home/olympusolutions/senior_ws/src/serial_motor_demo/serial_motor_demo' returned '0': CMAKE_PREFIX_PATH=/home/olympusolutions/senior_ws/install/serial_motor_demo_msgs:/home/olympusolutions/senior_ws/install/sllidar_ros2:/home/olympusolutions/senior_ws/install/serial:/home/olympusolutions/senior_ws/install/minibot:/home/olympusolutions/senior_ws/install/extender_arduino:/home/olympusolutions/senior_ws/install/diffdrive_arduino:/opt/ros/jazzy/opt/gz_sim_vendor:/opt/ros/jazzy/opt/gz_sensors_vendor:/opt/ros/jazzy/opt/gz_physics_vendor:/opt/ros/jazzy/opt/sdformat_vendor:/opt/ros/jazzy/opt/gz_gui_vendor:/opt/ros/jazzy/opt/gz_transport_vendor:/opt/ros/jazzy/opt/gz_rendering_vendor:/opt/ros/jazzy/opt/gz_plugin_vendor:/opt/ros/jazzy/opt/gz_fuel_tools_vendor:/opt/ros/jazzy/opt/gz_msgs_vendor:/opt/ros/jazzy/opt/gz_common_vendor:/opt/ros/jazzy/opt/gz_math_vendor:/opt/ros/jazzy/opt/gz_utils_vendor:/opt/ros/jazzy/opt/gz_tools_vendor:/opt/ros/jazzy/opt/gz_ogre_next_vendor:/opt/ros/jazzy/opt/gz_dartsim_vendor:/opt/ros/jazzy/opt/gz_cmake_vendor DEBUGINFOD_URLS=https://debuginfod.ubuntu.com PYTHONPATH=/home/olympusolutions/senior_ws/build/serial_motor_demo/prefix_override:/usr/lib/python3/dist-packages/colcon_core/task/python/colcon_distutils_commands:/home/olympusolutions/senior_ws/install/serial_motor_demo/lib/python3.12/site-packages:/home/olympusolutions/senior_ws/install/serial_motor_demo_msgs/lib/python3.12/site-packages:/home/olympusolutions/senior_ws/install/twist_stamper/lib/python3.12/site-packages:/home/olympusolutions/senior_ws/install/serial_motor_demo/lib/python3.12/site-packages:/home/olympusolutions/senior_ws/install/my_package/lib/python3.12/site-packages:/home/olympusolutions/senior_ws/install/listener_package/lib/python3.12/site-packages:/home/olympusolutions/senior_ws/install/joy_tester/lib/python3.12/site-packages:/opt/ros/jazzy/lib/python3.12/site-packages /usr/bin/python3 -W ignore:setup.py install is deprecated -W ignore:easy_install command is deprecated setup.py egg_info --egg-base ../../../build/serial_motor_demo build --build-base /home/olympusolutions/senior_ws/build/serial_motor_demo/build install --record /home/olympusolutions/senior_ws/build/serial_motor_demo/install.log --install-scripts $base/lib/serial_motor_demo --single-version-externally-managed install_data
[17.789s] Level 1:colcon.colcon_core.environment:checking '/home/olympusolutions/senior_ws/install/serial_motor_demo/lib'
[17.789s] Level 1:colcon.colcon_core.environment:checking '/home/olympusolutions/senior_ws/install/serial_motor_demo/bin'
[17.789s] Level 1:colcon.colcon_core.environment:checking '/home/olympusolutions/senior_ws/install/serial_motor_demo/lib/pkgconfig/serial_motor_demo.pc'
[17.790s] Level 1:colcon.colcon_core.environment:checking '/home/olympusolutions/senior_ws/install/serial_motor_demo/lib/python3.12/site-packages'
[17.790s] Level 1:colcon.colcon_core.shell:create_environment_hook('serial_motor_demo', 'pythonpath')
[17.790s] INFO:colcon.colcon_core.shell:Creating environment hook '/home/olympusolutions/senior_ws/install/serial_motor_demo/share/serial_motor_demo/hook/pythonpath.ps1'
[17.791s] INFO:colcon.colcon_core.shell:Creating environment descriptor '/home/olympusolutions/senior_ws/install/serial_motor_demo/share/serial_motor_demo/hook/pythonpath.dsv'
[17.793s] INFO:colcon.colcon_core.shell:Creating environment hook '/home/olympusolutions/senior_ws/install/serial_motor_demo/share/serial_motor_demo/hook/pythonpath.sh'
[17.797s] Level 1:colcon.colcon_core.environment:checking '/home/olympusolutions/senior_ws/install/serial_motor_demo/bin'
[17.798s] Level 1:colcon.colcon_core.environment:create_environment_scripts_only(serial_motor_demo)
[17.798s] INFO:colcon.colcon_core.shell:Creating package script '/home/olympusolutions/senior_ws/install/serial_motor_demo/share/serial_motor_demo/package.ps1'
[17.799s] INFO:colcon.colcon_core.shell:Creating package descriptor '/home/olympusolutions/senior_ws/install/serial_motor_demo/share/serial_motor_demo/package.dsv'
[17.800s] INFO:colcon.colcon_core.shell:Creating package script '/home/olympusolutions/senior_ws/install/serial_motor_demo/share/serial_motor_demo/package.sh'
[17.801s] INFO:colcon.colcon_core.shell:Creating package script '/home/olympusolutions/senior_ws/install/serial_motor_demo/share/serial_motor_demo/package.bash'
[17.802s] INFO:colcon.colcon_core.shell:Creating package script '/home/olympusolutions/senior_ws/install/serial_motor_demo/share/serial_motor_demo/package.zsh'
[17.803s] Level 1:colcon.colcon_core.environment:create_file_with_runtime_dependencies(/home/olympusolutions/senior_ws/install/serial_motor_demo/share/colcon-core/packages/serial_motor_demo)
[17.803s] DEBUG:colcon.colcon_parallel_executor.executor.parallel:closing loop
[17.805s] DEBUG:colcon.colcon_parallel_executor.executor.parallel:loop closed
[17.806s] DEBUG:colcon.colcon_parallel_executor.executor.parallel:run_until_complete finished with '0'
[17.808s] DEBUG:colcon.colcon_core.event_reactor:joining thread
[17.832s] INFO:colcon.colcon_core.plugin_system:Skipping extension 'colcon_notification.desktop_notification.terminal_notifier': Not used on non-Darwin systems
[17.832s] INFO:colcon.colcon_core.plugin_system:Skipping extension 'colcon_notification.desktop_notification.win32': Not used on non-Windows systems
[17.832s] INFO:colcon.colcon_notification.desktop_notification:Sending desktop notification using 'notify2'
[17.901s] DEBUG:colcon.colcon_core.event_reactor:joined thread
[17.902s] INFO:colcon.colcon_core.shell:Creating prefix script '/home/olympusolutions/senior_ws/install/local_setup.ps1'
[17.904s] INFO:colcon.colcon_core.shell:Creating prefix util module '/home/olympusolutions/senior_ws/install/_local_setup_util_ps1.py'
[17.908s] INFO:colcon.colcon_core.shell:Creating prefix chain script '/home/olympusolutions/senior_ws/install/setup.ps1'
[17.913s] INFO:colcon.colcon_core.shell:Creating prefix script '/home/olympusolutions/senior_ws/install/local_setup.sh'
[17.916s] INFO:colcon.colcon_core.shell:Creating prefix util module '/home/olympusolutions/senior_ws/install/_local_setup_util_sh.py'
[17.918s] INFO:colcon.colcon_core.shell:Creating prefix chain script '/home/olympusolutions/senior_ws/install/setup.sh'
[17.924s] INFO:colcon.colcon_core.shell:Creating prefix script '/home/olympusolutions/senior_ws/install/local_setup.bash'
[17.927s] INFO:colcon.colcon_core.shell:Creating prefix chain script '/home/olympusolutions/senior_ws/install/setup.bash'
[17.932s] INFO:colcon.colcon_core.shell:Creating prefix script '/home/olympusolutions/senior_ws/install/local_setup.zsh'
[17.935s] INFO:colcon.colcon_core.shell:Creating prefix chain script '/home/olympusolutions/senior_ws/install/setup.zsh'
