[0.000000] (-) TimerEvent: {}
[0.000366] (diffdrive_arduino) JobQueued: {'identifier': 'diffdrive_arduino', 'dependencies': OrderedDict()}
[0.000431] (extender_arduino) JobQueued: {'identifier': 'extender_arduino', 'dependencies': OrderedDict()}
[0.000463] (joy_tester) JobQueued: {'identifier': 'joy_tester', 'dependencies': OrderedDict()}
[0.000488] (listener_package) JobQueued: {'identifier': 'listener_package', 'dependencies': OrderedDict()}
[0.000515] (minibot) JobQueued: {'identifier': 'minibot', 'dependencies': OrderedDict()}
[0.000538] (my_package) JobQueued: {'identifier': 'my_package', 'dependencies': OrderedDict()}
[0.000559] (serial) JobQueued: {'identifier': 'serial', 'dependencies': OrderedDict()}
[0.000579] (serial_motor_demo_msgs) JobQueued: {'identifier': 'serial_motor_demo_msgs', 'dependencies': OrderedDict()}
[0.000600] (sllidar_ros2) JobQueued: {'identifier': 'sllidar_ros2', 'dependencies': OrderedDict()}
[0.000619] (twist_stamper) JobQueued: {'identifier': 'twist_stamper', 'dependencies': OrderedDict()}
[0.000640] (serial_motor_demo) JobQueued: {'identifier': 'serial_motor_demo', 'dependencies': OrderedDict({'serial_motor_demo_msgs': '/home/olympusolutions/senior_ws/install/serial_motor_demo_msgs'})}
[0.001700] (serial_motor_demo_msgs) JobStarted: {'identifier': 'serial_motor_demo_msgs'}
[0.022010] (diffdrive_arduino) JobStarted: {'identifier': 'diffdrive_arduino'}
[0.027944] (extender_arduino) JobStarted: {'identifier': 'extender_arduino'}
[0.035870] (joy_tester) JobStarted: {'identifier': 'joy_tester'}
[0.057836] (serial_motor_demo_msgs) JobProgress: {'identifier': 'serial_motor_demo_msgs', 'progress': 'cmake'}
[0.058593] (serial_motor_demo_msgs) Command: {'cmd': ['/usr/bin/cmake', '/home/olympusolutions/senior_ws/src/serial_motor_demo/serial_motor_demo_msgs', '-DCMAKE_INSTALL_PREFIX=/home/olympusolutions/senior_ws/install/serial_motor_demo_msgs'], 'cwd': '/home/olympusolutions/senior_ws/build/serial_motor_demo_msgs', 'env': OrderedDict({'LESSOPEN': '| /usr/bin/lesspipe %s', 'USER': 'olympusolutions', 'GZ_CONFIG_PATH': '/opt/ros/jazzy/opt/gz_sim_vendor/share/gz:/opt/ros/jazzy/opt/sdformat_vendor/share/gz:/opt/ros/jazzy/opt/gz_gui_vendor/share/gz:/opt/ros/jazzy/opt/gz_transport_vendor/share/gz:/opt/ros/jazzy/opt/gz_rendering_vendor/share/gz:/opt/ros/jazzy/opt/gz_plugin_vendor/share/gz:/opt/ros/jazzy/opt/gz_fuel_tools_vendor/share/gz:/opt/ros/jazzy/opt/gz_msgs_vendor/share/gz:/opt/ros/jazzy/opt/gz_common_vendor/share/gz', 'XDG_SESSION_TYPE': 'wayland', 'SHLVL': '1', 'LD_LIBRARY_PATH': '/opt/ros/jazzy/opt/gz_sim_vendor/lib:/opt/ros/jazzy/opt/gz_sensors_vendor/lib:/opt/ros/jazzy/opt/gz_physics_vendor/lib:/opt/ros/jazzy/opt/sdformat_vendor/lib:/opt/ros/jazzy/opt/rviz_ogre_vendor/lib:/opt/ros/jazzy/lib/aarch64-linux-gnu:/opt/ros/jazzy/opt/gz_gui_vendor/lib:/opt/ros/jazzy/opt/gz_transport_vendor/lib:/opt/ros/jazzy/opt/gz_rendering_vendor/lib:/opt/ros/jazzy/opt/gz_plugin_vendor/lib:/opt/ros/jazzy/opt/gz_fuel_tools_vendor/lib:/opt/ros/jazzy/opt/gz_msgs_vendor/lib:/opt/ros/jazzy/opt/gz_common_vendor/lib:/opt/ros/jazzy/opt/gz_math_vendor/lib:/opt/ros/jazzy/opt/gz_utils_vendor/lib:/opt/ros/jazzy/opt/gz_tools_vendor/lib:/opt/ros/jazzy/opt/gz_ogre_next_vendor/lib:/opt/ros/jazzy/opt/gz_dartsim_vendor/lib:/opt/ros/jazzy/opt/gz_cmake_vendor/lib:/opt/ros/jazzy/lib', 'HOME': '/home/olympusolutions', 'OLDPWD': '/home/olympusolutions', 'DESKTOP_SESSION': 'ubuntu', 'ROS_PYTHON_VERSION': '3', 'GNOME_SHELL_SESSION_MODE': 'ubuntu', 'GTK_MODULES': 'gail:atk-bridge', 'SYSTEMD_EXEC_PID': '3022', 'GSM_SKIP_SSH_AGENT_WORKAROUND': 'true', 'DBUS_SESSION_BUS_ADDRESS': 'unix:path=/run/user/1002/bus', 'COLORTERM': 'truecolor', 'DEBUGINFOD_URLS': 'https://debuginfod.ubuntu.com', 'IM_CONFIG_PHASE': '1', 'WAYLAND_DISPLAY': 'wayland-0', 'ROS_DISTRO': 'jazzy', 'LOGNAME': 'olympusolutions', '_': '/usr/bin/colcon', 'ROS_VERSION': '2', 'MEMORY_PRESSURE_WATCH': '/sys/fs/cgroup/user.slice/user-1002.slice/user@1002.service/session.slice/org.gnome.Shell@wayland.service/memory.pressure', 'XDG_SESSION_CLASS': 'user', 'USERNAME': 'olympusolutions', 'TERM': 'xterm-256color', 'GNOME_DESKTOP_SESSION_ID': 'this-is-deprecated', 'PATH': '/opt/ros/jazzy/opt/gz_msgs_vendor/bin:/opt/ros/jazzy/opt/gz_tools_vendor/bin:/opt/ros/jazzy/opt/gz_ogre_next_vendor/bin:/opt/ros/jazzy/bin:/home/olympusolutions/.local/bin:/usr/local/sbin:/usr/local/bin:/usr/sbin:/usr/bin:/sbin:/bin:/usr/games:/usr/local/games:/snap/bin:/snap/bin', 'SESSION_MANAGER': 'local/olympusolutions-desktop:@/tmp/.ICE-unix/2977,unix/olympusolutions-desktop:/tmp/.ICE-unix/2977', 'XDG_MENU_PREFIX': 'gnome-', 'GNOME_TERMINAL_SCREEN': '/org/gnome/Terminal/screen/5426054a_44ad_4b3b_9be3_3f00634632e4', 'GNOME_SETUP_DISPLAY': ':1', 'XDG_RUNTIME_DIR': '/run/user/1002', 'DISPLAY': ':0', 'LANG': 'en_US.UTF-8', 'XDG_CURRENT_DESKTOP': 'ubuntu:GNOME', 'XMODIFIERS': '@im=ibus', 'XDG_SESSION_DESKTOP': 'ubuntu', 'XAUTHORITY': '/run/user/1002/.mutter-Xwaylandauth.ZJBY42', 'LS_COLORS': 'rs=0:di=01;34:ln=01;36:mh=00:pi=40;33:so=01;35:do=01;35:bd=40;33;01:cd=40;33;01:or=40;31;01:mi=00:su=37;41:sg=30;43:ca=00:tw=30;42:ow=34;42:st=37;44:ex=01;32:*.tar=01;31:*.tgz=01;31:*.arc=01;31:*.arj=01;31:*.taz=01;31:*.lha=01;31:*.lz4=01;31:*.lzh=01;31:*.lzma=01;31:*.tlz=01;31:*.txz=01;31:*.tzo=01;31:*.t7z=01;31:*.zip=01;31:*.z=01;31:*.dz=01;31:*.gz=01;31:*.lrz=01;31:*.lz=01;31:*.lzo=01;31:*.xz=01;31:*.zst=01;31:*.tzst=01;31:*.bz2=01;31:*.bz=01;31:*.tbz=01;31:*.tbz2=01;31:*.tz=01;31:*.deb=01;31:*.rpm=01;31:*.jar=01;31:*.war=01;31:*.ear=01;31:*.sar=01;31:*.rar=01;31:*.alz=01;31:*.ace=01;31:*.zoo=01;31:*.cpio=01;31:*.7z=01;31:*.rz=01;31:*.cab=01;31:*.wim=01;31:*.swm=01;31:*.dwm=01;31:*.esd=01;31:*.avif=01;35:*.jpg=01;35:*.jpeg=01;35:*.mjpg=01;35:*.mjpeg=01;35:*.gif=01;35:*.bmp=01;35:*.pbm=01;35:*.pgm=01;35:*.ppm=01;35:*.tga=01;35:*.xbm=01;35:*.xpm=01;35:*.tif=01;35:*.tiff=01;35:*.png=01;35:*.svg=01;35:*.svgz=01;35:*.mng=01;35:*.pcx=01;35:*.mov=01;35:*.mpg=01;35:*.mpeg=01;35:*.m2v=01;35:*.mkv=01;35:*.webm=01;35:*.webp=01;35:*.ogm=01;35:*.mp4=01;35:*.m4v=01;35:*.mp4v=01;35:*.vob=01;35:*.qt=01;35:*.nuv=01;35:*.wmv=01;35:*.asf=01;35:*.rm=01;35:*.rmvb=01;35:*.flc=01;35:*.avi=01;35:*.fli=01;35:*.flv=01;35:*.gl=01;35:*.dl=01;35:*.xcf=01;35:*.xwd=01;35:*.yuv=01;35:*.cgm=01;35:*.emf=01;35:*.ogv=01;35:*.ogx=01;35:*.aac=00;36:*.au=00;36:*.flac=00;36:*.m4a=00;36:*.mid=00;36:*.midi=00;36:*.mka=00;36:*.mp3=00;36:*.mpc=00;36:*.ogg=00;36:*.ra=00;36:*.wav=00;36:*.oga=00;36:*.opus=00;36:*.spx=00;36:*.xspf=00;36:*~=00;90:*#=00;90:*.bak=00;90:*.crdownload=00;90:*.dpkg-dist=00;90:*.dpkg-new=00;90:*.dpkg-old=00;90:*.dpkg-tmp=00;90:*.old=00;90:*.orig=00;90:*.part=00;90:*.rej=00;90:*.rpmnew=00;90:*.rpmorig=00;90:*.rpmsave=00;90:*.swp=00;90:*.tmp=00;90:*.ucf-dist=00;90:*.ucf-new=00;90:*.ucf-old=00;90:', 'GNOME_TERMINAL_SERVICE': ':1.150', 'SSH_AUTH_SOCK': '/run/user/1002/keyring/ssh', 'AMENT_PREFIX_PATH': '/opt/ros/jazzy', 'SHELL': '/bin/bash', 'QT_ACCESSIBILITY': '1', 'GDMSESSION': 'ubuntu', 'LESSCLOSE': '/usr/bin/lesspipe %s %s', 'ROS_AUTOMATIC_DISCOVERY_RANGE': 'SUBNET', 'QT_IM_MODULE': 'ibus', 'PWD': '/home/olympusolutions/senior_ws/build/serial_motor_demo_msgs', 'LC_ALL': 'en_US.UTF-8', 'XDG_CONFIG_DIRS': '/etc/xdg/xdg-ubuntu:/etc/xdg', 'XDG_DATA_DIRS': '/usr/share/ubuntu:/usr/share/gnome:/usr/local/share/:/usr/share/:/var/lib/snapd/desktop', 'PYTHONPATH': '/opt/ros/jazzy/lib/python3.12/site-packages', 'COLCON': '1', 'MEMORY_PRESSURE_WRITE': 'c29tZSAyMDAwMDAgMjAwMDAwMAA=', 'VTE_VERSION': '7600', 'CMAKE_PREFIX_PATH': '/opt/ros/jazzy/opt/gz_sim_vendor:/opt/ros/jazzy/opt/gz_sensors_vendor:/opt/ros/jazzy/opt/gz_physics_vendor:/opt/ros/jazzy/opt/sdformat_vendor:/opt/ros/jazzy/opt/gz_gui_vendor:/opt/ros/jazzy/opt/gz_transport_vendor:/opt/ros/jazzy/opt/gz_rendering_vendor:/opt/ros/jazzy/opt/gz_plugin_vendor:/opt/ros/jazzy/opt/gz_fuel_tools_vendor:/opt/ros/jazzy/opt/gz_msgs_vendor:/opt/ros/jazzy/opt/gz_common_vendor:/opt/ros/jazzy/opt/gz_math_vendor:/opt/ros/jazzy/opt/gz_utils_vendor:/opt/ros/jazzy/opt/gz_tools_vendor:/opt/ros/jazzy/opt/gz_ogre_next_vendor:/opt/ros/jazzy/opt/gz_dartsim_vendor:/opt/ros/jazzy/opt/gz_cmake_vendor:/opt/ros/jazzy'}), 'shell': False}
[0.063680] (diffdrive_arduino) JobProgress: {'identifier': 'diffdrive_arduino', 'progress': 'cmake'}
[0.064590] (diffdrive_arduino) Command: {'cmd': ['/usr/bin/cmake', '/home/olympusolutions/senior_ws/src/diffdrive_arduino', '-DCMAKE_INSTALL_PREFIX=/home/olympusolutions/senior_ws/install/diffdrive_arduino'], 'cwd': '/home/olympusolutions/senior_ws/build/diffdrive_arduino', 'env': OrderedDict({'LESSOPEN': '| /usr/bin/lesspipe %s', 'USER': 'olympusolutions', 'GZ_CONFIG_PATH': '/opt/ros/jazzy/opt/gz_sim_vendor/share/gz:/opt/ros/jazzy/opt/sdformat_vendor/share/gz:/opt/ros/jazzy/opt/gz_gui_vendor/share/gz:/opt/ros/jazzy/opt/gz_transport_vendor/share/gz:/opt/ros/jazzy/opt/gz_rendering_vendor/share/gz:/opt/ros/jazzy/opt/gz_plugin_vendor/share/gz:/opt/ros/jazzy/opt/gz_fuel_tools_vendor/share/gz:/opt/ros/jazzy/opt/gz_msgs_vendor/share/gz:/opt/ros/jazzy/opt/gz_common_vendor/share/gz', 'XDG_SESSION_TYPE': 'wayland', 'SHLVL': '1', 'LD_LIBRARY_PATH': '/opt/ros/jazzy/opt/gz_sim_vendor/lib:/opt/ros/jazzy/opt/gz_sensors_vendor/lib:/opt/ros/jazzy/opt/gz_physics_vendor/lib:/opt/ros/jazzy/opt/sdformat_vendor/lib:/opt/ros/jazzy/opt/rviz_ogre_vendor/lib:/opt/ros/jazzy/lib/aarch64-linux-gnu:/opt/ros/jazzy/opt/gz_gui_vendor/lib:/opt/ros/jazzy/opt/gz_transport_vendor/lib:/opt/ros/jazzy/opt/gz_rendering_vendor/lib:/opt/ros/jazzy/opt/gz_plugin_vendor/lib:/opt/ros/jazzy/opt/gz_fuel_tools_vendor/lib:/opt/ros/jazzy/opt/gz_msgs_vendor/lib:/opt/ros/jazzy/opt/gz_common_vendor/lib:/opt/ros/jazzy/opt/gz_math_vendor/lib:/opt/ros/jazzy/opt/gz_utils_vendor/lib:/opt/ros/jazzy/opt/gz_tools_vendor/lib:/opt/ros/jazzy/opt/gz_ogre_next_vendor/lib:/opt/ros/jazzy/opt/gz_dartsim_vendor/lib:/opt/ros/jazzy/opt/gz_cmake_vendor/lib:/opt/ros/jazzy/lib', 'HOME': '/home/olympusolutions', 'OLDPWD': '/home/olympusolutions', 'DESKTOP_SESSION': 'ubuntu', 'ROS_PYTHON_VERSION': '3', 'GNOME_SHELL_SESSION_MODE': 'ubuntu', 'GTK_MODULES': 'gail:atk-bridge', 'SYSTEMD_EXEC_PID': '3022', 'GSM_SKIP_SSH_AGENT_WORKAROUND': 'true', 'DBUS_SESSION_BUS_ADDRESS': 'unix:path=/run/user/1002/bus', 'COLORTERM': 'truecolor', 'DEBUGINFOD_URLS': 'https://debuginfod.ubuntu.com', 'IM_CONFIG_PHASE': '1', 'WAYLAND_DISPLAY': 'wayland-0', 'ROS_DISTRO': 'jazzy', 'LOGNAME': 'olympusolutions', '_': '/usr/bin/colcon', 'ROS_VERSION': '2', 'MEMORY_PRESSURE_WATCH': '/sys/fs/cgroup/user.slice/user-1002.slice/user@1002.service/session.slice/org.gnome.Shell@wayland.service/memory.pressure', 'XDG_SESSION_CLASS': 'user', 'USERNAME': 'olympusolutions', 'TERM': 'xterm-256color', 'GNOME_DESKTOP_SESSION_ID': 'this-is-deprecated', 'PATH': '/opt/ros/jazzy/opt/gz_msgs_vendor/bin:/opt/ros/jazzy/opt/gz_tools_vendor/bin:/opt/ros/jazzy/opt/gz_ogre_next_vendor/bin:/opt/ros/jazzy/bin:/home/olympusolutions/.local/bin:/usr/local/sbin:/usr/local/bin:/usr/sbin:/usr/bin:/sbin:/bin:/usr/games:/usr/local/games:/snap/bin:/snap/bin', 'SESSION_MANAGER': 'local/olympusolutions-desktop:@/tmp/.ICE-unix/2977,unix/olympusolutions-desktop:/tmp/.ICE-unix/2977', 'XDG_MENU_PREFIX': 'gnome-', 'GNOME_TERMINAL_SCREEN': '/org/gnome/Terminal/screen/5426054a_44ad_4b3b_9be3_3f00634632e4', 'GNOME_SETUP_DISPLAY': ':1', 'XDG_RUNTIME_DIR': '/run/user/1002', 'DISPLAY': ':0', 'LANG': 'en_US.UTF-8', 'XDG_CURRENT_DESKTOP': 'ubuntu:GNOME', 'XMODIFIERS': '@im=ibus', 'XDG_SESSION_DESKTOP': 'ubuntu', 'XAUTHORITY': '/run/user/1002/.mutter-Xwaylandauth.ZJBY42', 'LS_COLORS': 'rs=0:di=01;34:ln=01;36:mh=00:pi=40;33:so=01;35:do=01;35:bd=40;33;01:cd=40;33;01:or=40;31;01:mi=00:su=37;41:sg=30;43:ca=00:tw=30;42:ow=34;42:st=37;44:ex=01;32:*.tar=01;31:*.tgz=01;31:*.arc=01;31:*.arj=01;31:*.taz=01;31:*.lha=01;31:*.lz4=01;31:*.lzh=01;31:*.lzma=01;31:*.tlz=01;31:*.txz=01;31:*.tzo=01;31:*.t7z=01;31:*.zip=01;31:*.z=01;31:*.dz=01;31:*.gz=01;31:*.lrz=01;31:*.lz=01;31:*.lzo=01;31:*.xz=01;31:*.zst=01;31:*.tzst=01;31:*.bz2=01;31:*.bz=01;31:*.tbz=01;31:*.tbz2=01;31:*.tz=01;31:*.deb=01;31:*.rpm=01;31:*.jar=01;31:*.war=01;31:*.ear=01;31:*.sar=01;31:*.rar=01;31:*.alz=01;31:*.ace=01;31:*.zoo=01;31:*.cpio=01;31:*.7z=01;31:*.rz=01;31:*.cab=01;31:*.wim=01;31:*.swm=01;31:*.dwm=01;31:*.esd=01;31:*.avif=01;35:*.jpg=01;35:*.jpeg=01;35:*.mjpg=01;35:*.mjpeg=01;35:*.gif=01;35:*.bmp=01;35:*.pbm=01;35:*.pgm=01;35:*.ppm=01;35:*.tga=01;35:*.xbm=01;35:*.xpm=01;35:*.tif=01;35:*.tiff=01;35:*.png=01;35:*.svg=01;35:*.svgz=01;35:*.mng=01;35:*.pcx=01;35:*.mov=01;35:*.mpg=01;35:*.mpeg=01;35:*.m2v=01;35:*.mkv=01;35:*.webm=01;35:*.webp=01;35:*.ogm=01;35:*.mp4=01;35:*.m4v=01;35:*.mp4v=01;35:*.vob=01;35:*.qt=01;35:*.nuv=01;35:*.wmv=01;35:*.asf=01;35:*.rm=01;35:*.rmvb=01;35:*.flc=01;35:*.avi=01;35:*.fli=01;35:*.flv=01;35:*.gl=01;35:*.dl=01;35:*.xcf=01;35:*.xwd=01;35:*.yuv=01;35:*.cgm=01;35:*.emf=01;35:*.ogv=01;35:*.ogx=01;35:*.aac=00;36:*.au=00;36:*.flac=00;36:*.m4a=00;36:*.mid=00;36:*.midi=00;36:*.mka=00;36:*.mp3=00;36:*.mpc=00;36:*.ogg=00;36:*.ra=00;36:*.wav=00;36:*.oga=00;36:*.opus=00;36:*.spx=00;36:*.xspf=00;36:*~=00;90:*#=00;90:*.bak=00;90:*.crdownload=00;90:*.dpkg-dist=00;90:*.dpkg-new=00;90:*.dpkg-old=00;90:*.dpkg-tmp=00;90:*.old=00;90:*.orig=00;90:*.part=00;90:*.rej=00;90:*.rpmnew=00;90:*.rpmorig=00;90:*.rpmsave=00;90:*.swp=00;90:*.tmp=00;90:*.ucf-dist=00;90:*.ucf-new=00;90:*.ucf-old=00;90:', 'GNOME_TERMINAL_SERVICE': ':1.150', 'SSH_AUTH_SOCK': '/run/user/1002/keyring/ssh', 'AMENT_PREFIX_PATH': '/opt/ros/jazzy', 'SHELL': '/bin/bash', 'QT_ACCESSIBILITY': '1', 'GDMSESSION': 'ubuntu', 'LESSCLOSE': '/usr/bin/lesspipe %s %s', 'ROS_AUTOMATIC_DISCOVERY_RANGE': 'SUBNET', 'QT_IM_MODULE': 'ibus', 'PWD': '/home/olympusolutions/senior_ws/build/diffdrive_arduino', 'LC_ALL': 'en_US.UTF-8', 'XDG_CONFIG_DIRS': '/etc/xdg/xdg-ubuntu:/etc/xdg', 'XDG_DATA_DIRS': '/usr/share/ubuntu:/usr/share/gnome:/usr/local/share/:/usr/share/:/var/lib/snapd/desktop', 'PYTHONPATH': '/opt/ros/jazzy/lib/python3.12/site-packages', 'COLCON': '1', 'MEMORY_PRESSURE_WRITE': 'c29tZSAyMDAwMDAgMjAwMDAwMAA=', 'VTE_VERSION': '7600', 'CMAKE_PREFIX_PATH': '/opt/ros/jazzy/opt/gz_sim_vendor:/opt/ros/jazzy/opt/gz_sensors_vendor:/opt/ros/jazzy/opt/gz_physics_vendor:/opt/ros/jazzy/opt/sdformat_vendor:/opt/ros/jazzy/opt/gz_gui_vendor:/opt/ros/jazzy/opt/gz_transport_vendor:/opt/ros/jazzy/opt/gz_rendering_vendor:/opt/ros/jazzy/opt/gz_plugin_vendor:/opt/ros/jazzy/opt/gz_fuel_tools_vendor:/opt/ros/jazzy/opt/gz_msgs_vendor:/opt/ros/jazzy/opt/gz_common_vendor:/opt/ros/jazzy/opt/gz_math_vendor:/opt/ros/jazzy/opt/gz_utils_vendor:/opt/ros/jazzy/opt/gz_tools_vendor:/opt/ros/jazzy/opt/gz_ogre_next_vendor:/opt/ros/jazzy/opt/gz_dartsim_vendor:/opt/ros/jazzy/opt/gz_cmake_vendor:/opt/ros/jazzy'}), 'shell': False}
[0.069100] (extender_arduino) JobProgress: {'identifier': 'extender_arduino', 'progress': 'cmake'}
[0.071063] (extender_arduino) Command: {'cmd': ['/usr/bin/cmake', '/home/olympusolutions/senior_ws/src/extender_arduino', '-DCMAKE_INSTALL_PREFIX=/home/olympusolutions/senior_ws/install/extender_arduino'], 'cwd': '/home/olympusolutions/senior_ws/build/extender_arduino', 'env': OrderedDict({'LESSOPEN': '| /usr/bin/lesspipe %s', 'USER': 'olympusolutions', 'GZ_CONFIG_PATH': '/opt/ros/jazzy/opt/gz_sim_vendor/share/gz:/opt/ros/jazzy/opt/sdformat_vendor/share/gz:/opt/ros/jazzy/opt/gz_gui_vendor/share/gz:/opt/ros/jazzy/opt/gz_transport_vendor/share/gz:/opt/ros/jazzy/opt/gz_rendering_vendor/share/gz:/opt/ros/jazzy/opt/gz_plugin_vendor/share/gz:/opt/ros/jazzy/opt/gz_fuel_tools_vendor/share/gz:/opt/ros/jazzy/opt/gz_msgs_vendor/share/gz:/opt/ros/jazzy/opt/gz_common_vendor/share/gz', 'XDG_SESSION_TYPE': 'wayland', 'SHLVL': '1', 'LD_LIBRARY_PATH': '/opt/ros/jazzy/opt/gz_sim_vendor/lib:/opt/ros/jazzy/opt/gz_sensors_vendor/lib:/opt/ros/jazzy/opt/gz_physics_vendor/lib:/opt/ros/jazzy/opt/sdformat_vendor/lib:/opt/ros/jazzy/opt/rviz_ogre_vendor/lib:/opt/ros/jazzy/lib/aarch64-linux-gnu:/opt/ros/jazzy/opt/gz_gui_vendor/lib:/opt/ros/jazzy/opt/gz_transport_vendor/lib:/opt/ros/jazzy/opt/gz_rendering_vendor/lib:/opt/ros/jazzy/opt/gz_plugin_vendor/lib:/opt/ros/jazzy/opt/gz_fuel_tools_vendor/lib:/opt/ros/jazzy/opt/gz_msgs_vendor/lib:/opt/ros/jazzy/opt/gz_common_vendor/lib:/opt/ros/jazzy/opt/gz_math_vendor/lib:/opt/ros/jazzy/opt/gz_utils_vendor/lib:/opt/ros/jazzy/opt/gz_tools_vendor/lib:/opt/ros/jazzy/opt/gz_ogre_next_vendor/lib:/opt/ros/jazzy/opt/gz_dartsim_vendor/lib:/opt/ros/jazzy/opt/gz_cmake_vendor/lib:/opt/ros/jazzy/lib', 'HOME': '/home/olympusolutions', 'OLDPWD': '/home/olympusolutions', 'DESKTOP_SESSION': 'ubuntu', 'ROS_PYTHON_VERSION': '3', 'GNOME_SHELL_SESSION_MODE': 'ubuntu', 'GTK_MODULES': 'gail:atk-bridge', 'SYSTEMD_EXEC_PID': '3022', 'GSM_SKIP_SSH_AGENT_WORKAROUND': 'true', 'DBUS_SESSION_BUS_ADDRESS': 'unix:path=/run/user/1002/bus', 'COLORTERM': 'truecolor', 'DEBUGINFOD_URLS': 'https://debuginfod.ubuntu.com', 'IM_CONFIG_PHASE': '1', 'WAYLAND_DISPLAY': 'wayland-0', 'ROS_DISTRO': 'jazzy', 'LOGNAME': 'olympusolutions', '_': '/usr/bin/colcon', 'ROS_VERSION': '2', 'MEMORY_PRESSURE_WATCH': '/sys/fs/cgroup/user.slice/user-1002.slice/user@1002.service/session.slice/org.gnome.Shell@wayland.service/memory.pressure', 'XDG_SESSION_CLASS': 'user', 'USERNAME': 'olympusolutions', 'TERM': 'xterm-256color', 'GNOME_DESKTOP_SESSION_ID': 'this-is-deprecated', 'PATH': '/opt/ros/jazzy/opt/gz_msgs_vendor/bin:/opt/ros/jazzy/opt/gz_tools_vendor/bin:/opt/ros/jazzy/opt/gz_ogre_next_vendor/bin:/opt/ros/jazzy/bin:/home/olympusolutions/.local/bin:/usr/local/sbin:/usr/local/bin:/usr/sbin:/usr/bin:/sbin:/bin:/usr/games:/usr/local/games:/snap/bin:/snap/bin', 'SESSION_MANAGER': 'local/olympusolutions-desktop:@/tmp/.ICE-unix/2977,unix/olympusolutions-desktop:/tmp/.ICE-unix/2977', 'XDG_MENU_PREFIX': 'gnome-', 'GNOME_TERMINAL_SCREEN': '/org/gnome/Terminal/screen/5426054a_44ad_4b3b_9be3_3f00634632e4', 'GNOME_SETUP_DISPLAY': ':1', 'XDG_RUNTIME_DIR': '/run/user/1002', 'DISPLAY': ':0', 'LANG': 'en_US.UTF-8', 'XDG_CURRENT_DESKTOP': 'ubuntu:GNOME', 'XMODIFIERS': '@im=ibus', 'XDG_SESSION_DESKTOP': 'ubuntu', 'XAUTHORITY': '/run/user/1002/.mutter-Xwaylandauth.ZJBY42', 'LS_COLORS': 'rs=0:di=01;34:ln=01;36:mh=00:pi=40;33:so=01;35:do=01;35:bd=40;33;01:cd=40;33;01:or=40;31;01:mi=00:su=37;41:sg=30;43:ca=00:tw=30;42:ow=34;42:st=37;44:ex=01;32:*.tar=01;31:*.tgz=01;31:*.arc=01;31:*.arj=01;31:*.taz=01;31:*.lha=01;31:*.lz4=01;31:*.lzh=01;31:*.lzma=01;31:*.tlz=01;31:*.txz=01;31:*.tzo=01;31:*.t7z=01;31:*.zip=01;31:*.z=01;31:*.dz=01;31:*.gz=01;31:*.lrz=01;31:*.lz=01;31:*.lzo=01;31:*.xz=01;31:*.zst=01;31:*.tzst=01;31:*.bz2=01;31:*.bz=01;31:*.tbz=01;31:*.tbz2=01;31:*.tz=01;31:*.deb=01;31:*.rpm=01;31:*.jar=01;31:*.war=01;31:*.ear=01;31:*.sar=01;31:*.rar=01;31:*.alz=01;31:*.ace=01;31:*.zoo=01;31:*.cpio=01;31:*.7z=01;31:*.rz=01;31:*.cab=01;31:*.wim=01;31:*.swm=01;31:*.dwm=01;31:*.esd=01;31:*.avif=01;35:*.jpg=01;35:*.jpeg=01;35:*.mjpg=01;35:*.mjpeg=01;35:*.gif=01;35:*.bmp=01;35:*.pbm=01;35:*.pgm=01;35:*.ppm=01;35:*.tga=01;35:*.xbm=01;35:*.xpm=01;35:*.tif=01;35:*.tiff=01;35:*.png=01;35:*.svg=01;35:*.svgz=01;35:*.mng=01;35:*.pcx=01;35:*.mov=01;35:*.mpg=01;35:*.mpeg=01;35:*.m2v=01;35:*.mkv=01;35:*.webm=01;35:*.webp=01;35:*.ogm=01;35:*.mp4=01;35:*.m4v=01;35:*.mp4v=01;35:*.vob=01;35:*.qt=01;35:*.nuv=01;35:*.wmv=01;35:*.asf=01;35:*.rm=01;35:*.rmvb=01;35:*.flc=01;35:*.avi=01;35:*.fli=01;35:*.flv=01;35:*.gl=01;35:*.dl=01;35:*.xcf=01;35:*.xwd=01;35:*.yuv=01;35:*.cgm=01;35:*.emf=01;35:*.ogv=01;35:*.ogx=01;35:*.aac=00;36:*.au=00;36:*.flac=00;36:*.m4a=00;36:*.mid=00;36:*.midi=00;36:*.mka=00;36:*.mp3=00;36:*.mpc=00;36:*.ogg=00;36:*.ra=00;36:*.wav=00;36:*.oga=00;36:*.opus=00;36:*.spx=00;36:*.xspf=00;36:*~=00;90:*#=00;90:*.bak=00;90:*.crdownload=00;90:*.dpkg-dist=00;90:*.dpkg-new=00;90:*.dpkg-old=00;90:*.dpkg-tmp=00;90:*.old=00;90:*.orig=00;90:*.part=00;90:*.rej=00;90:*.rpmnew=00;90:*.rpmorig=00;90:*.rpmsave=00;90:*.swp=00;90:*.tmp=00;90:*.ucf-dist=00;90:*.ucf-new=00;90:*.ucf-old=00;90:', 'GNOME_TERMINAL_SERVICE': ':1.150', 'SSH_AUTH_SOCK': '/run/user/1002/keyring/ssh', 'AMENT_PREFIX_PATH': '/opt/ros/jazzy', 'SHELL': '/bin/bash', 'QT_ACCESSIBILITY': '1', 'GDMSESSION': 'ubuntu', 'LESSCLOSE': '/usr/bin/lesspipe %s %s', 'ROS_AUTOMATIC_DISCOVERY_RANGE': 'SUBNET', 'QT_IM_MODULE': 'ibus', 'PWD': '/home/olympusolutions/senior_ws/build/extender_arduino', 'LC_ALL': 'en_US.UTF-8', 'XDG_CONFIG_DIRS': '/etc/xdg/xdg-ubuntu:/etc/xdg', 'XDG_DATA_DIRS': '/usr/share/ubuntu:/usr/share/gnome:/usr/local/share/:/usr/share/:/var/lib/snapd/desktop', 'PYTHONPATH': '/opt/ros/jazzy/lib/python3.12/site-packages', 'COLCON': '1', 'MEMORY_PRESSURE_WRITE': 'c29tZSAyMDAwMDAgMjAwMDAwMAA=', 'VTE_VERSION': '7600', 'CMAKE_PREFIX_PATH': '/opt/ros/jazzy/opt/gz_sim_vendor:/opt/ros/jazzy/opt/gz_sensors_vendor:/opt/ros/jazzy/opt/gz_physics_vendor:/opt/ros/jazzy/opt/sdformat_vendor:/opt/ros/jazzy/opt/gz_gui_vendor:/opt/ros/jazzy/opt/gz_transport_vendor:/opt/ros/jazzy/opt/gz_rendering_vendor:/opt/ros/jazzy/opt/gz_plugin_vendor:/opt/ros/jazzy/opt/gz_fuel_tools_vendor:/opt/ros/jazzy/opt/gz_msgs_vendor:/opt/ros/jazzy/opt/gz_common_vendor:/opt/ros/jazzy/opt/gz_math_vendor:/opt/ros/jazzy/opt/gz_utils_vendor:/opt/ros/jazzy/opt/gz_tools_vendor:/opt/ros/jazzy/opt/gz_ogre_next_vendor:/opt/ros/jazzy/opt/gz_dartsim_vendor:/opt/ros/jazzy/opt/gz_cmake_vendor:/opt/ros/jazzy'}), 'shell': False}
[0.099691] (-) TimerEvent: {}
[0.200455] (-) TimerEvent: {}
[0.300940] (-) TimerEvent: {}
[0.402302] (-) TimerEvent: {}
[0.505282] (-) TimerEvent: {}
[0.608925] (-) TimerEvent: {}
[0.709269] (-) TimerEvent: {}
[0.737309] (serial_motor_demo_msgs) StdoutLine: {'line': b'-- The C compiler identification is GNU 13.3.0\n'}
[0.809371] (-) TimerEvent: {}
[0.884839] (extender_arduino) StdoutLine: {'line': b'-- The CXX compiler identification is GNU 13.3.0\n'}
[0.889824] (diffdrive_arduino) StdoutLine: {'line': b'-- The CXX compiler identification is GNU 13.3.0\n'}
[0.910495] (-) TimerEvent: {}
[0.986234] (diffdrive_arduino) StdoutLine: {'line': b'-- Detecting CXX compiler ABI info\n'}
[0.990973] (extender_arduino) StdoutLine: {'line': b'-- Detecting CXX compiler ABI info\n'}
[1.010680] (-) TimerEvent: {}
[1.039433] (serial_motor_demo_msgs) StdoutLine: {'line': b'-- The CXX compiler identification is GNU 13.3.0\n'}
[1.111111] (-) TimerEvent: {}
[1.114226] (serial_motor_demo_msgs) StdoutLine: {'line': b'-- Detecting C compiler ABI info\n'}
[1.211253] (-) TimerEvent: {}
[1.314784] (-) TimerEvent: {}
[1.413928] (extender_arduino) StdoutLine: {'line': b'-- Detecting CXX compiler ABI info - done\n'}
[1.415718] (-) TimerEvent: {}
[1.419425] (diffdrive_arduino) StdoutLine: {'line': b'-- Detecting CXX compiler ABI info - done\n'}
[1.437032] (extender_arduino) StdoutLine: {'line': b'-- Check for working CXX compiler: /usr/bin/c++ - skipped\n'}
[1.437371] (diffdrive_arduino) StdoutLine: {'line': b'-- Check for working CXX compiler: /usr/bin/c++ - skipped\n'}
[1.438280] (diffdrive_arduino) StdoutLine: {'line': b'-- Detecting CXX compile features\n'}
[1.438785] (extender_arduino) StdoutLine: {'line': b'-- Detecting CXX compile features\n'}
[1.445734] (diffdrive_arduino) StdoutLine: {'line': b'-- Detecting CXX compile features - done\n'}
[1.446067] (extender_arduino) StdoutLine: {'line': b'-- Detecting CXX compile features - done\n'}
[1.446239] (serial_motor_demo_msgs) StdoutLine: {'line': b'-- Detecting C compiler ABI info - done\n'}
[1.461849] (serial_motor_demo_msgs) StdoutLine: {'line': b'-- Check for working C compiler: /usr/bin/cc - skipped\n'}
[1.462115] (serial_motor_demo_msgs) StdoutLine: {'line': b'-- Detecting C compile features\n'}
[1.462225] (serial_motor_demo_msgs) StdoutLine: {'line': b'-- Detecting C compile features - done\n'}
[1.471944] (diffdrive_arduino) StdoutLine: {'line': b'-- Found ament_cmake: 2.5.3 (/opt/ros/jazzy/share/ament_cmake/cmake)\n'}
[1.472276] (extender_arduino) StdoutLine: {'line': b'-- Found ament_cmake: 2.5.3 (/opt/ros/jazzy/share/ament_cmake/cmake)\n'}
[1.486307] (serial_motor_demo_msgs) StdoutLine: {'line': b'-- Detecting CXX compiler ABI info\n'}
[1.517754] (-) TimerEvent: {}
[1.619789] (-) TimerEvent: {}
[1.720287] (-) TimerEvent: {}
[1.822219] (-) TimerEvent: {}
[1.899744] (serial_motor_demo_msgs) StdoutLine: {'line': b'-- Detecting CXX compiler ABI info - done\n'}
[1.922371] (-) TimerEvent: {}
[1.932618] (serial_motor_demo_msgs) StdoutLine: {'line': b'-- Check for working CXX compiler: /usr/bin/c++ - skipped\n'}
[1.936718] (serial_motor_demo_msgs) StdoutLine: {'line': b'-- Detecting CXX compile features\n'}
[1.939012] (serial_motor_demo_msgs) StdoutLine: {'line': b'-- Detecting CXX compile features - done\n'}
[1.959922] (serial_motor_demo_msgs) StdoutLine: {'line': b'-- Found ament_cmake: 2.5.3 (/opt/ros/jazzy/share/ament_cmake/cmake)\n'}
[2.023137] (-) TimerEvent: {}
[2.112731] (diffdrive_arduino) StdoutLine: {'line': b'-- Found Python3: /usr/bin/python3 (found version "3.12.3") found components: Interpreter \n'}
[2.115408] (extender_arduino) StdoutLine: {'line': b'-- Found Python3: /usr/bin/python3 (found version "3.12.3") found components: Interpreter \n'}
[2.123426] (-) TimerEvent: {}
[2.223846] (-) TimerEvent: {}
[2.326791] (-) TimerEvent: {}
[2.381912] (serial_motor_demo_msgs) StdoutLine: {'line': b'-- Found Python3: /usr/bin/python3 (found version "3.12.3") found components: Interpreter \n'}
[2.426905] (-) TimerEvent: {}
[2.491594] (extender_arduino) StdoutLine: {'line': b'-- Found hardware_interface: 4.24.0 (/opt/ros/jazzy/share/hardware_interface/cmake)\n'}
[2.491892] (diffdrive_arduino) StdoutLine: {'line': b'-- Found hardware_interface: 4.24.0 (/opt/ros/jazzy/share/hardware_interface/cmake)\n'}
[2.527310] (-) TimerEvent: {}
[2.627813] (-) TimerEvent: {}
[2.639723] (serial_motor_demo_msgs) StdoutLine: {'line': b'-- Found ament_lint_auto: 0.17.1 (/opt/ros/jazzy/share/ament_lint_auto/cmake)\n'}
[2.647214] (diffdrive_arduino) StdoutLine: {'line': b'-- Found rosidl_generator_c: 4.6.5 (/opt/ros/jazzy/share/rosidl_generator_c/cmake)\n'}
[2.647540] (extender_arduino) StdoutLine: {'line': b'-- Found rosidl_generator_c: 4.6.5 (/opt/ros/jazzy/share/rosidl_generator_c/cmake)\n'}
[2.694711] (diffdrive_arduino) StdoutLine: {'line': b'-- Found rosidl_generator_cpp: 4.6.5 (/opt/ros/jazzy/share/rosidl_generator_cpp/cmake)\n'}
[2.695418] (extender_arduino) StdoutLine: {'line': b'-- Found rosidl_generator_cpp: 4.6.5 (/opt/ros/jazzy/share/rosidl_generator_cpp/cmake)\n'}
[2.727927] (-) TimerEvent: {}
[2.754138] (extender_arduino) StdoutLine: {'line': b'-- Using all available rosidl_typesupport_c: rosidl_typesupport_fastrtps_c;rosidl_typesupport_introspection_c\n'}
[2.754530] (diffdrive_arduino) StdoutLine: {'line': b'-- Using all available rosidl_typesupport_c: rosidl_typesupport_fastrtps_c;rosidl_typesupport_introspection_c\n'}
[2.821055] (diffdrive_arduino) StdoutLine: {'line': b'-- Using all available rosidl_typesupport_cpp: rosidl_typesupport_fastrtps_cpp;rosidl_typesupport_introspection_cpp\n'}
[2.821416] (extender_arduino) StdoutLine: {'line': b'-- Using all available rosidl_typesupport_cpp: rosidl_typesupport_fastrtps_cpp;rosidl_typesupport_introspection_cpp\n'}
[2.828547] (-) TimerEvent: {}
[2.924084] (serial_motor_demo_msgs) StdoutLine: {'line': b'-- Found rosidl_default_generators: 1.6.0 (/opt/ros/jazzy/share/rosidl_default_generators/cmake)\n'}
[2.928726] (-) TimerEvent: {}
[2.950595] (serial_motor_demo_msgs) StdoutLine: {'line': b'-- Using all available rosidl_typesupport_c: rosidl_typesupport_fastrtps_c;rosidl_typesupport_introspection_c\n'}
[2.998049] (joy_tester) Command: {'cmd': ['/usr/bin/python3', '-W', 'ignore:setup.py install is deprecated', '-W', 'ignore:easy_install command is deprecated', 'setup.py', 'egg_info', '--egg-base', '../../build/joy_tester', 'build', '--build-base', '/home/olympusolutions/senior_ws/build/joy_tester/build', 'install', '--record', '/home/olympusolutions/senior_ws/build/joy_tester/install.log', '--single-version-externally-managed', 'install_data'], 'cwd': '/home/olympusolutions/senior_ws/src/joy_tester', 'env': {'LESSOPEN': '| /usr/bin/lesspipe %s', 'USER': 'olympusolutions', 'GZ_CONFIG_PATH': '/opt/ros/jazzy/opt/gz_sim_vendor/share/gz:/opt/ros/jazzy/opt/sdformat_vendor/share/gz:/opt/ros/jazzy/opt/gz_gui_vendor/share/gz:/opt/ros/jazzy/opt/gz_transport_vendor/share/gz:/opt/ros/jazzy/opt/gz_rendering_vendor/share/gz:/opt/ros/jazzy/opt/gz_plugin_vendor/share/gz:/opt/ros/jazzy/opt/gz_fuel_tools_vendor/share/gz:/opt/ros/jazzy/opt/gz_msgs_vendor/share/gz:/opt/ros/jazzy/opt/gz_common_vendor/share/gz', 'XDG_SESSION_TYPE': 'wayland', 'SHLVL': '1', 'LD_LIBRARY_PATH': '/opt/ros/jazzy/opt/gz_sim_vendor/lib:/opt/ros/jazzy/opt/gz_sensors_vendor/lib:/opt/ros/jazzy/opt/gz_physics_vendor/lib:/opt/ros/jazzy/opt/sdformat_vendor/lib:/opt/ros/jazzy/opt/rviz_ogre_vendor/lib:/opt/ros/jazzy/lib/aarch64-linux-gnu:/opt/ros/jazzy/opt/gz_gui_vendor/lib:/opt/ros/jazzy/opt/gz_transport_vendor/lib:/opt/ros/jazzy/opt/gz_rendering_vendor/lib:/opt/ros/jazzy/opt/gz_plugin_vendor/lib:/opt/ros/jazzy/opt/gz_fuel_tools_vendor/lib:/opt/ros/jazzy/opt/gz_msgs_vendor/lib:/opt/ros/jazzy/opt/gz_common_vendor/lib:/opt/ros/jazzy/opt/gz_math_vendor/lib:/opt/ros/jazzy/opt/gz_utils_vendor/lib:/opt/ros/jazzy/opt/gz_tools_vendor/lib:/opt/ros/jazzy/opt/gz_ogre_next_vendor/lib:/opt/ros/jazzy/opt/gz_dartsim_vendor/lib:/opt/ros/jazzy/opt/gz_cmake_vendor/lib:/opt/ros/jazzy/lib', 'HOME': '/home/olympusolutions', 'OLDPWD': '/home/olympusolutions', 'DESKTOP_SESSION': 'ubuntu', 'ROS_PYTHON_VERSION': '3', 'GNOME_SHELL_SESSION_MODE': 'ubuntu', 'GTK_MODULES': 'gail:atk-bridge', 'SYSTEMD_EXEC_PID': '3022', 'GSM_SKIP_SSH_AGENT_WORKAROUND': 'true', 'DBUS_SESSION_BUS_ADDRESS': 'unix:path=/run/user/1002/bus', 'COLORTERM': 'truecolor', 'DEBUGINFOD_URLS': 'https://debuginfod.ubuntu.com', 'IM_CONFIG_PHASE': '1', 'WAYLAND_DISPLAY': 'wayland-0', 'ROS_DISTRO': 'jazzy', 'LOGNAME': 'olympusolutions', '_': '/usr/bin/colcon', 'ROS_VERSION': '2', 'MEMORY_PRESSURE_WATCH': '/sys/fs/cgroup/user.slice/user-1002.slice/user@1002.service/session.slice/org.gnome.Shell@wayland.service/memory.pressure', 'XDG_SESSION_CLASS': 'user', 'USERNAME': 'olympusolutions', 'TERM': 'xterm-256color', 'GNOME_DESKTOP_SESSION_ID': 'this-is-deprecated', 'PATH': '/opt/ros/jazzy/opt/gz_msgs_vendor/bin:/opt/ros/jazzy/opt/gz_tools_vendor/bin:/opt/ros/jazzy/opt/gz_ogre_next_vendor/bin:/opt/ros/jazzy/bin:/home/olympusolutions/.local/bin:/usr/local/sbin:/usr/local/bin:/usr/sbin:/usr/bin:/sbin:/bin:/usr/games:/usr/local/games:/snap/bin:/snap/bin', 'SESSION_MANAGER': 'local/olympusolutions-desktop:@/tmp/.ICE-unix/2977,unix/olympusolutions-desktop:/tmp/.ICE-unix/2977', 'XDG_MENU_PREFIX': 'gnome-', 'GNOME_TERMINAL_SCREEN': '/org/gnome/Terminal/screen/5426054a_44ad_4b3b_9be3_3f00634632e4', 'GNOME_SETUP_DISPLAY': ':1', 'XDG_RUNTIME_DIR': '/run/user/1002', 'DISPLAY': ':0', 'LANG': 'en_US.UTF-8', 'XDG_CURRENT_DESKTOP': 'ubuntu:GNOME', 'XMODIFIERS': '@im=ibus', 'XDG_SESSION_DESKTOP': 'ubuntu', 'XAUTHORITY': '/run/user/1002/.mutter-Xwaylandauth.ZJBY42', 'LS_COLORS': 'rs=0:di=01;34:ln=01;36:mh=00:pi=40;33:so=01;35:do=01;35:bd=40;33;01:cd=40;33;01:or=40;31;01:mi=00:su=37;41:sg=30;43:ca=00:tw=30;42:ow=34;42:st=37;44:ex=01;32:*.tar=01;31:*.tgz=01;31:*.arc=01;31:*.arj=01;31:*.taz=01;31:*.lha=01;31:*.lz4=01;31:*.lzh=01;31:*.lzma=01;31:*.tlz=01;31:*.txz=01;31:*.tzo=01;31:*.t7z=01;31:*.zip=01;31:*.z=01;31:*.dz=01;31:*.gz=01;31:*.lrz=01;31:*.lz=01;31:*.lzo=01;31:*.xz=01;31:*.zst=01;31:*.tzst=01;31:*.bz2=01;31:*.bz=01;31:*.tbz=01;31:*.tbz2=01;31:*.tz=01;31:*.deb=01;31:*.rpm=01;31:*.jar=01;31:*.war=01;31:*.ear=01;31:*.sar=01;31:*.rar=01;31:*.alz=01;31:*.ace=01;31:*.zoo=01;31:*.cpio=01;31:*.7z=01;31:*.rz=01;31:*.cab=01;31:*.wim=01;31:*.swm=01;31:*.dwm=01;31:*.esd=01;31:*.avif=01;35:*.jpg=01;35:*.jpeg=01;35:*.mjpg=01;35:*.mjpeg=01;35:*.gif=01;35:*.bmp=01;35:*.pbm=01;35:*.pgm=01;35:*.ppm=01;35:*.tga=01;35:*.xbm=01;35:*.xpm=01;35:*.tif=01;35:*.tiff=01;35:*.png=01;35:*.svg=01;35:*.svgz=01;35:*.mng=01;35:*.pcx=01;35:*.mov=01;35:*.mpg=01;35:*.mpeg=01;35:*.m2v=01;35:*.mkv=01;35:*.webm=01;35:*.webp=01;35:*.ogm=01;35:*.mp4=01;35:*.m4v=01;35:*.mp4v=01;35:*.vob=01;35:*.qt=01;35:*.nuv=01;35:*.wmv=01;35:*.asf=01;35:*.rm=01;35:*.rmvb=01;35:*.flc=01;35:*.avi=01;35:*.fli=01;35:*.flv=01;35:*.gl=01;35:*.dl=01;35:*.xcf=01;35:*.xwd=01;35:*.yuv=01;35:*.cgm=01;35:*.emf=01;35:*.ogv=01;35:*.ogx=01;35:*.aac=00;36:*.au=00;36:*.flac=00;36:*.m4a=00;36:*.mid=00;36:*.midi=00;36:*.mka=00;36:*.mp3=00;36:*.mpc=00;36:*.ogg=00;36:*.ra=00;36:*.wav=00;36:*.oga=00;36:*.opus=00;36:*.spx=00;36:*.xspf=00;36:*~=00;90:*#=00;90:*.bak=00;90:*.crdownload=00;90:*.dpkg-dist=00;90:*.dpkg-new=00;90:*.dpkg-old=00;90:*.dpkg-tmp=00;90:*.old=00;90:*.orig=00;90:*.part=00;90:*.rej=00;90:*.rpmnew=00;90:*.rpmorig=00;90:*.rpmsave=00;90:*.swp=00;90:*.tmp=00;90:*.ucf-dist=00;90:*.ucf-new=00;90:*.ucf-old=00;90:', 'GNOME_TERMINAL_SERVICE': ':1.150', 'SSH_AUTH_SOCK': '/run/user/1002/keyring/ssh', 'AMENT_PREFIX_PATH': '/opt/ros/jazzy', 'SHELL': '/bin/bash', 'QT_ACCESSIBILITY': '1', 'GDMSESSION': 'ubuntu', 'LESSCLOSE': '/usr/bin/lesspipe %s %s', 'ROS_AUTOMATIC_DISCOVERY_RANGE': 'SUBNET', 'QT_IM_MODULE': 'ibus', 'PWD': '/home/olympusolutions/senior_ws/build/joy_tester', 'LC_ALL': 'en_US.UTF-8', 'XDG_CONFIG_DIRS': '/etc/xdg/xdg-ubuntu:/etc/xdg', 'XDG_DATA_DIRS': '/usr/share/ubuntu:/usr/share/gnome:/usr/local/share/:/usr/share/:/var/lib/snapd/desktop', 'PYTHONPATH': '/home/olympusolutions/senior_ws/build/joy_tester/prefix_override:/usr/lib/python3/dist-packages/colcon_core/task/python/colcon_distutils_commands:/home/olympusolutions/senior_ws/install/joy_tester/lib/python3.12/site-packages:/opt/ros/jazzy/lib/python3.12/site-packages', 'COLCON': '1', 'MEMORY_PRESSURE_WRITE': 'c29tZSAyMDAwMDAgMjAwMDAwMAA=', 'VTE_VERSION': '7600', 'CMAKE_PREFIX_PATH': '/opt/ros/jazzy/opt/gz_sim_vendor:/opt/ros/jazzy/opt/gz_sensors_vendor:/opt/ros/jazzy/opt/gz_physics_vendor:/opt/ros/jazzy/opt/sdformat_vendor:/opt/ros/jazzy/opt/gz_gui_vendor:/opt/ros/jazzy/opt/gz_transport_vendor:/opt/ros/jazzy/opt/gz_rendering_vendor:/opt/ros/jazzy/opt/gz_plugin_vendor:/opt/ros/jazzy/opt/gz_fuel_tools_vendor:/opt/ros/jazzy/opt/gz_msgs_vendor:/opt/ros/jazzy/opt/gz_common_vendor:/opt/ros/jazzy/opt/gz_math_vendor:/opt/ros/jazzy/opt/gz_utils_vendor:/opt/ros/jazzy/opt/gz_tools_vendor:/opt/ros/jazzy/opt/gz_ogre_next_vendor:/opt/ros/jazzy/opt/gz_dartsim_vendor:/opt/ros/jazzy/opt/gz_cmake_vendor'}, 'shell': False}
[3.028828] (-) TimerEvent: {}
[3.073568] (serial_motor_demo_msgs) StdoutLine: {'line': b'-- Using all available rosidl_typesupport_cpp: rosidl_typesupport_fastrtps_cpp;rosidl_typesupport_introspection_cpp\n'}
[3.128934] (-) TimerEvent: {}
[3.190929] (serial_motor_demo_msgs) StdoutLine: {'line': b'-- Found rosidl_adapter: 4.6.5 (/opt/ros/jazzy/share/rosidl_adapter/cmake)\n'}
[3.231748] (-) TimerEvent: {}
[3.332748] (-) TimerEvent: {}
[3.379738] (diffdrive_arduino) StdoutLine: {'line': b'-- Found TinyXML2 via Config file: /usr/lib/aarch64-linux-gnu/cmake/tinyxml2\n'}
[3.380109] (extender_arduino) StdoutLine: {'line': b'-- Found TinyXML2 via Config file: /usr/lib/aarch64-linux-gnu/cmake/tinyxml2\n'}
[3.432858] (-) TimerEvent: {}
[3.504386] (diffdrive_arduino) StdoutLine: {'line': b'-- Found rmw_implementation_cmake: 7.3.1 (/opt/ros/jazzy/share/rmw_implementation_cmake/cmake)\n'}
[3.505707] (extender_arduino) StdoutLine: {'line': b'-- Found rmw_implementation_cmake: 7.3.1 (/opt/ros/jazzy/share/rmw_implementation_cmake/cmake)\n'}
[3.514610] (extender_arduino) StdoutLine: {'line': b'-- Found rmw_fastrtps_cpp: 8.4.1 (/opt/ros/jazzy/share/rmw_fastrtps_cpp/cmake)\n'}
[3.514946] (diffdrive_arduino) StdoutLine: {'line': b'-- Found rmw_fastrtps_cpp: 8.4.1 (/opt/ros/jazzy/share/rmw_fastrtps_cpp/cmake)\n'}
[3.535712] (-) TimerEvent: {}
[3.546976] (joy_tester) StdoutLine: {'line': b'running egg_info\n'}
[3.549290] (joy_tester) StdoutLine: {'line': b'creating ../../build/joy_tester/joy_tester.egg-info\n'}
[3.587415] (joy_tester) StdoutLine: {'line': b'writing ../../build/joy_tester/joy_tester.egg-info/PKG-INFO\n'}
[3.588514] (joy_tester) StdoutLine: {'line': b'writing dependency_links to ../../build/joy_tester/joy_tester.egg-info/dependency_links.txt\n'}
[3.588784] (joy_tester) StdoutLine: {'line': b'writing entry points to ../../build/joy_tester/joy_tester.egg-info/entry_points.txt\n'}
[3.588910] (joy_tester) StdoutLine: {'line': b'writing requirements to ../../build/joy_tester/joy_tester.egg-info/requires.txt\n'}
[3.588998] (joy_tester) StdoutLine: {'line': b'writing top-level names to ../../build/joy_tester/joy_tester.egg-info/top_level.txt\n'}
[3.589088] (joy_tester) StdoutLine: {'line': b"writing manifest file '../../build/joy_tester/joy_tester.egg-info/SOURCES.txt'\n"}
[3.591389] (extender_arduino) StdoutLine: {'line': b'-- Found TinyXML2 via Config file: /usr/lib/aarch64-linux-gnu/cmake/tinyxml2\n'}
[3.593476] (diffdrive_arduino) StdoutLine: {'line': b'-- Found TinyXML2 via Config file: /usr/lib/aarch64-linux-gnu/cmake/tinyxml2\n'}
[3.635930] (-) TimerEvent: {}
[3.681767] (joy_tester) StdoutLine: {'line': b"reading manifest file '../../build/joy_tester/joy_tester.egg-info/SOURCES.txt'\n"}
[3.682044] (joy_tester) StdoutLine: {'line': b"adding license file 'LICENSE'\n"}
[3.682614] (joy_tester) StdoutLine: {'line': b"writing manifest file '../../build/joy_tester/joy_tester.egg-info/SOURCES.txt'\n"}
[3.683403] (joy_tester) StdoutLine: {'line': b'running build\n'}
[3.683620] (joy_tester) StdoutLine: {'line': b'running build_py\n'}
[3.683755] (joy_tester) StdoutLine: {'line': b'creating /home/olympusolutions/senior_ws/build/joy_tester/build\n'}
[3.683935] (joy_tester) StdoutLine: {'line': b'creating /home/olympusolutions/senior_ws/build/joy_tester/build/lib\n'}
[3.685333] (joy_tester) StdoutLine: {'line': b'creating /home/olympusolutions/senior_ws/build/joy_tester/build/lib/joy_tester\n'}
[3.685476] (joy_tester) StdoutLine: {'line': b'copying joy_tester/__init__.py -> /home/olympusolutions/senior_ws/build/joy_tester/build/lib/joy_tester\n'}
[3.685580] (joy_tester) StdoutLine: {'line': b'copying joy_tester/test_joy.py -> /home/olympusolutions/senior_ws/build/joy_tester/build/lib/joy_tester\n'}
[3.685717] (joy_tester) StdoutLine: {'line': b'running install\n'}
[3.698390] (joy_tester) StdoutLine: {'line': b'running install_lib\n'}
[3.736045] (-) TimerEvent: {}
[3.744033] (joy_tester) StdoutLine: {'line': b'creating /home/olympusolutions/senior_ws/install/joy_tester/lib/python3.12/site-packages/joy_tester\n'}
[3.744413] (joy_tester) StdoutLine: {'line': b'copying /home/olympusolutions/senior_ws/build/joy_tester/build/lib/joy_tester/__init__.py -> /home/olympusolutions/senior_ws/install/joy_tester/lib/python3.12/site-packages/joy_tester\n'}
[3.744592] (joy_tester) StdoutLine: {'line': b'copying /home/olympusolutions/senior_ws/build/joy_tester/build/lib/joy_tester/test_joy.py -> /home/olympusolutions/senior_ws/install/joy_tester/lib/python3.12/site-packages/joy_tester\n'}
[3.746392] (joy_tester) StdoutLine: {'line': b'byte-compiling /home/olympusolutions/senior_ws/install/joy_tester/lib/python3.12/site-packages/joy_tester/__init__.py to __init__.cpython-312.pyc\n'}
[3.746733] (joy_tester) StdoutLine: {'line': b'byte-compiling /home/olympusolutions/senior_ws/install/joy_tester/lib/python3.12/site-packages/joy_tester/test_joy.py to test_joy.cpython-312.pyc\n'}
[3.752406] (joy_tester) StdoutLine: {'line': b'running install_data\n'}
[3.753965] (joy_tester) StdoutLine: {'line': b'creating /home/olympusolutions/senior_ws/install/joy_tester/share/ament_index\n'}
[3.754202] (joy_tester) StdoutLine: {'line': b'creating /home/olympusolutions/senior_ws/install/joy_tester/share/ament_index/resource_index\n'}
[3.754312] (joy_tester) StdoutLine: {'line': b'creating /home/olympusolutions/senior_ws/install/joy_tester/share/ament_index/resource_index/packages\n'}
[3.754407] (joy_tester) StdoutLine: {'line': b'copying resource/joy_tester -> /home/olympusolutions/senior_ws/install/joy_tester/share/ament_index/resource_index/packages\n'}
[3.754500] (joy_tester) StdoutLine: {'line': b'copying package.xml -> /home/olympusolutions/senior_ws/install/joy_tester/share/joy_tester\n'}
[3.754596] (joy_tester) StdoutLine: {'line': b'running install_egg_info\n'}
[3.776068] (extender_arduino) StdoutLine: {'line': b'-- Found OpenSSL: /usr/lib/aarch64-linux-gnu/libcrypto.so (found version "3.0.13")  \n'}
[3.777611] (diffdrive_arduino) StdoutLine: {'line': b'-- Found OpenSSL: /usr/lib/aarch64-linux-gnu/libcrypto.so (found version "3.0.13")  \n'}
[3.787744] (extender_arduino) StdoutLine: {'line': b'-- Found TinyXML2 via Config file: /usr/lib/aarch64-linux-gnu/cmake/tinyxml2\n'}
[3.788095] (diffdrive_arduino) StdoutLine: {'line': b'-- Found TinyXML2 via Config file: /usr/lib/aarch64-linux-gnu/cmake/tinyxml2\n'}
[3.802284] (joy_tester) StdoutLine: {'line': b'Copying ../../build/joy_tester/joy_tester.egg-info to /home/olympusolutions/senior_ws/install/joy_tester/lib/python3.12/site-packages/joy_tester-0.0.2-py3.12.egg-info\n'}
[3.804174] (joy_tester) StdoutLine: {'line': b'running install_scripts\n'}
[3.817819] (diffdrive_arduino) StdoutLine: {'line': b'-- Found FastRTPS: /opt/ros/jazzy/include (Required is at least version "2.13") \n'}
[3.818166] (extender_arduino) StdoutLine: {'line': b'-- Found FastRTPS: /opt/ros/jazzy/include (Required is at least version "2.13") \n'}
[3.823308] (diffdrive_arduino) StdoutLine: {'line': b'-- Found TinyXML2 via Config file: /usr/lib/aarch64-linux-gnu/cmake/tinyxml2\n'}
[3.823611] (extender_arduino) StdoutLine: {'line': b'-- Found TinyXML2 via Config file: /usr/lib/aarch64-linux-gnu/cmake/tinyxml2\n'}
[3.836166] (-) TimerEvent: {}
[3.841318] (diffdrive_arduino) StdoutLine: {'line': b'-- Found TinyXML2 via Config file: /usr/lib/aarch64-linux-gnu/cmake/tinyxml2\n'}
[3.849788] (extender_arduino) StdoutLine: {'line': b'-- Found TinyXML2 via Config file: /usr/lib/aarch64-linux-gnu/cmake/tinyxml2\n'}
[3.875197] (diffdrive_arduino) StdoutLine: {'line': b"-- Using RMW implementation 'rmw_fastrtps_cpp' as default\n"}
[3.881556] (extender_arduino) StdoutLine: {'line': b"-- Using RMW implementation 'rmw_fastrtps_cpp' as default\n"}
[3.936278] (-) TimerEvent: {}
[4.036812] (-) TimerEvent: {}
[4.105636] (joy_tester) StdoutLine: {'line': b'Installing test_joy script to /home/olympusolutions/senior_ws/install/joy_tester/lib/joy_tester\n'}
[4.106060] (joy_tester) StdoutLine: {'line': b"writing list of installed files to '/home/olympusolutions/senior_ws/build/joy_tester/install.log'\n"}
[4.136960] (-) TimerEvent: {}
[4.229763] (joy_tester) CommandEnded: {'returncode': 0}
[4.237259] (-) TimerEvent: {}
[4.274955] (joy_tester) JobEnded: {'identifier': 'joy_tester', 'rc': 0}
[4.279271] (listener_package) JobStarted: {'identifier': 'listener_package'}
[4.337421] (-) TimerEvent: {}
[4.379470] (serial_motor_demo_msgs) StdoutLine: {'line': b'-- Found ament_cmake_ros: 0.12.0 (/opt/ros/jazzy/share/ament_cmake_ros/cmake)\n'}
[4.437550] (-) TimerEvent: {}
[4.540139] (-) TimerEvent: {}
[4.618214] (extender_arduino) StdoutLine: {'line': b'-- Found ament_cmake_gtest: 2.5.3 (/opt/ros/jazzy/share/ament_cmake_gtest/cmake)\n'}
[4.620737] (diffdrive_arduino) StdoutLine: {'line': b'-- Found ament_cmake_gtest: 2.5.3 (/opt/ros/jazzy/share/ament_cmake_gtest/cmake)\n'}
[4.640254] (-) TimerEvent: {}
[4.740662] (-) TimerEvent: {}
[4.841147] (-) TimerEvent: {}
[4.930186] (extender_arduino) StdoutLine: {'line': b'-- Configuring done (4.8s)\n'}
[4.930601] (diffdrive_arduino) StdoutLine: {'line': b'-- Configuring done (4.8s)\n'}
[4.941271] (-) TimerEvent: {}
[4.988889] (diffdrive_arduino) StdoutLine: {'line': b'-- Generating done (0.0s)\n'}
[5.001777] (diffdrive_arduino) StdoutLine: {'line': b'-- Build files have been written to: /home/olympusolutions/senior_ws/build/diffdrive_arduino\n'}
[5.030630] (diffdrive_arduino) CommandEnded: {'returncode': 0}
[5.033958] (extender_arduino) StdoutLine: {'line': b'-- Generating done (0.1s)\n'}
[5.034142] (diffdrive_arduino) JobProgress: {'identifier': 'diffdrive_arduino', 'progress': 'build'}
[5.034177] (diffdrive_arduino) Command: {'cmd': ['/usr/bin/cmake', '--build', '/home/olympusolutions/senior_ws/build/diffdrive_arduino', '--', '-j4', '-l4'], 'cwd': '/home/olympusolutions/senior_ws/build/diffdrive_arduino', 'env': OrderedDict({'LESSOPEN': '| /usr/bin/lesspipe %s', 'USER': 'olympusolutions', 'GZ_CONFIG_PATH': '/opt/ros/jazzy/opt/gz_sim_vendor/share/gz:/opt/ros/jazzy/opt/sdformat_vendor/share/gz:/opt/ros/jazzy/opt/gz_gui_vendor/share/gz:/opt/ros/jazzy/opt/gz_transport_vendor/share/gz:/opt/ros/jazzy/opt/gz_rendering_vendor/share/gz:/opt/ros/jazzy/opt/gz_plugin_vendor/share/gz:/opt/ros/jazzy/opt/gz_fuel_tools_vendor/share/gz:/opt/ros/jazzy/opt/gz_msgs_vendor/share/gz:/opt/ros/jazzy/opt/gz_common_vendor/share/gz', 'XDG_SESSION_TYPE': 'wayland', 'SHLVL': '1', 'LD_LIBRARY_PATH': '/opt/ros/jazzy/opt/gz_sim_vendor/lib:/opt/ros/jazzy/opt/gz_sensors_vendor/lib:/opt/ros/jazzy/opt/gz_physics_vendor/lib:/opt/ros/jazzy/opt/sdformat_vendor/lib:/opt/ros/jazzy/opt/rviz_ogre_vendor/lib:/opt/ros/jazzy/lib/aarch64-linux-gnu:/opt/ros/jazzy/opt/gz_gui_vendor/lib:/opt/ros/jazzy/opt/gz_transport_vendor/lib:/opt/ros/jazzy/opt/gz_rendering_vendor/lib:/opt/ros/jazzy/opt/gz_plugin_vendor/lib:/opt/ros/jazzy/opt/gz_fuel_tools_vendor/lib:/opt/ros/jazzy/opt/gz_msgs_vendor/lib:/opt/ros/jazzy/opt/gz_common_vendor/lib:/opt/ros/jazzy/opt/gz_math_vendor/lib:/opt/ros/jazzy/opt/gz_utils_vendor/lib:/opt/ros/jazzy/opt/gz_tools_vendor/lib:/opt/ros/jazzy/opt/gz_ogre_next_vendor/lib:/opt/ros/jazzy/opt/gz_dartsim_vendor/lib:/opt/ros/jazzy/opt/gz_cmake_vendor/lib:/opt/ros/jazzy/lib', 'HOME': '/home/olympusolutions', 'OLDPWD': '/home/olympusolutions', 'DESKTOP_SESSION': 'ubuntu', 'ROS_PYTHON_VERSION': '3', 'GNOME_SHELL_SESSION_MODE': 'ubuntu', 'GTK_MODULES': 'gail:atk-bridge', 'SYSTEMD_EXEC_PID': '3022', 'GSM_SKIP_SSH_AGENT_WORKAROUND': 'true', 'DBUS_SESSION_BUS_ADDRESS': 'unix:path=/run/user/1002/bus', 'COLORTERM': 'truecolor', 'DEBUGINFOD_URLS': 'https://debuginfod.ubuntu.com', 'IM_CONFIG_PHASE': '1', 'WAYLAND_DISPLAY': 'wayland-0', 'ROS_DISTRO': 'jazzy', 'LOGNAME': 'olympusolutions', '_': '/usr/bin/colcon', 'ROS_VERSION': '2', 'MEMORY_PRESSURE_WATCH': '/sys/fs/cgroup/user.slice/user-1002.slice/user@1002.service/session.slice/org.gnome.Shell@wayland.service/memory.pressure', 'XDG_SESSION_CLASS': 'user', 'USERNAME': 'olympusolutions', 'TERM': 'xterm-256color', 'GNOME_DESKTOP_SESSION_ID': 'this-is-deprecated', 'PATH': '/opt/ros/jazzy/opt/gz_msgs_vendor/bin:/opt/ros/jazzy/opt/gz_tools_vendor/bin:/opt/ros/jazzy/opt/gz_ogre_next_vendor/bin:/opt/ros/jazzy/bin:/home/olympusolutions/.local/bin:/usr/local/sbin:/usr/local/bin:/usr/sbin:/usr/bin:/sbin:/bin:/usr/games:/usr/local/games:/snap/bin:/snap/bin', 'SESSION_MANAGER': 'local/olympusolutions-desktop:@/tmp/.ICE-unix/2977,unix/olympusolutions-desktop:/tmp/.ICE-unix/2977', 'XDG_MENU_PREFIX': 'gnome-', 'GNOME_TERMINAL_SCREEN': '/org/gnome/Terminal/screen/5426054a_44ad_4b3b_9be3_3f00634632e4', 'GNOME_SETUP_DISPLAY': ':1', 'XDG_RUNTIME_DIR': '/run/user/1002', 'DISPLAY': ':0', 'LANG': 'en_US.UTF-8', 'XDG_CURRENT_DESKTOP': 'ubuntu:GNOME', 'XMODIFIERS': '@im=ibus', 'XDG_SESSION_DESKTOP': 'ubuntu', 'XAUTHORITY': '/run/user/1002/.mutter-Xwaylandauth.ZJBY42', 'LS_COLORS': 'rs=0:di=01;34:ln=01;36:mh=00:pi=40;33:so=01;35:do=01;35:bd=40;33;01:cd=40;33;01:or=40;31;01:mi=00:su=37;41:sg=30;43:ca=00:tw=30;42:ow=34;42:st=37;44:ex=01;32:*.tar=01;31:*.tgz=01;31:*.arc=01;31:*.arj=01;31:*.taz=01;31:*.lha=01;31:*.lz4=01;31:*.lzh=01;31:*.lzma=01;31:*.tlz=01;31:*.txz=01;31:*.tzo=01;31:*.t7z=01;31:*.zip=01;31:*.z=01;31:*.dz=01;31:*.gz=01;31:*.lrz=01;31:*.lz=01;31:*.lzo=01;31:*.xz=01;31:*.zst=01;31:*.tzst=01;31:*.bz2=01;31:*.bz=01;31:*.tbz=01;31:*.tbz2=01;31:*.tz=01;31:*.deb=01;31:*.rpm=01;31:*.jar=01;31:*.war=01;31:*.ear=01;31:*.sar=01;31:*.rar=01;31:*.alz=01;31:*.ace=01;31:*.zoo=01;31:*.cpio=01;31:*.7z=01;31:*.rz=01;31:*.cab=01;31:*.wim=01;31:*.swm=01;31:*.dwm=01;31:*.esd=01;31:*.avif=01;35:*.jpg=01;35:*.jpeg=01;35:*.mjpg=01;35:*.mjpeg=01;35:*.gif=01;35:*.bmp=01;35:*.pbm=01;35:*.pgm=01;35:*.ppm=01;35:*.tga=01;35:*.xbm=01;35:*.xpm=01;35:*.tif=01;35:*.tiff=01;35:*.png=01;35:*.svg=01;35:*.svgz=01;35:*.mng=01;35:*.pcx=01;35:*.mov=01;35:*.mpg=01;35:*.mpeg=01;35:*.m2v=01;35:*.mkv=01;35:*.webm=01;35:*.webp=01;35:*.ogm=01;35:*.mp4=01;35:*.m4v=01;35:*.mp4v=01;35:*.vob=01;35:*.qt=01;35:*.nuv=01;35:*.wmv=01;35:*.asf=01;35:*.rm=01;35:*.rmvb=01;35:*.flc=01;35:*.avi=01;35:*.fli=01;35:*.flv=01;35:*.gl=01;35:*.dl=01;35:*.xcf=01;35:*.xwd=01;35:*.yuv=01;35:*.cgm=01;35:*.emf=01;35:*.ogv=01;35:*.ogx=01;35:*.aac=00;36:*.au=00;36:*.flac=00;36:*.m4a=00;36:*.mid=00;36:*.midi=00;36:*.mka=00;36:*.mp3=00;36:*.mpc=00;36:*.ogg=00;36:*.ra=00;36:*.wav=00;36:*.oga=00;36:*.opus=00;36:*.spx=00;36:*.xspf=00;36:*~=00;90:*#=00;90:*.bak=00;90:*.crdownload=00;90:*.dpkg-dist=00;90:*.dpkg-new=00;90:*.dpkg-old=00;90:*.dpkg-tmp=00;90:*.old=00;90:*.orig=00;90:*.part=00;90:*.rej=00;90:*.rpmnew=00;90:*.rpmorig=00;90:*.rpmsave=00;90:*.swp=00;90:*.tmp=00;90:*.ucf-dist=00;90:*.ucf-new=00;90:*.ucf-old=00;90:', 'GNOME_TERMINAL_SERVICE': ':1.150', 'SSH_AUTH_SOCK': '/run/user/1002/keyring/ssh', 'AMENT_PREFIX_PATH': '/opt/ros/jazzy', 'SHELL': '/bin/bash', 'QT_ACCESSIBILITY': '1', 'GDMSESSION': 'ubuntu', 'LESSCLOSE': '/usr/bin/lesspipe %s %s', 'ROS_AUTOMATIC_DISCOVERY_RANGE': 'SUBNET', 'QT_IM_MODULE': 'ibus', 'PWD': '/home/olympusolutions/senior_ws/build/diffdrive_arduino', 'LC_ALL': 'en_US.UTF-8', 'XDG_CONFIG_DIRS': '/etc/xdg/xdg-ubuntu:/etc/xdg', 'XDG_DATA_DIRS': '/usr/share/ubuntu:/usr/share/gnome:/usr/local/share/:/usr/share/:/var/lib/snapd/desktop', 'PYTHONPATH': '/opt/ros/jazzy/lib/python3.12/site-packages', 'COLCON': '1', 'MEMORY_PRESSURE_WRITE': 'c29tZSAyMDAwMDAgMjAwMDAwMAA=', 'VTE_VERSION': '7600', 'CMAKE_PREFIX_PATH': '/opt/ros/jazzy/opt/gz_sim_vendor:/opt/ros/jazzy/opt/gz_sensors_vendor:/opt/ros/jazzy/opt/gz_physics_vendor:/opt/ros/jazzy/opt/sdformat_vendor:/opt/ros/jazzy/opt/gz_gui_vendor:/opt/ros/jazzy/opt/gz_transport_vendor:/opt/ros/jazzy/opt/gz_rendering_vendor:/opt/ros/jazzy/opt/gz_plugin_vendor:/opt/ros/jazzy/opt/gz_fuel_tools_vendor:/opt/ros/jazzy/opt/gz_msgs_vendor:/opt/ros/jazzy/opt/gz_common_vendor:/opt/ros/jazzy/opt/gz_math_vendor:/opt/ros/jazzy/opt/gz_utils_vendor:/opt/ros/jazzy/opt/gz_tools_vendor:/opt/ros/jazzy/opt/gz_ogre_next_vendor:/opt/ros/jazzy/opt/gz_dartsim_vendor:/opt/ros/jazzy/opt/gz_cmake_vendor:/opt/ros/jazzy'}), 'shell': False}
[5.042935] (-) TimerEvent: {}
[5.047848] (extender_arduino) StdoutLine: {'line': b'-- Build files have been written to: /home/olympusolutions/senior_ws/build/extender_arduino\n'}
[5.086953] (extender_arduino) CommandEnded: {'returncode': 0}
[5.090117] (extender_arduino) JobProgress: {'identifier': 'extender_arduino', 'progress': 'build'}
[5.090218] (extender_arduino) Command: {'cmd': ['/usr/bin/cmake', '--build', '/home/olympusolutions/senior_ws/build/extender_arduino', '--', '-j4', '-l4'], 'cwd': '/home/olympusolutions/senior_ws/build/extender_arduino', 'env': OrderedDict({'LESSOPEN': '| /usr/bin/lesspipe %s', 'USER': 'olympusolutions', 'GZ_CONFIG_PATH': '/opt/ros/jazzy/opt/gz_sim_vendor/share/gz:/opt/ros/jazzy/opt/sdformat_vendor/share/gz:/opt/ros/jazzy/opt/gz_gui_vendor/share/gz:/opt/ros/jazzy/opt/gz_transport_vendor/share/gz:/opt/ros/jazzy/opt/gz_rendering_vendor/share/gz:/opt/ros/jazzy/opt/gz_plugin_vendor/share/gz:/opt/ros/jazzy/opt/gz_fuel_tools_vendor/share/gz:/opt/ros/jazzy/opt/gz_msgs_vendor/share/gz:/opt/ros/jazzy/opt/gz_common_vendor/share/gz', 'XDG_SESSION_TYPE': 'wayland', 'SHLVL': '1', 'LD_LIBRARY_PATH': '/opt/ros/jazzy/opt/gz_sim_vendor/lib:/opt/ros/jazzy/opt/gz_sensors_vendor/lib:/opt/ros/jazzy/opt/gz_physics_vendor/lib:/opt/ros/jazzy/opt/sdformat_vendor/lib:/opt/ros/jazzy/opt/rviz_ogre_vendor/lib:/opt/ros/jazzy/lib/aarch64-linux-gnu:/opt/ros/jazzy/opt/gz_gui_vendor/lib:/opt/ros/jazzy/opt/gz_transport_vendor/lib:/opt/ros/jazzy/opt/gz_rendering_vendor/lib:/opt/ros/jazzy/opt/gz_plugin_vendor/lib:/opt/ros/jazzy/opt/gz_fuel_tools_vendor/lib:/opt/ros/jazzy/opt/gz_msgs_vendor/lib:/opt/ros/jazzy/opt/gz_common_vendor/lib:/opt/ros/jazzy/opt/gz_math_vendor/lib:/opt/ros/jazzy/opt/gz_utils_vendor/lib:/opt/ros/jazzy/opt/gz_tools_vendor/lib:/opt/ros/jazzy/opt/gz_ogre_next_vendor/lib:/opt/ros/jazzy/opt/gz_dartsim_vendor/lib:/opt/ros/jazzy/opt/gz_cmake_vendor/lib:/opt/ros/jazzy/lib', 'HOME': '/home/olympusolutions', 'OLDPWD': '/home/olympusolutions', 'DESKTOP_SESSION': 'ubuntu', 'ROS_PYTHON_VERSION': '3', 'GNOME_SHELL_SESSION_MODE': 'ubuntu', 'GTK_MODULES': 'gail:atk-bridge', 'SYSTEMD_EXEC_PID': '3022', 'GSM_SKIP_SSH_AGENT_WORKAROUND': 'true', 'DBUS_SESSION_BUS_ADDRESS': 'unix:path=/run/user/1002/bus', 'COLORTERM': 'truecolor', 'DEBUGINFOD_URLS': 'https://debuginfod.ubuntu.com', 'IM_CONFIG_PHASE': '1', 'WAYLAND_DISPLAY': 'wayland-0', 'ROS_DISTRO': 'jazzy', 'LOGNAME': 'olympusolutions', '_': '/usr/bin/colcon', 'ROS_VERSION': '2', 'MEMORY_PRESSURE_WATCH': '/sys/fs/cgroup/user.slice/user-1002.slice/user@1002.service/session.slice/org.gnome.Shell@wayland.service/memory.pressure', 'XDG_SESSION_CLASS': 'user', 'USERNAME': 'olympusolutions', 'TERM': 'xterm-256color', 'GNOME_DESKTOP_SESSION_ID': 'this-is-deprecated', 'PATH': '/opt/ros/jazzy/opt/gz_msgs_vendor/bin:/opt/ros/jazzy/opt/gz_tools_vendor/bin:/opt/ros/jazzy/opt/gz_ogre_next_vendor/bin:/opt/ros/jazzy/bin:/home/olympusolutions/.local/bin:/usr/local/sbin:/usr/local/bin:/usr/sbin:/usr/bin:/sbin:/bin:/usr/games:/usr/local/games:/snap/bin:/snap/bin', 'SESSION_MANAGER': 'local/olympusolutions-desktop:@/tmp/.ICE-unix/2977,unix/olympusolutions-desktop:/tmp/.ICE-unix/2977', 'XDG_MENU_PREFIX': 'gnome-', 'GNOME_TERMINAL_SCREEN': '/org/gnome/Terminal/screen/5426054a_44ad_4b3b_9be3_3f00634632e4', 'GNOME_SETUP_DISPLAY': ':1', 'XDG_RUNTIME_DIR': '/run/user/1002', 'DISPLAY': ':0', 'LANG': 'en_US.UTF-8', 'XDG_CURRENT_DESKTOP': 'ubuntu:GNOME', 'XMODIFIERS': '@im=ibus', 'XDG_SESSION_DESKTOP': 'ubuntu', 'XAUTHORITY': '/run/user/1002/.mutter-Xwaylandauth.ZJBY42', 'LS_COLORS': 'rs=0:di=01;34:ln=01;36:mh=00:pi=40;33:so=01;35:do=01;35:bd=40;33;01:cd=40;33;01:or=40;31;01:mi=00:su=37;41:sg=30;43:ca=00:tw=30;42:ow=34;42:st=37;44:ex=01;32:*.tar=01;31:*.tgz=01;31:*.arc=01;31:*.arj=01;31:*.taz=01;31:*.lha=01;31:*.lz4=01;31:*.lzh=01;31:*.lzma=01;31:*.tlz=01;31:*.txz=01;31:*.tzo=01;31:*.t7z=01;31:*.zip=01;31:*.z=01;31:*.dz=01;31:*.gz=01;31:*.lrz=01;31:*.lz=01;31:*.lzo=01;31:*.xz=01;31:*.zst=01;31:*.tzst=01;31:*.bz2=01;31:*.bz=01;31:*.tbz=01;31:*.tbz2=01;31:*.tz=01;31:*.deb=01;31:*.rpm=01;31:*.jar=01;31:*.war=01;31:*.ear=01;31:*.sar=01;31:*.rar=01;31:*.alz=01;31:*.ace=01;31:*.zoo=01;31:*.cpio=01;31:*.7z=01;31:*.rz=01;31:*.cab=01;31:*.wim=01;31:*.swm=01;31:*.dwm=01;31:*.esd=01;31:*.avif=01;35:*.jpg=01;35:*.jpeg=01;35:*.mjpg=01;35:*.mjpeg=01;35:*.gif=01;35:*.bmp=01;35:*.pbm=01;35:*.pgm=01;35:*.ppm=01;35:*.tga=01;35:*.xbm=01;35:*.xpm=01;35:*.tif=01;35:*.tiff=01;35:*.png=01;35:*.svg=01;35:*.svgz=01;35:*.mng=01;35:*.pcx=01;35:*.mov=01;35:*.mpg=01;35:*.mpeg=01;35:*.m2v=01;35:*.mkv=01;35:*.webm=01;35:*.webp=01;35:*.ogm=01;35:*.mp4=01;35:*.m4v=01;35:*.mp4v=01;35:*.vob=01;35:*.qt=01;35:*.nuv=01;35:*.wmv=01;35:*.asf=01;35:*.rm=01;35:*.rmvb=01;35:*.flc=01;35:*.avi=01;35:*.fli=01;35:*.flv=01;35:*.gl=01;35:*.dl=01;35:*.xcf=01;35:*.xwd=01;35:*.yuv=01;35:*.cgm=01;35:*.emf=01;35:*.ogv=01;35:*.ogx=01;35:*.aac=00;36:*.au=00;36:*.flac=00;36:*.m4a=00;36:*.mid=00;36:*.midi=00;36:*.mka=00;36:*.mp3=00;36:*.mpc=00;36:*.ogg=00;36:*.ra=00;36:*.wav=00;36:*.oga=00;36:*.opus=00;36:*.spx=00;36:*.xspf=00;36:*~=00;90:*#=00;90:*.bak=00;90:*.crdownload=00;90:*.dpkg-dist=00;90:*.dpkg-new=00;90:*.dpkg-old=00;90:*.dpkg-tmp=00;90:*.old=00;90:*.orig=00;90:*.part=00;90:*.rej=00;90:*.rpmnew=00;90:*.rpmorig=00;90:*.rpmsave=00;90:*.swp=00;90:*.tmp=00;90:*.ucf-dist=00;90:*.ucf-new=00;90:*.ucf-old=00;90:', 'GNOME_TERMINAL_SERVICE': ':1.150', 'SSH_AUTH_SOCK': '/run/user/1002/keyring/ssh', 'AMENT_PREFIX_PATH': '/opt/ros/jazzy', 'SHELL': '/bin/bash', 'QT_ACCESSIBILITY': '1', 'GDMSESSION': 'ubuntu', 'LESSCLOSE': '/usr/bin/lesspipe %s %s', 'ROS_AUTOMATIC_DISCOVERY_RANGE': 'SUBNET', 'QT_IM_MODULE': 'ibus', 'PWD': '/home/olympusolutions/senior_ws/build/extender_arduino', 'LC_ALL': 'en_US.UTF-8', 'XDG_CONFIG_DIRS': '/etc/xdg/xdg-ubuntu:/etc/xdg', 'XDG_DATA_DIRS': '/usr/share/ubuntu:/usr/share/gnome:/usr/local/share/:/usr/share/:/var/lib/snapd/desktop', 'PYTHONPATH': '/opt/ros/jazzy/lib/python3.12/site-packages', 'COLCON': '1', 'MEMORY_PRESSURE_WRITE': 'c29tZSAyMDAwMDAgMjAwMDAwMAA=', 'VTE_VERSION': '7600', 'CMAKE_PREFIX_PATH': '/opt/ros/jazzy/opt/gz_sim_vendor:/opt/ros/jazzy/opt/gz_sensors_vendor:/opt/ros/jazzy/opt/gz_physics_vendor:/opt/ros/jazzy/opt/sdformat_vendor:/opt/ros/jazzy/opt/gz_gui_vendor:/opt/ros/jazzy/opt/gz_transport_vendor:/opt/ros/jazzy/opt/gz_rendering_vendor:/opt/ros/jazzy/opt/gz_plugin_vendor:/opt/ros/jazzy/opt/gz_fuel_tools_vendor:/opt/ros/jazzy/opt/gz_msgs_vendor:/opt/ros/jazzy/opt/gz_common_vendor:/opt/ros/jazzy/opt/gz_math_vendor:/opt/ros/jazzy/opt/gz_utils_vendor:/opt/ros/jazzy/opt/gz_tools_vendor:/opt/ros/jazzy/opt/gz_ogre_next_vendor:/opt/ros/jazzy/opt/gz_dartsim_vendor:/opt/ros/jazzy/opt/gz_cmake_vendor:/opt/ros/jazzy'}), 'shell': False}
[5.143090] (-) TimerEvent: {}
[5.243712] (-) TimerEvent: {}
[5.251762] (diffdrive_arduino) StdoutLine: {'line': b'[ 50%] \x1b[32mBuilding CXX object CMakeFiles/diffdrive_arduino.dir/hardware/diffbot_system.cpp.o\x1b[0m\n'}
[5.319219] (extender_arduino) StdoutLine: {'line': b'[ 50%] \x1b[32mBuilding CXX object CMakeFiles/extender_arduino.dir/hardware/diffbot_system.cpp.o\x1b[0m\n'}
[5.343862] (-) TimerEvent: {}
[5.444372] (-) TimerEvent: {}
[5.547934] (-) TimerEvent: {}
[5.626151] (serial_motor_demo_msgs) StdoutLine: {'line': b'-- Using all available rosidl_typesupport_c: rosidl_typesupport_fastrtps_c;rosidl_typesupport_introspection_c\n'}
[5.648079] (-) TimerEvent: {}
[5.748511] (-) TimerEvent: {}
[5.915811] (-) TimerEvent: {}
[6.016334] (-) TimerEvent: {}
[6.116927] (-) TimerEvent: {}
[6.218733] (-) TimerEvent: {}
[6.319237] (-) TimerEvent: {}
[6.357071] (listener_package) Command: {'cmd': ['/usr/bin/python3', '-W', 'ignore:setup.py install is deprecated', '-W', 'ignore:easy_install command is deprecated', 'setup.py', 'egg_info', '--egg-base', '../../../../build/listener_package', 'build', '--build-base', '/home/olympusolutions/senior_ws/build/listener_package/build', 'install', '--record', '/home/olympusolutions/senior_ws/build/listener_package/install.log', '--single-version-externally-managed', 'install_data'], 'cwd': '/home/olympusolutions/senior_ws/src/riley_ws/src/listener_package', 'env': {'LESSOPEN': '| /usr/bin/lesspipe %s', 'USER': 'olympusolutions', 'GZ_CONFIG_PATH': '/opt/ros/jazzy/opt/gz_sim_vendor/share/gz:/opt/ros/jazzy/opt/sdformat_vendor/share/gz:/opt/ros/jazzy/opt/gz_gui_vendor/share/gz:/opt/ros/jazzy/opt/gz_transport_vendor/share/gz:/opt/ros/jazzy/opt/gz_rendering_vendor/share/gz:/opt/ros/jazzy/opt/gz_plugin_vendor/share/gz:/opt/ros/jazzy/opt/gz_fuel_tools_vendor/share/gz:/opt/ros/jazzy/opt/gz_msgs_vendor/share/gz:/opt/ros/jazzy/opt/gz_common_vendor/share/gz', 'XDG_SESSION_TYPE': 'wayland', 'SHLVL': '1', 'LD_LIBRARY_PATH': '/opt/ros/jazzy/opt/gz_sim_vendor/lib:/opt/ros/jazzy/opt/gz_sensors_vendor/lib:/opt/ros/jazzy/opt/gz_physics_vendor/lib:/opt/ros/jazzy/opt/sdformat_vendor/lib:/opt/ros/jazzy/opt/rviz_ogre_vendor/lib:/opt/ros/jazzy/lib/aarch64-linux-gnu:/opt/ros/jazzy/opt/gz_gui_vendor/lib:/opt/ros/jazzy/opt/gz_transport_vendor/lib:/opt/ros/jazzy/opt/gz_rendering_vendor/lib:/opt/ros/jazzy/opt/gz_plugin_vendor/lib:/opt/ros/jazzy/opt/gz_fuel_tools_vendor/lib:/opt/ros/jazzy/opt/gz_msgs_vendor/lib:/opt/ros/jazzy/opt/gz_common_vendor/lib:/opt/ros/jazzy/opt/gz_math_vendor/lib:/opt/ros/jazzy/opt/gz_utils_vendor/lib:/opt/ros/jazzy/opt/gz_tools_vendor/lib:/opt/ros/jazzy/opt/gz_ogre_next_vendor/lib:/opt/ros/jazzy/opt/gz_dartsim_vendor/lib:/opt/ros/jazzy/opt/gz_cmake_vendor/lib:/opt/ros/jazzy/lib', 'HOME': '/home/olympusolutions', 'OLDPWD': '/home/olympusolutions', 'DESKTOP_SESSION': 'ubuntu', 'ROS_PYTHON_VERSION': '3', 'GNOME_SHELL_SESSION_MODE': 'ubuntu', 'GTK_MODULES': 'gail:atk-bridge', 'SYSTEMD_EXEC_PID': '3022', 'GSM_SKIP_SSH_AGENT_WORKAROUND': 'true', 'DBUS_SESSION_BUS_ADDRESS': 'unix:path=/run/user/1002/bus', 'COLORTERM': 'truecolor', 'DEBUGINFOD_URLS': 'https://debuginfod.ubuntu.com', 'IM_CONFIG_PHASE': '1', 'WAYLAND_DISPLAY': 'wayland-0', 'ROS_DISTRO': 'jazzy', 'LOGNAME': 'olympusolutions', '_': '/usr/bin/colcon', 'ROS_VERSION': '2', 'MEMORY_PRESSURE_WATCH': '/sys/fs/cgroup/user.slice/user-1002.slice/user@1002.service/session.slice/org.gnome.Shell@wayland.service/memory.pressure', 'XDG_SESSION_CLASS': 'user', 'USERNAME': 'olympusolutions', 'TERM': 'xterm-256color', 'GNOME_DESKTOP_SESSION_ID': 'this-is-deprecated', 'PATH': '/opt/ros/jazzy/opt/gz_msgs_vendor/bin:/opt/ros/jazzy/opt/gz_tools_vendor/bin:/opt/ros/jazzy/opt/gz_ogre_next_vendor/bin:/opt/ros/jazzy/bin:/home/olympusolutions/.local/bin:/usr/local/sbin:/usr/local/bin:/usr/sbin:/usr/bin:/sbin:/bin:/usr/games:/usr/local/games:/snap/bin:/snap/bin', 'SESSION_MANAGER': 'local/olympusolutions-desktop:@/tmp/.ICE-unix/2977,unix/olympusolutions-desktop:/tmp/.ICE-unix/2977', 'XDG_MENU_PREFIX': 'gnome-', 'GNOME_TERMINAL_SCREEN': '/org/gnome/Terminal/screen/5426054a_44ad_4b3b_9be3_3f00634632e4', 'GNOME_SETUP_DISPLAY': ':1', 'XDG_RUNTIME_DIR': '/run/user/1002', 'DISPLAY': ':0', 'LANG': 'en_US.UTF-8', 'XDG_CURRENT_DESKTOP': 'ubuntu:GNOME', 'XMODIFIERS': '@im=ibus', 'XDG_SESSION_DESKTOP': 'ubuntu', 'XAUTHORITY': '/run/user/1002/.mutter-Xwaylandauth.ZJBY42', 'LS_COLORS': 'rs=0:di=01;34:ln=01;36:mh=00:pi=40;33:so=01;35:do=01;35:bd=40;33;01:cd=40;33;01:or=40;31;01:mi=00:su=37;41:sg=30;43:ca=00:tw=30;42:ow=34;42:st=37;44:ex=01;32:*.tar=01;31:*.tgz=01;31:*.arc=01;31:*.arj=01;31:*.taz=01;31:*.lha=01;31:*.lz4=01;31:*.lzh=01;31:*.lzma=01;31:*.tlz=01;31:*.txz=01;31:*.tzo=01;31:*.t7z=01;31:*.zip=01;31:*.z=01;31:*.dz=01;31:*.gz=01;31:*.lrz=01;31:*.lz=01;31:*.lzo=01;31:*.xz=01;31:*.zst=01;31:*.tzst=01;31:*.bz2=01;31:*.bz=01;31:*.tbz=01;31:*.tbz2=01;31:*.tz=01;31:*.deb=01;31:*.rpm=01;31:*.jar=01;31:*.war=01;31:*.ear=01;31:*.sar=01;31:*.rar=01;31:*.alz=01;31:*.ace=01;31:*.zoo=01;31:*.cpio=01;31:*.7z=01;31:*.rz=01;31:*.cab=01;31:*.wim=01;31:*.swm=01;31:*.dwm=01;31:*.esd=01;31:*.avif=01;35:*.jpg=01;35:*.jpeg=01;35:*.mjpg=01;35:*.mjpeg=01;35:*.gif=01;35:*.bmp=01;35:*.pbm=01;35:*.pgm=01;35:*.ppm=01;35:*.tga=01;35:*.xbm=01;35:*.xpm=01;35:*.tif=01;35:*.tiff=01;35:*.png=01;35:*.svg=01;35:*.svgz=01;35:*.mng=01;35:*.pcx=01;35:*.mov=01;35:*.mpg=01;35:*.mpeg=01;35:*.m2v=01;35:*.mkv=01;35:*.webm=01;35:*.webp=01;35:*.ogm=01;35:*.mp4=01;35:*.m4v=01;35:*.mp4v=01;35:*.vob=01;35:*.qt=01;35:*.nuv=01;35:*.wmv=01;35:*.asf=01;35:*.rm=01;35:*.rmvb=01;35:*.flc=01;35:*.avi=01;35:*.fli=01;35:*.flv=01;35:*.gl=01;35:*.dl=01;35:*.xcf=01;35:*.xwd=01;35:*.yuv=01;35:*.cgm=01;35:*.emf=01;35:*.ogv=01;35:*.ogx=01;35:*.aac=00;36:*.au=00;36:*.flac=00;36:*.m4a=00;36:*.mid=00;36:*.midi=00;36:*.mka=00;36:*.mp3=00;36:*.mpc=00;36:*.ogg=00;36:*.ra=00;36:*.wav=00;36:*.oga=00;36:*.opus=00;36:*.spx=00;36:*.xspf=00;36:*~=00;90:*#=00;90:*.bak=00;90:*.crdownload=00;90:*.dpkg-dist=00;90:*.dpkg-new=00;90:*.dpkg-old=00;90:*.dpkg-tmp=00;90:*.old=00;90:*.orig=00;90:*.part=00;90:*.rej=00;90:*.rpmnew=00;90:*.rpmorig=00;90:*.rpmsave=00;90:*.swp=00;90:*.tmp=00;90:*.ucf-dist=00;90:*.ucf-new=00;90:*.ucf-old=00;90:', 'GNOME_TERMINAL_SERVICE': ':1.150', 'SSH_AUTH_SOCK': '/run/user/1002/keyring/ssh', 'AMENT_PREFIX_PATH': '/opt/ros/jazzy', 'SHELL': '/bin/bash', 'QT_ACCESSIBILITY': '1', 'GDMSESSION': 'ubuntu', 'LESSCLOSE': '/usr/bin/lesspipe %s %s', 'ROS_AUTOMATIC_DISCOVERY_RANGE': 'SUBNET', 'QT_IM_MODULE': 'ibus', 'PWD': '/home/olympusolutions/senior_ws/build/listener_package', 'LC_ALL': 'en_US.UTF-8', 'XDG_CONFIG_DIRS': '/etc/xdg/xdg-ubuntu:/etc/xdg', 'XDG_DATA_DIRS': '/usr/share/ubuntu:/usr/share/gnome:/usr/local/share/:/usr/share/:/var/lib/snapd/desktop', 'PYTHONPATH': '/home/olympusolutions/senior_ws/build/listener_package/prefix_override:/usr/lib/python3/dist-packages/colcon_core/task/python/colcon_distutils_commands:/home/olympusolutions/senior_ws/install/listener_package/lib/python3.12/site-packages:/opt/ros/jazzy/lib/python3.12/site-packages', 'COLCON': '1', 'MEMORY_PRESSURE_WRITE': 'c29tZSAyMDAwMDAgMjAwMDAwMAA=', 'VTE_VERSION': '7600', 'CMAKE_PREFIX_PATH': '/opt/ros/jazzy/opt/gz_sim_vendor:/opt/ros/jazzy/opt/gz_sensors_vendor:/opt/ros/jazzy/opt/gz_physics_vendor:/opt/ros/jazzy/opt/sdformat_vendor:/opt/ros/jazzy/opt/gz_gui_vendor:/opt/ros/jazzy/opt/gz_transport_vendor:/opt/ros/jazzy/opt/gz_rendering_vendor:/opt/ros/jazzy/opt/gz_plugin_vendor:/opt/ros/jazzy/opt/gz_fuel_tools_vendor:/opt/ros/jazzy/opt/gz_msgs_vendor:/opt/ros/jazzy/opt/gz_common_vendor:/opt/ros/jazzy/opt/gz_math_vendor:/opt/ros/jazzy/opt/gz_utils_vendor:/opt/ros/jazzy/opt/gz_tools_vendor:/opt/ros/jazzy/opt/gz_ogre_next_vendor:/opt/ros/jazzy/opt/gz_dartsim_vendor:/opt/ros/jazzy/opt/gz_cmake_vendor'}, 'shell': False}
[6.419795] (-) TimerEvent: {}
[6.524168] (-) TimerEvent: {}
[6.624601] (-) TimerEvent: {}
[6.724985] (-) TimerEvent: {}
[6.825414] (-) TimerEvent: {}
[6.870793] (serial_motor_demo_msgs) StdoutLine: {'line': b'-- Using all available rosidl_typesupport_cpp: rosidl_typesupport_fastrtps_cpp;rosidl_typesupport_introspection_cpp\n'}
[6.880282] (serial_motor_demo_msgs) StdoutLine: {'line': b'-- Found python_cmake_module: 0.11.1 (/opt/ros/jazzy/share/python_cmake_module/cmake)\n'}
[6.925543] (-) TimerEvent: {}
[7.019845] (listener_package) StdoutLine: {'line': b'running egg_info\n'}
[7.020255] (listener_package) StdoutLine: {'line': b'creating ../../../../build/listener_package/listener_package.egg-info\n'}
[7.025705] (-) TimerEvent: {}
[7.082831] (listener_package) StdoutLine: {'line': b'writing ../../../../build/listener_package/listener_package.egg-info/PKG-INFO\n'}
[7.083151] (listener_package) StdoutLine: {'line': b'writing dependency_links to ../../../../build/listener_package/listener_package.egg-info/dependency_links.txt\n'}
[7.083564] (listener_package) StdoutLine: {'line': b'writing entry points to ../../../../build/listener_package/listener_package.egg-info/entry_points.txt\n'}
[7.083925] (listener_package) StdoutLine: {'line': b'writing requirements to ../../../../build/listener_package/listener_package.egg-info/requires.txt\n'}
[7.084175] (listener_package) StdoutLine: {'line': b'writing top-level names to ../../../../build/listener_package/listener_package.egg-info/top_level.txt\n'}
[7.084470] (listener_package) StdoutLine: {'line': b"writing manifest file '../../../../build/listener_package/listener_package.egg-info/SOURCES.txt'\n"}
[7.125822] (-) TimerEvent: {}
[7.207824] (listener_package) StdoutLine: {'line': b"reading manifest file '../../../../build/listener_package/listener_package.egg-info/SOURCES.txt'\n"}
[7.208196] (listener_package) StdoutLine: {'line': b"adding license file 'LICENSE'\n"}
[7.208330] (listener_package) StdoutLine: {'line': b"writing manifest file '../../../../build/listener_package/listener_package.egg-info/SOURCES.txt'\n"}
[7.208505] (listener_package) StdoutLine: {'line': b'running build\n'}
[7.208798] (listener_package) StdoutLine: {'line': b'running build_py\n'}
[7.209268] (listener_package) StdoutLine: {'line': b'creating /home/olympusolutions/senior_ws/build/listener_package/build\n'}
[7.209523] (listener_package) StdoutLine: {'line': b'creating /home/olympusolutions/senior_ws/build/listener_package/build/lib\n'}
[7.209790] (listener_package) StdoutLine: {'line': b'creating /home/olympusolutions/senior_ws/build/listener_package/build/lib/listener_package\n'}
[7.210283] (listener_package) StdoutLine: {'line': b'copying listener_package/__init__.py -> /home/olympusolutions/senior_ws/build/listener_package/build/lib/listener_package\n'}
[7.210818] (listener_package) StdoutLine: {'line': b'copying listener_package/publisher_member_function.py -> /home/olympusolutions/senior_ws/build/listener_package/build/lib/listener_package\n'}
[7.211203] (listener_package) StdoutLine: {'line': b'copying listener_package/phone_listener.py -> /home/olympusolutions/senior_ws/build/listener_package/build/lib/listener_package\n'}
[7.211559] (listener_package) StdoutLine: {'line': b'copying listener_package/subscriber_member_function.py -> /home/olympusolutions/senior_ws/build/listener_package/build/lib/listener_package\n'}
[7.212118] (listener_package) StdoutLine: {'line': b'running install\n'}
[7.226354] (listener_package) StdoutLine: {'line': b'running install_lib\n'}
[7.226740] (-) TimerEvent: {}
[7.236609] (serial_motor_demo_msgs) StdoutLine: {'line': b'-- Found PythonExtra: /usr/bin/python3  \n'}
[7.291020] (listener_package) StdoutLine: {'line': b'creating /home/olympusolutions/senior_ws/install/listener_package/lib/python3.12/site-packages/listener_package\n'}
[7.291702] (listener_package) StdoutLine: {'line': b'copying /home/olympusolutions/senior_ws/build/listener_package/build/lib/listener_package/__init__.py -> /home/olympusolutions/senior_ws/install/listener_package/lib/python3.12/site-packages/listener_package\n'}
[7.292090] (listener_package) StdoutLine: {'line': b'copying /home/olympusolutions/senior_ws/build/listener_package/build/lib/listener_package/publisher_member_function.py -> /home/olympusolutions/senior_ws/install/listener_package/lib/python3.12/site-packages/listener_package\n'}
[7.292284] (listener_package) StdoutLine: {'line': b'copying /home/olympusolutions/senior_ws/build/listener_package/build/lib/listener_package/phone_listener.py -> /home/olympusolutions/senior_ws/install/listener_package/lib/python3.12/site-packages/listener_package\n'}
[7.293631] (listener_package) StdoutLine: {'line': b'copying /home/olympusolutions/senior_ws/build/listener_package/build/lib/listener_package/subscriber_member_function.py -> /home/olympusolutions/senior_ws/install/listener_package/lib/python3.12/site-packages/listener_package\n'}
[7.294087] (listener_package) StdoutLine: {'line': b'byte-compiling /home/olympusolutions/senior_ws/install/listener_package/lib/python3.12/site-packages/listener_package/__init__.py to __init__.cpython-312.pyc\n'}
[7.294366] (listener_package) StdoutLine: {'line': b'byte-compiling /home/olympusolutions/senior_ws/install/listener_package/lib/python3.12/site-packages/listener_package/publisher_member_function.py to publisher_member_function.cpython-312.pyc\n'}
[7.296045] (listener_package) StdoutLine: {'line': b'byte-compiling /home/olympusolutions/senior_ws/install/listener_package/lib/python3.12/site-packages/listener_package/phone_listener.py to phone_listener.cpython-312.pyc\n'}
[7.299752] (listener_package) StdoutLine: {'line': b'byte-compiling /home/olympusolutions/senior_ws/install/listener_package/lib/python3.12/site-packages/listener_package/subscriber_member_function.py to subscriber_member_function.cpython-312.pyc\n'}
[7.300255] (listener_package) StdoutLine: {'line': b'running install_data\n'}
[7.300849] (listener_package) StdoutLine: {'line': b'creating /home/olympusolutions/senior_ws/install/listener_package/share/ament_index\n'}
[7.301102] (listener_package) StdoutLine: {'line': b'creating /home/olympusolutions/senior_ws/install/listener_package/share/ament_index/resource_index\n'}
[7.303817] (listener_package) StdoutLine: {'line': b'creating /home/olympusolutions/senior_ws/install/listener_package/share/ament_index/resource_index/packages\n'}
[7.304157] (listener_package) StdoutLine: {'line': b'copying resource/listener_package -> /home/olympusolutions/senior_ws/install/listener_package/share/ament_index/resource_index/packages\n'}
[7.304306] (listener_package) StdoutLine: {'line': b'copying package.xml -> /home/olympusolutions/senior_ws/install/listener_package/share/listener_package\n'}
[7.304436] (listener_package) StdoutLine: {'line': b'running install_egg_info\n'}
[7.326879] (-) TimerEvent: {}
[7.371174] (listener_package) StdoutLine: {'line': b'Copying ../../../../build/listener_package/listener_package.egg-info to /home/olympusolutions/senior_ws/install/listener_package/lib/python3.12/site-packages/listener_package-0.0.0-py3.12.egg-info\n'}
[7.375729] (listener_package) StdoutLine: {'line': b'running install_scripts\n'}
[7.427039] (-) TimerEvent: {}
[7.527536] (-) TimerEvent: {}
[7.627975] (-) TimerEvent: {}
[7.728362] (-) TimerEvent: {}
[7.769875] (listener_package) StdoutLine: {'line': b'Installing listener script to /home/olympusolutions/senior_ws/install/listener_package/lib/listener_package\n'}
[7.770519] (listener_package) StdoutLine: {'line': b'Installing phone_listener script to /home/olympusolutions/senior_ws/install/listener_package/lib/listener_package\n'}
[7.770835] (listener_package) StdoutLine: {'line': b'Installing talker script to /home/olympusolutions/senior_ws/install/listener_package/lib/listener_package\n'}
[7.771572] (listener_package) StdoutLine: {'line': b"writing list of installed files to '/home/olympusolutions/senior_ws/build/listener_package/install.log'\n"}
[7.828536] (-) TimerEvent: {}
[7.905618] (listener_package) CommandEnded: {'returncode': 0}
[7.922971] (listener_package) JobEnded: {'identifier': 'listener_package', 'rc': 0}
[7.923818] (minibot) JobStarted: {'identifier': 'minibot'}
[7.929165] (-) TimerEvent: {}
[7.940123] (minibot) JobProgress: {'identifier': 'minibot', 'progress': 'cmake'}
[7.941628] (minibot) Command: {'cmd': ['/usr/bin/cmake', '/home/olympusolutions/senior_ws/src/minibot', '-DCMAKE_INSTALL_PREFIX=/home/olympusolutions/senior_ws/install/minibot'], 'cwd': '/home/olympusolutions/senior_ws/build/minibot', 'env': OrderedDict({'LESSOPEN': '| /usr/bin/lesspipe %s', 'USER': 'olympusolutions', 'GZ_CONFIG_PATH': '/opt/ros/jazzy/opt/gz_sim_vendor/share/gz:/opt/ros/jazzy/opt/sdformat_vendor/share/gz:/opt/ros/jazzy/opt/gz_gui_vendor/share/gz:/opt/ros/jazzy/opt/gz_transport_vendor/share/gz:/opt/ros/jazzy/opt/gz_rendering_vendor/share/gz:/opt/ros/jazzy/opt/gz_plugin_vendor/share/gz:/opt/ros/jazzy/opt/gz_fuel_tools_vendor/share/gz:/opt/ros/jazzy/opt/gz_msgs_vendor/share/gz:/opt/ros/jazzy/opt/gz_common_vendor/share/gz', 'XDG_SESSION_TYPE': 'wayland', 'SHLVL': '1', 'LD_LIBRARY_PATH': '/opt/ros/jazzy/opt/gz_sim_vendor/lib:/opt/ros/jazzy/opt/gz_sensors_vendor/lib:/opt/ros/jazzy/opt/gz_physics_vendor/lib:/opt/ros/jazzy/opt/sdformat_vendor/lib:/opt/ros/jazzy/opt/rviz_ogre_vendor/lib:/opt/ros/jazzy/lib/aarch64-linux-gnu:/opt/ros/jazzy/opt/gz_gui_vendor/lib:/opt/ros/jazzy/opt/gz_transport_vendor/lib:/opt/ros/jazzy/opt/gz_rendering_vendor/lib:/opt/ros/jazzy/opt/gz_plugin_vendor/lib:/opt/ros/jazzy/opt/gz_fuel_tools_vendor/lib:/opt/ros/jazzy/opt/gz_msgs_vendor/lib:/opt/ros/jazzy/opt/gz_common_vendor/lib:/opt/ros/jazzy/opt/gz_math_vendor/lib:/opt/ros/jazzy/opt/gz_utils_vendor/lib:/opt/ros/jazzy/opt/gz_tools_vendor/lib:/opt/ros/jazzy/opt/gz_ogre_next_vendor/lib:/opt/ros/jazzy/opt/gz_dartsim_vendor/lib:/opt/ros/jazzy/opt/gz_cmake_vendor/lib:/opt/ros/jazzy/lib', 'HOME': '/home/olympusolutions', 'OLDPWD': '/home/olympusolutions', 'DESKTOP_SESSION': 'ubuntu', 'ROS_PYTHON_VERSION': '3', 'GNOME_SHELL_SESSION_MODE': 'ubuntu', 'GTK_MODULES': 'gail:atk-bridge', 'SYSTEMD_EXEC_PID': '3022', 'GSM_SKIP_SSH_AGENT_WORKAROUND': 'true', 'DBUS_SESSION_BUS_ADDRESS': 'unix:path=/run/user/1002/bus', 'COLORTERM': 'truecolor', 'DEBUGINFOD_URLS': 'https://debuginfod.ubuntu.com', 'IM_CONFIG_PHASE': '1', 'WAYLAND_DISPLAY': 'wayland-0', 'ROS_DISTRO': 'jazzy', 'LOGNAME': 'olympusolutions', '_': '/usr/bin/colcon', 'ROS_VERSION': '2', 'MEMORY_PRESSURE_WATCH': '/sys/fs/cgroup/user.slice/user-1002.slice/user@1002.service/session.slice/org.gnome.Shell@wayland.service/memory.pressure', 'XDG_SESSION_CLASS': 'user', 'USERNAME': 'olympusolutions', 'TERM': 'xterm-256color', 'GNOME_DESKTOP_SESSION_ID': 'this-is-deprecated', 'PATH': '/opt/ros/jazzy/opt/gz_msgs_vendor/bin:/opt/ros/jazzy/opt/gz_tools_vendor/bin:/opt/ros/jazzy/opt/gz_ogre_next_vendor/bin:/opt/ros/jazzy/bin:/home/olympusolutions/.local/bin:/usr/local/sbin:/usr/local/bin:/usr/sbin:/usr/bin:/sbin:/bin:/usr/games:/usr/local/games:/snap/bin:/snap/bin', 'SESSION_MANAGER': 'local/olympusolutions-desktop:@/tmp/.ICE-unix/2977,unix/olympusolutions-desktop:/tmp/.ICE-unix/2977', 'XDG_MENU_PREFIX': 'gnome-', 'GNOME_TERMINAL_SCREEN': '/org/gnome/Terminal/screen/5426054a_44ad_4b3b_9be3_3f00634632e4', 'GNOME_SETUP_DISPLAY': ':1', 'XDG_RUNTIME_DIR': '/run/user/1002', 'DISPLAY': ':0', 'LANG': 'en_US.UTF-8', 'XDG_CURRENT_DESKTOP': 'ubuntu:GNOME', 'XMODIFIERS': '@im=ibus', 'XDG_SESSION_DESKTOP': 'ubuntu', 'XAUTHORITY': '/run/user/1002/.mutter-Xwaylandauth.ZJBY42', 'LS_COLORS': 'rs=0:di=01;34:ln=01;36:mh=00:pi=40;33:so=01;35:do=01;35:bd=40;33;01:cd=40;33;01:or=40;31;01:mi=00:su=37;41:sg=30;43:ca=00:tw=30;42:ow=34;42:st=37;44:ex=01;32:*.tar=01;31:*.tgz=01;31:*.arc=01;31:*.arj=01;31:*.taz=01;31:*.lha=01;31:*.lz4=01;31:*.lzh=01;31:*.lzma=01;31:*.tlz=01;31:*.txz=01;31:*.tzo=01;31:*.t7z=01;31:*.zip=01;31:*.z=01;31:*.dz=01;31:*.gz=01;31:*.lrz=01;31:*.lz=01;31:*.lzo=01;31:*.xz=01;31:*.zst=01;31:*.tzst=01;31:*.bz2=01;31:*.bz=01;31:*.tbz=01;31:*.tbz2=01;31:*.tz=01;31:*.deb=01;31:*.rpm=01;31:*.jar=01;31:*.war=01;31:*.ear=01;31:*.sar=01;31:*.rar=01;31:*.alz=01;31:*.ace=01;31:*.zoo=01;31:*.cpio=01;31:*.7z=01;31:*.rz=01;31:*.cab=01;31:*.wim=01;31:*.swm=01;31:*.dwm=01;31:*.esd=01;31:*.avif=01;35:*.jpg=01;35:*.jpeg=01;35:*.mjpg=01;35:*.mjpeg=01;35:*.gif=01;35:*.bmp=01;35:*.pbm=01;35:*.pgm=01;35:*.ppm=01;35:*.tga=01;35:*.xbm=01;35:*.xpm=01;35:*.tif=01;35:*.tiff=01;35:*.png=01;35:*.svg=01;35:*.svgz=01;35:*.mng=01;35:*.pcx=01;35:*.mov=01;35:*.mpg=01;35:*.mpeg=01;35:*.m2v=01;35:*.mkv=01;35:*.webm=01;35:*.webp=01;35:*.ogm=01;35:*.mp4=01;35:*.m4v=01;35:*.mp4v=01;35:*.vob=01;35:*.qt=01;35:*.nuv=01;35:*.wmv=01;35:*.asf=01;35:*.rm=01;35:*.rmvb=01;35:*.flc=01;35:*.avi=01;35:*.fli=01;35:*.flv=01;35:*.gl=01;35:*.dl=01;35:*.xcf=01;35:*.xwd=01;35:*.yuv=01;35:*.cgm=01;35:*.emf=01;35:*.ogv=01;35:*.ogx=01;35:*.aac=00;36:*.au=00;36:*.flac=00;36:*.m4a=00;36:*.mid=00;36:*.midi=00;36:*.mka=00;36:*.mp3=00;36:*.mpc=00;36:*.ogg=00;36:*.ra=00;36:*.wav=00;36:*.oga=00;36:*.opus=00;36:*.spx=00;36:*.xspf=00;36:*~=00;90:*#=00;90:*.bak=00;90:*.crdownload=00;90:*.dpkg-dist=00;90:*.dpkg-new=00;90:*.dpkg-old=00;90:*.dpkg-tmp=00;90:*.old=00;90:*.orig=00;90:*.part=00;90:*.rej=00;90:*.rpmnew=00;90:*.rpmorig=00;90:*.rpmsave=00;90:*.swp=00;90:*.tmp=00;90:*.ucf-dist=00;90:*.ucf-new=00;90:*.ucf-old=00;90:', 'GNOME_TERMINAL_SERVICE': ':1.150', 'SSH_AUTH_SOCK': '/run/user/1002/keyring/ssh', 'AMENT_PREFIX_PATH': '/opt/ros/jazzy', 'SHELL': '/bin/bash', 'QT_ACCESSIBILITY': '1', 'GDMSESSION': 'ubuntu', 'LESSCLOSE': '/usr/bin/lesspipe %s %s', 'ROS_AUTOMATIC_DISCOVERY_RANGE': 'SUBNET', 'QT_IM_MODULE': 'ibus', 'PWD': '/home/olympusolutions/senior_ws/build/minibot', 'LC_ALL': 'en_US.UTF-8', 'XDG_CONFIG_DIRS': '/etc/xdg/xdg-ubuntu:/etc/xdg', 'XDG_DATA_DIRS': '/usr/share/ubuntu:/usr/share/gnome:/usr/local/share/:/usr/share/:/var/lib/snapd/desktop', 'PYTHONPATH': '/opt/ros/jazzy/lib/python3.12/site-packages', 'COLCON': '1', 'MEMORY_PRESSURE_WRITE': 'c29tZSAyMDAwMDAgMjAwMDAwMAA=', 'VTE_VERSION': '7600', 'CMAKE_PREFIX_PATH': '/opt/ros/jazzy/opt/gz_sim_vendor:/opt/ros/jazzy/opt/gz_sensors_vendor:/opt/ros/jazzy/opt/gz_physics_vendor:/opt/ros/jazzy/opt/sdformat_vendor:/opt/ros/jazzy/opt/gz_gui_vendor:/opt/ros/jazzy/opt/gz_transport_vendor:/opt/ros/jazzy/opt/gz_rendering_vendor:/opt/ros/jazzy/opt/gz_plugin_vendor:/opt/ros/jazzy/opt/gz_fuel_tools_vendor:/opt/ros/jazzy/opt/gz_msgs_vendor:/opt/ros/jazzy/opt/gz_common_vendor:/opt/ros/jazzy/opt/gz_math_vendor:/opt/ros/jazzy/opt/gz_utils_vendor:/opt/ros/jazzy/opt/gz_tools_vendor:/opt/ros/jazzy/opt/gz_ogre_next_vendor:/opt/ros/jazzy/opt/gz_dartsim_vendor:/opt/ros/jazzy/opt/gz_cmake_vendor:/opt/ros/jazzy'}), 'shell': False}
[8.031764] (-) TimerEvent: {}
[8.107953] (minibot) StdoutLine: {'line': b'-- The C compiler identification is GNU 13.3.0\n'}
[8.133901] (-) TimerEvent: {}
[8.234475] (-) TimerEvent: {}
[8.312488] (minibot) StdoutLine: {'line': b'-- The CXX compiler identification is GNU 13.3.0\n'}
[8.336764] (-) TimerEvent: {}
[8.367924] (minibot) StdoutLine: {'line': b'-- Detecting C compiler ABI info\n'}
[8.436892] (-) TimerEvent: {}
[8.537351] (-) TimerEvent: {}
[8.546874] (serial_motor_demo_msgs) StdoutLine: {'line': b'-- Found Python3: /usr/bin/python3 (found version "3.12.3") found components: Interpreter Development NumPy Development.Module Development.Embed \n'}
[8.639756] (-) TimerEvent: {}
[8.740242] (-) TimerEvent: {}
[8.754572] (serial_motor_demo_msgs) StdoutLine: {'line': b"-- Added test 'copyright' to check source files copyright and LICENSE\n"}
[8.777751] (serial_motor_demo_msgs) StdoutLine: {'line': b"-- Added test 'lint_cmake' to check CMake code style\n"}
[8.785740] (serial_motor_demo_msgs) StdoutLine: {'line': b"-- Added test 'xmllint' to check XML markup files\n"}
[8.822699] (serial_motor_demo_msgs) StdoutLine: {'line': b'-- Configuring done (8.7s)\n'}
[8.840764] (-) TimerEvent: {}
[8.886055] (minibot) StdoutLine: {'line': b'-- Detecting C compiler ABI info - done\n'}
[8.913614] (minibot) StdoutLine: {'line': b'-- Check for working C compiler: /usr/bin/cc - skipped\n'}
[8.914683] (minibot) StdoutLine: {'line': b'-- Detecting C compile features\n'}
[8.914925] (minibot) StdoutLine: {'line': b'-- Detecting C compile features - done\n'}
[8.922886] (serial_motor_demo_msgs) StdoutLine: {'line': b'-- Generating done (0.1s)\n'}
[8.934383] (minibot) StdoutLine: {'line': b'-- Detecting CXX compiler ABI info\n'}
[8.941781] (-) TimerEvent: {}
[8.946549] (serial_motor_demo_msgs) StdoutLine: {'line': b'-- Build files have been written to: /home/olympusolutions/senior_ws/build/serial_motor_demo_msgs\n'}
[8.982150] (serial_motor_demo_msgs) CommandEnded: {'returncode': 0}
[8.983041] (serial_motor_demo_msgs) JobProgress: {'identifier': 'serial_motor_demo_msgs', 'progress': 'build'}
[8.983131] (serial_motor_demo_msgs) Command: {'cmd': ['/usr/bin/cmake', '--build', '/home/olympusolutions/senior_ws/build/serial_motor_demo_msgs', '--', '-j4', '-l4'], 'cwd': '/home/olympusolutions/senior_ws/build/serial_motor_demo_msgs', 'env': OrderedDict({'LESSOPEN': '| /usr/bin/lesspipe %s', 'USER': 'olympusolutions', 'GZ_CONFIG_PATH': '/opt/ros/jazzy/opt/gz_sim_vendor/share/gz:/opt/ros/jazzy/opt/sdformat_vendor/share/gz:/opt/ros/jazzy/opt/gz_gui_vendor/share/gz:/opt/ros/jazzy/opt/gz_transport_vendor/share/gz:/opt/ros/jazzy/opt/gz_rendering_vendor/share/gz:/opt/ros/jazzy/opt/gz_plugin_vendor/share/gz:/opt/ros/jazzy/opt/gz_fuel_tools_vendor/share/gz:/opt/ros/jazzy/opt/gz_msgs_vendor/share/gz:/opt/ros/jazzy/opt/gz_common_vendor/share/gz', 'XDG_SESSION_TYPE': 'wayland', 'SHLVL': '1', 'LD_LIBRARY_PATH': '/opt/ros/jazzy/opt/gz_sim_vendor/lib:/opt/ros/jazzy/opt/gz_sensors_vendor/lib:/opt/ros/jazzy/opt/gz_physics_vendor/lib:/opt/ros/jazzy/opt/sdformat_vendor/lib:/opt/ros/jazzy/opt/rviz_ogre_vendor/lib:/opt/ros/jazzy/lib/aarch64-linux-gnu:/opt/ros/jazzy/opt/gz_gui_vendor/lib:/opt/ros/jazzy/opt/gz_transport_vendor/lib:/opt/ros/jazzy/opt/gz_rendering_vendor/lib:/opt/ros/jazzy/opt/gz_plugin_vendor/lib:/opt/ros/jazzy/opt/gz_fuel_tools_vendor/lib:/opt/ros/jazzy/opt/gz_msgs_vendor/lib:/opt/ros/jazzy/opt/gz_common_vendor/lib:/opt/ros/jazzy/opt/gz_math_vendor/lib:/opt/ros/jazzy/opt/gz_utils_vendor/lib:/opt/ros/jazzy/opt/gz_tools_vendor/lib:/opt/ros/jazzy/opt/gz_ogre_next_vendor/lib:/opt/ros/jazzy/opt/gz_dartsim_vendor/lib:/opt/ros/jazzy/opt/gz_cmake_vendor/lib:/opt/ros/jazzy/lib', 'HOME': '/home/olympusolutions', 'OLDPWD': '/home/olympusolutions', 'DESKTOP_SESSION': 'ubuntu', 'ROS_PYTHON_VERSION': '3', 'GNOME_SHELL_SESSION_MODE': 'ubuntu', 'GTK_MODULES': 'gail:atk-bridge', 'SYSTEMD_EXEC_PID': '3022', 'GSM_SKIP_SSH_AGENT_WORKAROUND': 'true', 'DBUS_SESSION_BUS_ADDRESS': 'unix:path=/run/user/1002/bus', 'COLORTERM': 'truecolor', 'DEBUGINFOD_URLS': 'https://debuginfod.ubuntu.com', 'IM_CONFIG_PHASE': '1', 'WAYLAND_DISPLAY': 'wayland-0', 'ROS_DISTRO': 'jazzy', 'LOGNAME': 'olympusolutions', '_': '/usr/bin/colcon', 'ROS_VERSION': '2', 'MEMORY_PRESSURE_WATCH': '/sys/fs/cgroup/user.slice/user-1002.slice/user@1002.service/session.slice/org.gnome.Shell@wayland.service/memory.pressure', 'XDG_SESSION_CLASS': 'user', 'USERNAME': 'olympusolutions', 'TERM': 'xterm-256color', 'GNOME_DESKTOP_SESSION_ID': 'this-is-deprecated', 'PATH': '/opt/ros/jazzy/opt/gz_msgs_vendor/bin:/opt/ros/jazzy/opt/gz_tools_vendor/bin:/opt/ros/jazzy/opt/gz_ogre_next_vendor/bin:/opt/ros/jazzy/bin:/home/olympusolutions/.local/bin:/usr/local/sbin:/usr/local/bin:/usr/sbin:/usr/bin:/sbin:/bin:/usr/games:/usr/local/games:/snap/bin:/snap/bin', 'SESSION_MANAGER': 'local/olympusolutions-desktop:@/tmp/.ICE-unix/2977,unix/olympusolutions-desktop:/tmp/.ICE-unix/2977', 'XDG_MENU_PREFIX': 'gnome-', 'GNOME_TERMINAL_SCREEN': '/org/gnome/Terminal/screen/5426054a_44ad_4b3b_9be3_3f00634632e4', 'GNOME_SETUP_DISPLAY': ':1', 'XDG_RUNTIME_DIR': '/run/user/1002', 'DISPLAY': ':0', 'LANG': 'en_US.UTF-8', 'XDG_CURRENT_DESKTOP': 'ubuntu:GNOME', 'XMODIFIERS': '@im=ibus', 'XDG_SESSION_DESKTOP': 'ubuntu', 'XAUTHORITY': '/run/user/1002/.mutter-Xwaylandauth.ZJBY42', 'LS_COLORS': 'rs=0:di=01;34:ln=01;36:mh=00:pi=40;33:so=01;35:do=01;35:bd=40;33;01:cd=40;33;01:or=40;31;01:mi=00:su=37;41:sg=30;43:ca=00:tw=30;42:ow=34;42:st=37;44:ex=01;32:*.tar=01;31:*.tgz=01;31:*.arc=01;31:*.arj=01;31:*.taz=01;31:*.lha=01;31:*.lz4=01;31:*.lzh=01;31:*.lzma=01;31:*.tlz=01;31:*.txz=01;31:*.tzo=01;31:*.t7z=01;31:*.zip=01;31:*.z=01;31:*.dz=01;31:*.gz=01;31:*.lrz=01;31:*.lz=01;31:*.lzo=01;31:*.xz=01;31:*.zst=01;31:*.tzst=01;31:*.bz2=01;31:*.bz=01;31:*.tbz=01;31:*.tbz2=01;31:*.tz=01;31:*.deb=01;31:*.rpm=01;31:*.jar=01;31:*.war=01;31:*.ear=01;31:*.sar=01;31:*.rar=01;31:*.alz=01;31:*.ace=01;31:*.zoo=01;31:*.cpio=01;31:*.7z=01;31:*.rz=01;31:*.cab=01;31:*.wim=01;31:*.swm=01;31:*.dwm=01;31:*.esd=01;31:*.avif=01;35:*.jpg=01;35:*.jpeg=01;35:*.mjpg=01;35:*.mjpeg=01;35:*.gif=01;35:*.bmp=01;35:*.pbm=01;35:*.pgm=01;35:*.ppm=01;35:*.tga=01;35:*.xbm=01;35:*.xpm=01;35:*.tif=01;35:*.tiff=01;35:*.png=01;35:*.svg=01;35:*.svgz=01;35:*.mng=01;35:*.pcx=01;35:*.mov=01;35:*.mpg=01;35:*.mpeg=01;35:*.m2v=01;35:*.mkv=01;35:*.webm=01;35:*.webp=01;35:*.ogm=01;35:*.mp4=01;35:*.m4v=01;35:*.mp4v=01;35:*.vob=01;35:*.qt=01;35:*.nuv=01;35:*.wmv=01;35:*.asf=01;35:*.rm=01;35:*.rmvb=01;35:*.flc=01;35:*.avi=01;35:*.fli=01;35:*.flv=01;35:*.gl=01;35:*.dl=01;35:*.xcf=01;35:*.xwd=01;35:*.yuv=01;35:*.cgm=01;35:*.emf=01;35:*.ogv=01;35:*.ogx=01;35:*.aac=00;36:*.au=00;36:*.flac=00;36:*.m4a=00;36:*.mid=00;36:*.midi=00;36:*.mka=00;36:*.mp3=00;36:*.mpc=00;36:*.ogg=00;36:*.ra=00;36:*.wav=00;36:*.oga=00;36:*.opus=00;36:*.spx=00;36:*.xspf=00;36:*~=00;90:*#=00;90:*.bak=00;90:*.crdownload=00;90:*.dpkg-dist=00;90:*.dpkg-new=00;90:*.dpkg-old=00;90:*.dpkg-tmp=00;90:*.old=00;90:*.orig=00;90:*.part=00;90:*.rej=00;90:*.rpmnew=00;90:*.rpmorig=00;90:*.rpmsave=00;90:*.swp=00;90:*.tmp=00;90:*.ucf-dist=00;90:*.ucf-new=00;90:*.ucf-old=00;90:', 'GNOME_TERMINAL_SERVICE': ':1.150', 'SSH_AUTH_SOCK': '/run/user/1002/keyring/ssh', 'AMENT_PREFIX_PATH': '/opt/ros/jazzy', 'SHELL': '/bin/bash', 'QT_ACCESSIBILITY': '1', 'GDMSESSION': 'ubuntu', 'LESSCLOSE': '/usr/bin/lesspipe %s %s', 'ROS_AUTOMATIC_DISCOVERY_RANGE': 'SUBNET', 'QT_IM_MODULE': 'ibus', 'PWD': '/home/olympusolutions/senior_ws/build/serial_motor_demo_msgs', 'LC_ALL': 'en_US.UTF-8', 'XDG_CONFIG_DIRS': '/etc/xdg/xdg-ubuntu:/etc/xdg', 'XDG_DATA_DIRS': '/usr/share/ubuntu:/usr/share/gnome:/usr/local/share/:/usr/share/:/var/lib/snapd/desktop', 'PYTHONPATH': '/opt/ros/jazzy/lib/python3.12/site-packages', 'COLCON': '1', 'MEMORY_PRESSURE_WRITE': 'c29tZSAyMDAwMDAgMjAwMDAwMAA=', 'VTE_VERSION': '7600', 'CMAKE_PREFIX_PATH': '/opt/ros/jazzy/opt/gz_sim_vendor:/opt/ros/jazzy/opt/gz_sensors_vendor:/opt/ros/jazzy/opt/gz_physics_vendor:/opt/ros/jazzy/opt/sdformat_vendor:/opt/ros/jazzy/opt/gz_gui_vendor:/opt/ros/jazzy/opt/gz_transport_vendor:/opt/ros/jazzy/opt/gz_rendering_vendor:/opt/ros/jazzy/opt/gz_plugin_vendor:/opt/ros/jazzy/opt/gz_fuel_tools_vendor:/opt/ros/jazzy/opt/gz_msgs_vendor:/opt/ros/jazzy/opt/gz_common_vendor:/opt/ros/jazzy/opt/gz_math_vendor:/opt/ros/jazzy/opt/gz_utils_vendor:/opt/ros/jazzy/opt/gz_tools_vendor:/opt/ros/jazzy/opt/gz_ogre_next_vendor:/opt/ros/jazzy/opt/gz_dartsim_vendor:/opt/ros/jazzy/opt/gz_cmake_vendor:/opt/ros/jazzy'}), 'shell': False}
[9.041920] (-) TimerEvent: {}
[9.145964] (-) TimerEvent: {}
[9.168886] (serial_motor_demo_msgs) StdoutLine: {'line': b'[  1%] \x1b[34m\x1b[1mGenerating type hashes for ROS interfaces\x1b[0m\n'}
[9.248705] (-) TimerEvent: {}
[9.331441] (minibot) StdoutLine: {'line': b'-- Detecting CXX compiler ABI info - done\n'}
[9.348866] (-) TimerEvent: {}
[9.381053] (minibot) StdoutLine: {'line': b'-- Check for working CXX compiler: /usr/bin/c++ - skipped\n'}
[9.383326] (minibot) StdoutLine: {'line': b'-- Detecting CXX compile features\n'}
[9.385052] (minibot) StdoutLine: {'line': b'-- Detecting CXX compile features - done\n'}
[9.401947] (minibot) StdoutLine: {'line': b'-- Found ament_cmake: 2.5.3 (/opt/ros/jazzy/share/ament_cmake/cmake)\n'}
[9.449751] (-) TimerEvent: {}
[9.550287] (-) TimerEvent: {}
[9.653735] (-) TimerEvent: {}
[9.754220] (-) TimerEvent: {}
[9.803434] (minibot) StdoutLine: {'line': b'-- Found Python3: /usr/bin/python3 (found version "3.12.3") found components: Interpreter \n'}
[9.854398] (-) TimerEvent: {}
[9.925161] (serial_motor_demo_msgs) StdoutLine: {'line': b'[  1%] Built target serial_motor_demo_msgs__rosidl_generator_type_description\n'}
[9.954530] (-) TimerEvent: {}
[10.008816] (serial_motor_demo_msgs) StdoutLine: {'line': b'[  1%] Built target ament_cmake_python_copy_serial_motor_demo_msgs\n'}
[10.056227] (-) TimerEvent: {}
[10.069188] (serial_motor_demo_msgs) StdoutLine: {'line': b'[  3%] \x1b[34m\x1b[1mGenerating C++ code for ROS interfaces\x1b[0m\n'}
[10.156354] (-) TimerEvent: {}
[10.171843] (minibot) StdoutLine: {'line': b'-- Found rclcpp: 28.1.6 (/opt/ros/jazzy/share/rclcpp/cmake)\n'}
[10.256489] (-) TimerEvent: {}
[10.290312] (minibot) StdoutLine: {'line': b'-- Found rosidl_generator_c: 4.6.5 (/opt/ros/jazzy/share/rosidl_generator_c/cmake)\n'}
[10.330737] (minibot) StdoutLine: {'line': b'-- Found rosidl_generator_cpp: 4.6.5 (/opt/ros/jazzy/share/rosidl_generator_cpp/cmake)\n'}
[10.358747] (-) TimerEvent: {}
[10.373668] (minibot) StdoutLine: {'line': b'-- Using all available rosidl_typesupport_c: rosidl_typesupport_fastrtps_c;rosidl_typesupport_introspection_c\n'}
[10.417626] (minibot) StdoutLine: {'line': b'-- Using all available rosidl_typesupport_cpp: rosidl_typesupport_fastrtps_cpp;rosidl_typesupport_introspection_cpp\n'}
[10.458869] (-) TimerEvent: {}
[10.559313] (-) TimerEvent: {}
[10.597723] (minibot) StdoutLine: {'line': b'-- Found rmw_implementation_cmake: 7.3.1 (/opt/ros/jazzy/share/rmw_implementation_cmake/cmake)\n'}
[10.606190] (minibot) StdoutLine: {'line': b'-- Found rmw_fastrtps_cpp: 8.4.1 (/opt/ros/jazzy/share/rmw_fastrtps_cpp/cmake)\n'}
[10.660780] (-) TimerEvent: {}
[10.761338] (-) TimerEvent: {}
[10.827970] (minibot) StdoutLine: {'line': b'-- Found OpenSSL: /usr/lib/aarch64-linux-gnu/libcrypto.so (found version "3.0.13")  \n'}
[10.861478] (-) TimerEvent: {}
[10.867937] (minibot) StdoutLine: {'line': b'-- Found FastRTPS: /opt/ros/jazzy/include (Required is at least version "2.13") \n'}
[10.928287] (minibot) StdoutLine: {'line': b"-- Using RMW implementation 'rmw_fastrtps_cpp' as default\n"}
[10.961644] (-) TimerEvent: {}
[11.062175] (-) TimerEvent: {}
[11.095795] (minibot) StdoutLine: {'line': b'-- Found geometry_msgs: 5.3.5 (/opt/ros/jazzy/share/geometry_msgs/cmake)\n'}
[11.133757] (serial_motor_demo_msgs) StdoutLine: {'line': b'[  3%] Built target serial_motor_demo_msgs__cpp\n'}
[11.162311] (-) TimerEvent: {}
[11.166341] (minibot) StdoutLine: {'line': b'-- Found rclpy: 7.1.3 (/opt/ros/jazzy/share/rclpy/cmake)\n'}
[11.175062] (minibot) StdoutLine: {'line': b'-- Found ament_lint_auto: 0.17.1 (/opt/ros/jazzy/share/ament_lint_auto/cmake)\n'}
[11.262450] (-) TimerEvent: {}
[11.366115] (-) TimerEvent: {}
[11.466550] (-) TimerEvent: {}
[11.515690] (minibot) StdoutLine: {'line': b"-- Added test 'copyright' to check source files copyright and LICENSE\n"}
[11.521667] (minibot) StdoutLine: {'line': b"-- Added test 'cppcheck' to perform static code analysis on C / C++ code\n"}
[11.522424] (minibot) StdoutLine: {'line': b'-- Configured cppcheck include dirs: \n'}
[11.522768] (minibot) StdoutLine: {'line': b'-- Configured cppcheck exclude dirs and/or files: \n'}
[11.529492] (minibot) StdoutLine: {'line': b"-- Added test 'cpplint' to check C / C++ code against the Google style\n"}
[11.529802] (minibot) StdoutLine: {'line': b'-- Configured cpplint exclude dirs and/or files: \n'}
[11.532967] (minibot) StdoutLine: {'line': b"-- Added test 'flake8' to check Python code syntax and style conventions\n"}
[11.533260] (minibot) StdoutLine: {'line': b"-- Configured 'flake8' exclude dirs and/or files: \n"}
[11.535135] (minibot) StdoutLine: {'line': b"-- Added test 'lint_cmake' to check CMake code style\n"}
[11.537937] (minibot) StdoutLine: {'line': b"-- Added test 'pep257' to check Python code against some of the docstring style conventions in PEP 257\n"}
[11.543518] (minibot) StdoutLine: {'line': b"-- Added test 'uncrustify' to check C / C++ code style\n"}
[11.545735] (minibot) StdoutLine: {'line': b'-- Configured uncrustify additional arguments: \n'}
[11.547113] (minibot) StdoutLine: {'line': b"-- Added test 'xmllint' to check XML markup files\n"}
[11.554835] (minibot) StdoutLine: {'line': b'-- Configuring done (3.6s)\n'}
[11.566764] (-) TimerEvent: {}
[11.593676] (minibot) StdoutLine: {'line': b'-- Generating done (0.0s)\n'}
[11.607747] (minibot) StdoutLine: {'line': b'-- Build files have been written to: /home/olympusolutions/senior_ws/build/minibot\n'}
[11.634636] (minibot) CommandEnded: {'returncode': 0}
[11.635725] (minibot) JobProgress: {'identifier': 'minibot', 'progress': 'build'}
[11.637604] (minibot) Command: {'cmd': ['/usr/bin/cmake', '--build', '/home/olympusolutions/senior_ws/build/minibot', '--', '-j4', '-l4'], 'cwd': '/home/olympusolutions/senior_ws/build/minibot', 'env': OrderedDict({'LESSOPEN': '| /usr/bin/lesspipe %s', 'USER': 'olympusolutions', 'GZ_CONFIG_PATH': '/opt/ros/jazzy/opt/gz_sim_vendor/share/gz:/opt/ros/jazzy/opt/sdformat_vendor/share/gz:/opt/ros/jazzy/opt/gz_gui_vendor/share/gz:/opt/ros/jazzy/opt/gz_transport_vendor/share/gz:/opt/ros/jazzy/opt/gz_rendering_vendor/share/gz:/opt/ros/jazzy/opt/gz_plugin_vendor/share/gz:/opt/ros/jazzy/opt/gz_fuel_tools_vendor/share/gz:/opt/ros/jazzy/opt/gz_msgs_vendor/share/gz:/opt/ros/jazzy/opt/gz_common_vendor/share/gz', 'XDG_SESSION_TYPE': 'wayland', 'SHLVL': '1', 'LD_LIBRARY_PATH': '/opt/ros/jazzy/opt/gz_sim_vendor/lib:/opt/ros/jazzy/opt/gz_sensors_vendor/lib:/opt/ros/jazzy/opt/gz_physics_vendor/lib:/opt/ros/jazzy/opt/sdformat_vendor/lib:/opt/ros/jazzy/opt/rviz_ogre_vendor/lib:/opt/ros/jazzy/lib/aarch64-linux-gnu:/opt/ros/jazzy/opt/gz_gui_vendor/lib:/opt/ros/jazzy/opt/gz_transport_vendor/lib:/opt/ros/jazzy/opt/gz_rendering_vendor/lib:/opt/ros/jazzy/opt/gz_plugin_vendor/lib:/opt/ros/jazzy/opt/gz_fuel_tools_vendor/lib:/opt/ros/jazzy/opt/gz_msgs_vendor/lib:/opt/ros/jazzy/opt/gz_common_vendor/lib:/opt/ros/jazzy/opt/gz_math_vendor/lib:/opt/ros/jazzy/opt/gz_utils_vendor/lib:/opt/ros/jazzy/opt/gz_tools_vendor/lib:/opt/ros/jazzy/opt/gz_ogre_next_vendor/lib:/opt/ros/jazzy/opt/gz_dartsim_vendor/lib:/opt/ros/jazzy/opt/gz_cmake_vendor/lib:/opt/ros/jazzy/lib', 'HOME': '/home/olympusolutions', 'OLDPWD': '/home/olympusolutions', 'DESKTOP_SESSION': 'ubuntu', 'ROS_PYTHON_VERSION': '3', 'GNOME_SHELL_SESSION_MODE': 'ubuntu', 'GTK_MODULES': 'gail:atk-bridge', 'SYSTEMD_EXEC_PID': '3022', 'GSM_SKIP_SSH_AGENT_WORKAROUND': 'true', 'DBUS_SESSION_BUS_ADDRESS': 'unix:path=/run/user/1002/bus', 'COLORTERM': 'truecolor', 'DEBUGINFOD_URLS': 'https://debuginfod.ubuntu.com', 'IM_CONFIG_PHASE': '1', 'WAYLAND_DISPLAY': 'wayland-0', 'ROS_DISTRO': 'jazzy', 'LOGNAME': 'olympusolutions', '_': '/usr/bin/colcon', 'ROS_VERSION': '2', 'MEMORY_PRESSURE_WATCH': '/sys/fs/cgroup/user.slice/user-1002.slice/user@1002.service/session.slice/org.gnome.Shell@wayland.service/memory.pressure', 'XDG_SESSION_CLASS': 'user', 'USERNAME': 'olympusolutions', 'TERM': 'xterm-256color', 'GNOME_DESKTOP_SESSION_ID': 'this-is-deprecated', 'PATH': '/opt/ros/jazzy/opt/gz_msgs_vendor/bin:/opt/ros/jazzy/opt/gz_tools_vendor/bin:/opt/ros/jazzy/opt/gz_ogre_next_vendor/bin:/opt/ros/jazzy/bin:/home/olympusolutions/.local/bin:/usr/local/sbin:/usr/local/bin:/usr/sbin:/usr/bin:/sbin:/bin:/usr/games:/usr/local/games:/snap/bin:/snap/bin', 'SESSION_MANAGER': 'local/olympusolutions-desktop:@/tmp/.ICE-unix/2977,unix/olympusolutions-desktop:/tmp/.ICE-unix/2977', 'XDG_MENU_PREFIX': 'gnome-', 'GNOME_TERMINAL_SCREEN': '/org/gnome/Terminal/screen/5426054a_44ad_4b3b_9be3_3f00634632e4', 'GNOME_SETUP_DISPLAY': ':1', 'XDG_RUNTIME_DIR': '/run/user/1002', 'DISPLAY': ':0', 'LANG': 'en_US.UTF-8', 'XDG_CURRENT_DESKTOP': 'ubuntu:GNOME', 'XMODIFIERS': '@im=ibus', 'XDG_SESSION_DESKTOP': 'ubuntu', 'XAUTHORITY': '/run/user/1002/.mutter-Xwaylandauth.ZJBY42', 'LS_COLORS': 'rs=0:di=01;34:ln=01;36:mh=00:pi=40;33:so=01;35:do=01;35:bd=40;33;01:cd=40;33;01:or=40;31;01:mi=00:su=37;41:sg=30;43:ca=00:tw=30;42:ow=34;42:st=37;44:ex=01;32:*.tar=01;31:*.tgz=01;31:*.arc=01;31:*.arj=01;31:*.taz=01;31:*.lha=01;31:*.lz4=01;31:*.lzh=01;31:*.lzma=01;31:*.tlz=01;31:*.txz=01;31:*.tzo=01;31:*.t7z=01;31:*.zip=01;31:*.z=01;31:*.dz=01;31:*.gz=01;31:*.lrz=01;31:*.lz=01;31:*.lzo=01;31:*.xz=01;31:*.zst=01;31:*.tzst=01;31:*.bz2=01;31:*.bz=01;31:*.tbz=01;31:*.tbz2=01;31:*.tz=01;31:*.deb=01;31:*.rpm=01;31:*.jar=01;31:*.war=01;31:*.ear=01;31:*.sar=01;31:*.rar=01;31:*.alz=01;31:*.ace=01;31:*.zoo=01;31:*.cpio=01;31:*.7z=01;31:*.rz=01;31:*.cab=01;31:*.wim=01;31:*.swm=01;31:*.dwm=01;31:*.esd=01;31:*.avif=01;35:*.jpg=01;35:*.jpeg=01;35:*.mjpg=01;35:*.mjpeg=01;35:*.gif=01;35:*.bmp=01;35:*.pbm=01;35:*.pgm=01;35:*.ppm=01;35:*.tga=01;35:*.xbm=01;35:*.xpm=01;35:*.tif=01;35:*.tiff=01;35:*.png=01;35:*.svg=01;35:*.svgz=01;35:*.mng=01;35:*.pcx=01;35:*.mov=01;35:*.mpg=01;35:*.mpeg=01;35:*.m2v=01;35:*.mkv=01;35:*.webm=01;35:*.webp=01;35:*.ogm=01;35:*.mp4=01;35:*.m4v=01;35:*.mp4v=01;35:*.vob=01;35:*.qt=01;35:*.nuv=01;35:*.wmv=01;35:*.asf=01;35:*.rm=01;35:*.rmvb=01;35:*.flc=01;35:*.avi=01;35:*.fli=01;35:*.flv=01;35:*.gl=01;35:*.dl=01;35:*.xcf=01;35:*.xwd=01;35:*.yuv=01;35:*.cgm=01;35:*.emf=01;35:*.ogv=01;35:*.ogx=01;35:*.aac=00;36:*.au=00;36:*.flac=00;36:*.m4a=00;36:*.mid=00;36:*.midi=00;36:*.mka=00;36:*.mp3=00;36:*.mpc=00;36:*.ogg=00;36:*.ra=00;36:*.wav=00;36:*.oga=00;36:*.opus=00;36:*.spx=00;36:*.xspf=00;36:*~=00;90:*#=00;90:*.bak=00;90:*.crdownload=00;90:*.dpkg-dist=00;90:*.dpkg-new=00;90:*.dpkg-old=00;90:*.dpkg-tmp=00;90:*.old=00;90:*.orig=00;90:*.part=00;90:*.rej=00;90:*.rpmnew=00;90:*.rpmorig=00;90:*.rpmsave=00;90:*.swp=00;90:*.tmp=00;90:*.ucf-dist=00;90:*.ucf-new=00;90:*.ucf-old=00;90:', 'GNOME_TERMINAL_SERVICE': ':1.150', 'SSH_AUTH_SOCK': '/run/user/1002/keyring/ssh', 'AMENT_PREFIX_PATH': '/opt/ros/jazzy', 'SHELL': '/bin/bash', 'QT_ACCESSIBILITY': '1', 'GDMSESSION': 'ubuntu', 'LESSCLOSE': '/usr/bin/lesspipe %s %s', 'ROS_AUTOMATIC_DISCOVERY_RANGE': 'SUBNET', 'QT_IM_MODULE': 'ibus', 'PWD': '/home/olympusolutions/senior_ws/build/minibot', 'LC_ALL': 'en_US.UTF-8', 'XDG_CONFIG_DIRS': '/etc/xdg/xdg-ubuntu:/etc/xdg', 'XDG_DATA_DIRS': '/usr/share/ubuntu:/usr/share/gnome:/usr/local/share/:/usr/share/:/var/lib/snapd/desktop', 'PYTHONPATH': '/opt/ros/jazzy/lib/python3.12/site-packages', 'COLCON': '1', 'MEMORY_PRESSURE_WRITE': 'c29tZSAyMDAwMDAgMjAwMDAwMAA=', 'VTE_VERSION': '7600', 'CMAKE_PREFIX_PATH': '/opt/ros/jazzy/opt/gz_sim_vendor:/opt/ros/jazzy/opt/gz_sensors_vendor:/opt/ros/jazzy/opt/gz_physics_vendor:/opt/ros/jazzy/opt/sdformat_vendor:/opt/ros/jazzy/opt/gz_gui_vendor:/opt/ros/jazzy/opt/gz_transport_vendor:/opt/ros/jazzy/opt/gz_rendering_vendor:/opt/ros/jazzy/opt/gz_plugin_vendor:/opt/ros/jazzy/opt/gz_fuel_tools_vendor:/opt/ros/jazzy/opt/gz_msgs_vendor:/opt/ros/jazzy/opt/gz_common_vendor:/opt/ros/jazzy/opt/gz_math_vendor:/opt/ros/jazzy/opt/gz_utils_vendor:/opt/ros/jazzy/opt/gz_tools_vendor:/opt/ros/jazzy/opt/gz_ogre_next_vendor:/opt/ros/jazzy/opt/gz_dartsim_vendor:/opt/ros/jazzy/opt/gz_cmake_vendor:/opt/ros/jazzy'}), 'shell': False}
[11.669757] (-) TimerEvent: {}
[11.719593] (serial_motor_demo_msgs) StdoutLine: {'line': b'running egg_info\n'}
[11.721268] (serial_motor_demo_msgs) StdoutLine: {'line': b'creating serial_motor_demo_msgs.egg-info\n'}
[11.769910] (-) TimerEvent: {}
[11.784092] (minibot) StdoutLine: {'line': b'[ 50%] \x1b[32mBuilding CXX object CMakeFiles/velocity_publisher.dir/demo_publisher_node/velocity_publisher.cpp.o\x1b[0m\n'}
[11.792394] (serial_motor_demo_msgs) StdoutLine: {'line': b'writing serial_motor_demo_msgs.egg-info/PKG-INFO\n'}
[11.794147] (serial_motor_demo_msgs) StdoutLine: {'line': b'writing dependency_links to serial_motor_demo_msgs.egg-info/dependency_links.txt\n'}
[11.794495] (serial_motor_demo_msgs) StdoutLine: {'line': b'writing top-level names to serial_motor_demo_msgs.egg-info/top_level.txt\n'}
[11.796735] (serial_motor_demo_msgs) StdoutLine: {'line': b"writing manifest file 'serial_motor_demo_msgs.egg-info/SOURCES.txt'\n"}
[11.872737] (-) TimerEvent: {}
[11.973195] (-) TimerEvent: {}
[11.976806] (serial_motor_demo_msgs) StdoutLine: {'line': b"reading manifest file 'serial_motor_demo_msgs.egg-info/SOURCES.txt'\n"}
[11.977849] (serial_motor_demo_msgs) StdoutLine: {'line': b"writing manifest file 'serial_motor_demo_msgs.egg-info/SOURCES.txt'\n"}
[12.073317] (-) TimerEvent: {}
[12.099941] (serial_motor_demo_msgs) StdoutLine: {'line': b'[  3%] Built target ament_cmake_python_build_serial_motor_demo_msgs_egg\n'}
[12.127145] (serial_motor_demo_msgs) StdoutLine: {'line': b'[  5%] \x1b[34m\x1b[1mGenerating C code for ROS interfaces\x1b[0m\n'}
[12.174772] (-) TimerEvent: {}
[12.275360] (-) TimerEvent: {}
[12.379004] (-) TimerEvent: {}
[12.487545] (-) TimerEvent: {}
[12.588022] (-) TimerEvent: {}
[12.688477] (-) TimerEvent: {}
[12.788975] (-) TimerEvent: {}
[12.892957] (-) TimerEvent: {}
[12.993429] (-) TimerEvent: {}
[13.097049] (-) TimerEvent: {}
[13.199733] (-) TimerEvent: {}
[13.301830] (-) TimerEvent: {}
[13.402290] (-) TimerEvent: {}
[13.502775] (-) TimerEvent: {}
[13.603286] (-) TimerEvent: {}
[13.659060] (serial_motor_demo_msgs) StdoutLine: {'line': b'[  7%] \x1b[32mBuilding C object CMakeFiles/serial_motor_demo_msgs__rosidl_generator_c.dir/rosidl_generator_c/serial_motor_demo_msgs/msg/detail/motor_command__description.c.o\x1b[0m\n'}
[13.703439] (-) TimerEvent: {}
[13.768886] (serial_motor_demo_msgs) StdoutLine: {'line': b'[  9%] \x1b[32mBuilding C object CMakeFiles/serial_motor_demo_msgs__rosidl_generator_c.dir/rosidl_generator_c/serial_motor_demo_msgs/msg/detail/motor_vels__description.c.o\x1b[0m\n'}
[13.803612] (-) TimerEvent: {}
[13.861597] (serial_motor_demo_msgs) StdoutLine: {'line': b'[ 11%] \x1b[32mBuilding C object CMakeFiles/serial_motor_demo_msgs__rosidl_generator_c.dir/rosidl_generator_c/serial_motor_demo_msgs/msg/detail/motor_vels__functions.c.o\x1b[0m\n'}
[13.904743] (-) TimerEvent: {}
[14.008041] (-) TimerEvent: {}
[14.012927] (serial_motor_demo_msgs) StdoutLine: {'line': b'[ 12%] \x1b[32mBuilding C object CMakeFiles/serial_motor_demo_msgs__rosidl_generator_c.dir/rosidl_generator_c/serial_motor_demo_msgs/msg/detail/motor_vels__type_support.c.o\x1b[0m\n'}
[14.092334] (serial_motor_demo_msgs) StdoutLine: {'line': b'[ 14%] \x1b[32mBuilding C object CMakeFiles/serial_motor_demo_msgs__rosidl_generator_c.dir/rosidl_generator_c/serial_motor_demo_msgs/msg/detail/encoder_vals__description.c.o\x1b[0m\n'}
[14.108198] (-) TimerEvent: {}
[14.183615] (serial_motor_demo_msgs) StdoutLine: {'line': b'[ 16%] \x1b[32mBuilding C object CMakeFiles/serial_motor_demo_msgs__rosidl_generator_c.dir/rosidl_generator_c/serial_motor_demo_msgs/msg/detail/encoder_vals__functions.c.o\x1b[0m\n'}
[14.209763] (-) TimerEvent: {}
[14.297809] (serial_motor_demo_msgs) StdoutLine: {'line': b'[ 18%] \x1b[32mBuilding C object CMakeFiles/serial_motor_demo_msgs__rosidl_generator_c.dir/rosidl_generator_c/serial_motor_demo_msgs/msg/detail/encoder_vals__type_support.c.o\x1b[0m\n'}
[14.309927] (-) TimerEvent: {}
[14.375529] (serial_motor_demo_msgs) StdoutLine: {'line': b'[ 20%] \x1b[32mBuilding C object CMakeFiles/serial_motor_demo_msgs__rosidl_generator_c.dir/rosidl_generator_c/serial_motor_demo_msgs/msg/detail/motor_command__type_support.c.o\x1b[0m\n'}
[14.410065] (-) TimerEvent: {}
[14.455339] (serial_motor_demo_msgs) StdoutLine: {'line': b'[ 22%] \x1b[32mBuilding C object CMakeFiles/serial_motor_demo_msgs__rosidl_generator_c.dir/rosidl_generator_c/serial_motor_demo_msgs/msg/detail/motor_command__functions.c.o\x1b[0m\n'}
[14.510209] (-) TimerEvent: {}
[14.573788] (serial_motor_demo_msgs) StdoutLine: {'line': b'[ 24%] \x1b[32m\x1b[1mLinking C shared library libserial_motor_demo_msgs__rosidl_generator_c.so\x1b[0m\n'}
[14.610360] (-) TimerEvent: {}
[14.685405] (serial_motor_demo_msgs) StdoutLine: {'line': b'[ 24%] Built target serial_motor_demo_msgs__rosidl_generator_c\n'}
[14.713750] (serial_motor_demo_msgs) StdoutLine: {'line': b'[ 25%] \x1b[34m\x1b[1mGenerating C++ type support for eProsima Fast-RTPS\x1b[0m\n'}
[14.714141] (-) TimerEvent: {}
[14.814570] (-) TimerEvent: {}
[14.915057] (-) TimerEvent: {}
[15.015491] (-) TimerEvent: {}
[15.115941] (-) TimerEvent: {}
[15.216407] (-) TimerEvent: {}
[15.319755] (-) TimerEvent: {}
[15.420261] (-) TimerEvent: {}
[15.512607] (serial_motor_demo_msgs) StdoutLine: {'line': b'[ 27%] \x1b[32mBuilding CXX object CMakeFiles/serial_motor_demo_msgs__rosidl_typesupport_fastrtps_cpp.dir/rosidl_typesupport_fastrtps_cpp/serial_motor_demo_msgs/msg/detail/dds_fastrtps/motor_command__type_support.cpp.o\x1b[0m\n'}
[15.520480] (-) TimerEvent: {}
[15.621117] (-) TimerEvent: {}
[15.721588] (-) TimerEvent: {}
[15.824989] (-) TimerEvent: {}
[15.929012] (-) TimerEvent: {}
[16.029510] (-) TimerEvent: {}
[16.130023] (-) TimerEvent: {}
[16.234752] (-) TimerEvent: {}
[16.335207] (-) TimerEvent: {}
[16.435720] (-) TimerEvent: {}
[16.536193] (-) TimerEvent: {}
[16.636757] (-) TimerEvent: {}
[16.702294] (serial_motor_demo_msgs) StdoutLine: {'line': b'[ 29%] \x1b[32mBuilding CXX object CMakeFiles/serial_motor_demo_msgs__rosidl_typesupport_fastrtps_cpp.dir/rosidl_typesupport_fastrtps_cpp/serial_motor_demo_msgs/msg/detail/dds_fastrtps/motor_vels__type_support.cpp.o\x1b[0m\n'}
[16.737761] (-) TimerEvent: {}
[16.838340] (-) TimerEvent: {}
[16.941765] (-) TimerEvent: {}
[17.042211] (-) TimerEvent: {}
[17.144793] (-) TimerEvent: {}
[17.245289] (-) TimerEvent: {}
[17.345774] (-) TimerEvent: {}
[17.446257] (-) TimerEvent: {}
[17.546767] (-) TimerEvent: {}
[17.648760] (-) TimerEvent: {}
[17.749242] (-) TimerEvent: {}
[17.849753] (-) TimerEvent: {}
[17.938790] (serial_motor_demo_msgs) StdoutLine: {'line': b'[ 31%] \x1b[32mBuilding CXX object CMakeFiles/serial_motor_demo_msgs__rosidl_typesupport_fastrtps_cpp.dir/rosidl_typesupport_fastrtps_cpp/serial_motor_demo_msgs/msg/detail/dds_fastrtps/encoder_vals__type_support.cpp.o\x1b[0m\n'}
[17.949901] (-) TimerEvent: {}
[18.050451] (-) TimerEvent: {}
[18.150967] (-) TimerEvent: {}
[18.251910] (-) TimerEvent: {}
[18.354309] (-) TimerEvent: {}
[18.454765] (-) TimerEvent: {}
[18.558895] (-) TimerEvent: {}
[18.661905] (-) TimerEvent: {}
[18.762324] (-) TimerEvent: {}
[18.862776] (-) TimerEvent: {}
[18.966933] (-) TimerEvent: {}
[19.062151] (serial_motor_demo_msgs) StdoutLine: {'line': b'[ 33%] \x1b[32m\x1b[1mLinking CXX shared library libserial_motor_demo_msgs__rosidl_typesupport_fastrtps_cpp.so\x1b[0m\n'}
[19.067094] (-) TimerEvent: {}
[19.131688] (extender_arduino) StdoutLine: {'line': b'[100%] \x1b[32m\x1b[1mLinking CXX shared library libextender_arduino.so\x1b[0m\n'}
[19.167246] (-) TimerEvent: {}
[19.216424] (serial_motor_demo_msgs) StdoutLine: {'line': b'[ 33%] Built target serial_motor_demo_msgs__rosidl_typesupport_fastrtps_cpp\n'}
[19.249137] (serial_motor_demo_msgs) StdoutLine: {'line': b'[ 35%] \x1b[34m\x1b[1mGenerating C introspection for ROS interfaces\x1b[0m\n'}
[19.267371] (-) TimerEvent: {}
[19.275061] (diffdrive_arduino) StdoutLine: {'line': b'[100%] \x1b[32m\x1b[1mLinking CXX shared library libdiffdrive_arduino.so\x1b[0m\n'}
[19.370766] (-) TimerEvent: {}
[19.471346] (-) TimerEvent: {}
[19.572393] (-) TimerEvent: {}
[19.676243] (-) TimerEvent: {}
[19.776893] (-) TimerEvent: {}
[19.878055] (-) TimerEvent: {}
[19.981111] (-) TimerEvent: {}
[20.084937] (-) TimerEvent: {}
[20.185388] (-) TimerEvent: {}
[20.190394] (extender_arduino) StdoutLine: {'line': b'[100%] Built target extender_arduino\n'}
[20.202684] (diffdrive_arduino) StdoutLine: {'line': b'[100%] Built target diffdrive_arduino\n'}
[20.233434] (extender_arduino) CommandEnded: {'returncode': 0}
[20.234180] (extender_arduino) JobProgress: {'identifier': 'extender_arduino', 'progress': 'install'}
[20.257546] (extender_arduino) Command: {'cmd': ['/usr/bin/cmake', '--install', '/home/olympusolutions/senior_ws/build/extender_arduino'], 'cwd': '/home/olympusolutions/senior_ws/build/extender_arduino', 'env': OrderedDict({'LESSOPEN': '| /usr/bin/lesspipe %s', 'USER': 'olympusolutions', 'GZ_CONFIG_PATH': '/opt/ros/jazzy/opt/gz_sim_vendor/share/gz:/opt/ros/jazzy/opt/sdformat_vendor/share/gz:/opt/ros/jazzy/opt/gz_gui_vendor/share/gz:/opt/ros/jazzy/opt/gz_transport_vendor/share/gz:/opt/ros/jazzy/opt/gz_rendering_vendor/share/gz:/opt/ros/jazzy/opt/gz_plugin_vendor/share/gz:/opt/ros/jazzy/opt/gz_fuel_tools_vendor/share/gz:/opt/ros/jazzy/opt/gz_msgs_vendor/share/gz:/opt/ros/jazzy/opt/gz_common_vendor/share/gz', 'XDG_SESSION_TYPE': 'wayland', 'SHLVL': '1', 'LD_LIBRARY_PATH': '/opt/ros/jazzy/opt/gz_sim_vendor/lib:/opt/ros/jazzy/opt/gz_sensors_vendor/lib:/opt/ros/jazzy/opt/gz_physics_vendor/lib:/opt/ros/jazzy/opt/sdformat_vendor/lib:/opt/ros/jazzy/opt/rviz_ogre_vendor/lib:/opt/ros/jazzy/lib/aarch64-linux-gnu:/opt/ros/jazzy/opt/gz_gui_vendor/lib:/opt/ros/jazzy/opt/gz_transport_vendor/lib:/opt/ros/jazzy/opt/gz_rendering_vendor/lib:/opt/ros/jazzy/opt/gz_plugin_vendor/lib:/opt/ros/jazzy/opt/gz_fuel_tools_vendor/lib:/opt/ros/jazzy/opt/gz_msgs_vendor/lib:/opt/ros/jazzy/opt/gz_common_vendor/lib:/opt/ros/jazzy/opt/gz_math_vendor/lib:/opt/ros/jazzy/opt/gz_utils_vendor/lib:/opt/ros/jazzy/opt/gz_tools_vendor/lib:/opt/ros/jazzy/opt/gz_ogre_next_vendor/lib:/opt/ros/jazzy/opt/gz_dartsim_vendor/lib:/opt/ros/jazzy/opt/gz_cmake_vendor/lib:/opt/ros/jazzy/lib', 'HOME': '/home/olympusolutions', 'OLDPWD': '/home/olympusolutions', 'DESKTOP_SESSION': 'ubuntu', 'ROS_PYTHON_VERSION': '3', 'GNOME_SHELL_SESSION_MODE': 'ubuntu', 'GTK_MODULES': 'gail:atk-bridge', 'SYSTEMD_EXEC_PID': '3022', 'GSM_SKIP_SSH_AGENT_WORKAROUND': 'true', 'DBUS_SESSION_BUS_ADDRESS': 'unix:path=/run/user/1002/bus', 'COLORTERM': 'truecolor', 'DEBUGINFOD_URLS': 'https://debuginfod.ubuntu.com', 'IM_CONFIG_PHASE': '1', 'WAYLAND_DISPLAY': 'wayland-0', 'ROS_DISTRO': 'jazzy', 'LOGNAME': 'olympusolutions', '_': '/usr/bin/colcon', 'ROS_VERSION': '2', 'MEMORY_PRESSURE_WATCH': '/sys/fs/cgroup/user.slice/user-1002.slice/user@1002.service/session.slice/org.gnome.Shell@wayland.service/memory.pressure', 'XDG_SESSION_CLASS': 'user', 'USERNAME': 'olympusolutions', 'TERM': 'xterm-256color', 'GNOME_DESKTOP_SESSION_ID': 'this-is-deprecated', 'PATH': '/opt/ros/jazzy/opt/gz_msgs_vendor/bin:/opt/ros/jazzy/opt/gz_tools_vendor/bin:/opt/ros/jazzy/opt/gz_ogre_next_vendor/bin:/opt/ros/jazzy/bin:/home/olympusolutions/.local/bin:/usr/local/sbin:/usr/local/bin:/usr/sbin:/usr/bin:/sbin:/bin:/usr/games:/usr/local/games:/snap/bin:/snap/bin', 'SESSION_MANAGER': 'local/olympusolutions-desktop:@/tmp/.ICE-unix/2977,unix/olympusolutions-desktop:/tmp/.ICE-unix/2977', 'XDG_MENU_PREFIX': 'gnome-', 'GNOME_TERMINAL_SCREEN': '/org/gnome/Terminal/screen/5426054a_44ad_4b3b_9be3_3f00634632e4', 'GNOME_SETUP_DISPLAY': ':1', 'XDG_RUNTIME_DIR': '/run/user/1002', 'DISPLAY': ':0', 'LANG': 'en_US.UTF-8', 'XDG_CURRENT_DESKTOP': 'ubuntu:GNOME', 'XMODIFIERS': '@im=ibus', 'XDG_SESSION_DESKTOP': 'ubuntu', 'XAUTHORITY': '/run/user/1002/.mutter-Xwaylandauth.ZJBY42', 'LS_COLORS': 'rs=0:di=01;34:ln=01;36:mh=00:pi=40;33:so=01;35:do=01;35:bd=40;33;01:cd=40;33;01:or=40;31;01:mi=00:su=37;41:sg=30;43:ca=00:tw=30;42:ow=34;42:st=37;44:ex=01;32:*.tar=01;31:*.tgz=01;31:*.arc=01;31:*.arj=01;31:*.taz=01;31:*.lha=01;31:*.lz4=01;31:*.lzh=01;31:*.lzma=01;31:*.tlz=01;31:*.txz=01;31:*.tzo=01;31:*.t7z=01;31:*.zip=01;31:*.z=01;31:*.dz=01;31:*.gz=01;31:*.lrz=01;31:*.lz=01;31:*.lzo=01;31:*.xz=01;31:*.zst=01;31:*.tzst=01;31:*.bz2=01;31:*.bz=01;31:*.tbz=01;31:*.tbz2=01;31:*.tz=01;31:*.deb=01;31:*.rpm=01;31:*.jar=01;31:*.war=01;31:*.ear=01;31:*.sar=01;31:*.rar=01;31:*.alz=01;31:*.ace=01;31:*.zoo=01;31:*.cpio=01;31:*.7z=01;31:*.rz=01;31:*.cab=01;31:*.wim=01;31:*.swm=01;31:*.dwm=01;31:*.esd=01;31:*.avif=01;35:*.jpg=01;35:*.jpeg=01;35:*.mjpg=01;35:*.mjpeg=01;35:*.gif=01;35:*.bmp=01;35:*.pbm=01;35:*.pgm=01;35:*.ppm=01;35:*.tga=01;35:*.xbm=01;35:*.xpm=01;35:*.tif=01;35:*.tiff=01;35:*.png=01;35:*.svg=01;35:*.svgz=01;35:*.mng=01;35:*.pcx=01;35:*.mov=01;35:*.mpg=01;35:*.mpeg=01;35:*.m2v=01;35:*.mkv=01;35:*.webm=01;35:*.webp=01;35:*.ogm=01;35:*.mp4=01;35:*.m4v=01;35:*.mp4v=01;35:*.vob=01;35:*.qt=01;35:*.nuv=01;35:*.wmv=01;35:*.asf=01;35:*.rm=01;35:*.rmvb=01;35:*.flc=01;35:*.avi=01;35:*.fli=01;35:*.flv=01;35:*.gl=01;35:*.dl=01;35:*.xcf=01;35:*.xwd=01;35:*.yuv=01;35:*.cgm=01;35:*.emf=01;35:*.ogv=01;35:*.ogx=01;35:*.aac=00;36:*.au=00;36:*.flac=00;36:*.m4a=00;36:*.mid=00;36:*.midi=00;36:*.mka=00;36:*.mp3=00;36:*.mpc=00;36:*.ogg=00;36:*.ra=00;36:*.wav=00;36:*.oga=00;36:*.opus=00;36:*.spx=00;36:*.xspf=00;36:*~=00;90:*#=00;90:*.bak=00;90:*.crdownload=00;90:*.dpkg-dist=00;90:*.dpkg-new=00;90:*.dpkg-old=00;90:*.dpkg-tmp=00;90:*.old=00;90:*.orig=00;90:*.part=00;90:*.rej=00;90:*.rpmnew=00;90:*.rpmorig=00;90:*.rpmsave=00;90:*.swp=00;90:*.tmp=00;90:*.ucf-dist=00;90:*.ucf-new=00;90:*.ucf-old=00;90:', 'GNOME_TERMINAL_SERVICE': ':1.150', 'SSH_AUTH_SOCK': '/run/user/1002/keyring/ssh', 'AMENT_PREFIX_PATH': '/opt/ros/jazzy', 'SHELL': '/bin/bash', 'QT_ACCESSIBILITY': '1', 'GDMSESSION': 'ubuntu', 'LESSCLOSE': '/usr/bin/lesspipe %s %s', 'ROS_AUTOMATIC_DISCOVERY_RANGE': 'SUBNET', 'QT_IM_MODULE': 'ibus', 'PWD': '/home/olympusolutions/senior_ws/build/extender_arduino', 'LC_ALL': 'en_US.UTF-8', 'XDG_CONFIG_DIRS': '/etc/xdg/xdg-ubuntu:/etc/xdg', 'XDG_DATA_DIRS': '/usr/share/ubuntu:/usr/share/gnome:/usr/local/share/:/usr/share/:/var/lib/snapd/desktop', 'PYTHONPATH': '/opt/ros/jazzy/lib/python3.12/site-packages', 'COLCON': '1', 'MEMORY_PRESSURE_WRITE': 'c29tZSAyMDAwMDAgMjAwMDAwMAA=', 'VTE_VERSION': '7600', 'CMAKE_PREFIX_PATH': '/opt/ros/jazzy/opt/gz_sim_vendor:/opt/ros/jazzy/opt/gz_sensors_vendor:/opt/ros/jazzy/opt/gz_physics_vendor:/opt/ros/jazzy/opt/sdformat_vendor:/opt/ros/jazzy/opt/gz_gui_vendor:/opt/ros/jazzy/opt/gz_transport_vendor:/opt/ros/jazzy/opt/gz_rendering_vendor:/opt/ros/jazzy/opt/gz_plugin_vendor:/opt/ros/jazzy/opt/gz_fuel_tools_vendor:/opt/ros/jazzy/opt/gz_msgs_vendor:/opt/ros/jazzy/opt/gz_common_vendor:/opt/ros/jazzy/opt/gz_math_vendor:/opt/ros/jazzy/opt/gz_utils_vendor:/opt/ros/jazzy/opt/gz_tools_vendor:/opt/ros/jazzy/opt/gz_ogre_next_vendor:/opt/ros/jazzy/opt/gz_dartsim_vendor:/opt/ros/jazzy/opt/gz_cmake_vendor:/opt/ros/jazzy'}), 'shell': False}
[20.272946] (diffdrive_arduino) CommandEnded: {'returncode': 0}
[20.273688] (diffdrive_arduino) JobProgress: {'identifier': 'diffdrive_arduino', 'progress': 'install'}
[20.273745] (diffdrive_arduino) Command: {'cmd': ['/usr/bin/cmake', '--install', '/home/olympusolutions/senior_ws/build/diffdrive_arduino'], 'cwd': '/home/olympusolutions/senior_ws/build/diffdrive_arduino', 'env': OrderedDict({'LESSOPEN': '| /usr/bin/lesspipe %s', 'USER': 'olympusolutions', 'GZ_CONFIG_PATH': '/opt/ros/jazzy/opt/gz_sim_vendor/share/gz:/opt/ros/jazzy/opt/sdformat_vendor/share/gz:/opt/ros/jazzy/opt/gz_gui_vendor/share/gz:/opt/ros/jazzy/opt/gz_transport_vendor/share/gz:/opt/ros/jazzy/opt/gz_rendering_vendor/share/gz:/opt/ros/jazzy/opt/gz_plugin_vendor/share/gz:/opt/ros/jazzy/opt/gz_fuel_tools_vendor/share/gz:/opt/ros/jazzy/opt/gz_msgs_vendor/share/gz:/opt/ros/jazzy/opt/gz_common_vendor/share/gz', 'XDG_SESSION_TYPE': 'wayland', 'SHLVL': '1', 'LD_LIBRARY_PATH': '/opt/ros/jazzy/opt/gz_sim_vendor/lib:/opt/ros/jazzy/opt/gz_sensors_vendor/lib:/opt/ros/jazzy/opt/gz_physics_vendor/lib:/opt/ros/jazzy/opt/sdformat_vendor/lib:/opt/ros/jazzy/opt/rviz_ogre_vendor/lib:/opt/ros/jazzy/lib/aarch64-linux-gnu:/opt/ros/jazzy/opt/gz_gui_vendor/lib:/opt/ros/jazzy/opt/gz_transport_vendor/lib:/opt/ros/jazzy/opt/gz_rendering_vendor/lib:/opt/ros/jazzy/opt/gz_plugin_vendor/lib:/opt/ros/jazzy/opt/gz_fuel_tools_vendor/lib:/opt/ros/jazzy/opt/gz_msgs_vendor/lib:/opt/ros/jazzy/opt/gz_common_vendor/lib:/opt/ros/jazzy/opt/gz_math_vendor/lib:/opt/ros/jazzy/opt/gz_utils_vendor/lib:/opt/ros/jazzy/opt/gz_tools_vendor/lib:/opt/ros/jazzy/opt/gz_ogre_next_vendor/lib:/opt/ros/jazzy/opt/gz_dartsim_vendor/lib:/opt/ros/jazzy/opt/gz_cmake_vendor/lib:/opt/ros/jazzy/lib', 'HOME': '/home/olympusolutions', 'OLDPWD': '/home/olympusolutions', 'DESKTOP_SESSION': 'ubuntu', 'ROS_PYTHON_VERSION': '3', 'GNOME_SHELL_SESSION_MODE': 'ubuntu', 'GTK_MODULES': 'gail:atk-bridge', 'SYSTEMD_EXEC_PID': '3022', 'GSM_SKIP_SSH_AGENT_WORKAROUND': 'true', 'DBUS_SESSION_BUS_ADDRESS': 'unix:path=/run/user/1002/bus', 'COLORTERM': 'truecolor', 'DEBUGINFOD_URLS': 'https://debuginfod.ubuntu.com', 'IM_CONFIG_PHASE': '1', 'WAYLAND_DISPLAY': 'wayland-0', 'ROS_DISTRO': 'jazzy', 'LOGNAME': 'olympusolutions', '_': '/usr/bin/colcon', 'ROS_VERSION': '2', 'MEMORY_PRESSURE_WATCH': '/sys/fs/cgroup/user.slice/user-1002.slice/user@1002.service/session.slice/org.gnome.Shell@wayland.service/memory.pressure', 'XDG_SESSION_CLASS': 'user', 'USERNAME': 'olympusolutions', 'TERM': 'xterm-256color', 'GNOME_DESKTOP_SESSION_ID': 'this-is-deprecated', 'PATH': '/opt/ros/jazzy/opt/gz_msgs_vendor/bin:/opt/ros/jazzy/opt/gz_tools_vendor/bin:/opt/ros/jazzy/opt/gz_ogre_next_vendor/bin:/opt/ros/jazzy/bin:/home/olympusolutions/.local/bin:/usr/local/sbin:/usr/local/bin:/usr/sbin:/usr/bin:/sbin:/bin:/usr/games:/usr/local/games:/snap/bin:/snap/bin', 'SESSION_MANAGER': 'local/olympusolutions-desktop:@/tmp/.ICE-unix/2977,unix/olympusolutions-desktop:/tmp/.ICE-unix/2977', 'XDG_MENU_PREFIX': 'gnome-', 'GNOME_TERMINAL_SCREEN': '/org/gnome/Terminal/screen/5426054a_44ad_4b3b_9be3_3f00634632e4', 'GNOME_SETUP_DISPLAY': ':1', 'XDG_RUNTIME_DIR': '/run/user/1002', 'DISPLAY': ':0', 'LANG': 'en_US.UTF-8', 'XDG_CURRENT_DESKTOP': 'ubuntu:GNOME', 'XMODIFIERS': '@im=ibus', 'XDG_SESSION_DESKTOP': 'ubuntu', 'XAUTHORITY': '/run/user/1002/.mutter-Xwaylandauth.ZJBY42', 'LS_COLORS': 'rs=0:di=01;34:ln=01;36:mh=00:pi=40;33:so=01;35:do=01;35:bd=40;33;01:cd=40;33;01:or=40;31;01:mi=00:su=37;41:sg=30;43:ca=00:tw=30;42:ow=34;42:st=37;44:ex=01;32:*.tar=01;31:*.tgz=01;31:*.arc=01;31:*.arj=01;31:*.taz=01;31:*.lha=01;31:*.lz4=01;31:*.lzh=01;31:*.lzma=01;31:*.tlz=01;31:*.txz=01;31:*.tzo=01;31:*.t7z=01;31:*.zip=01;31:*.z=01;31:*.dz=01;31:*.gz=01;31:*.lrz=01;31:*.lz=01;31:*.lzo=01;31:*.xz=01;31:*.zst=01;31:*.tzst=01;31:*.bz2=01;31:*.bz=01;31:*.tbz=01;31:*.tbz2=01;31:*.tz=01;31:*.deb=01;31:*.rpm=01;31:*.jar=01;31:*.war=01;31:*.ear=01;31:*.sar=01;31:*.rar=01;31:*.alz=01;31:*.ace=01;31:*.zoo=01;31:*.cpio=01;31:*.7z=01;31:*.rz=01;31:*.cab=01;31:*.wim=01;31:*.swm=01;31:*.dwm=01;31:*.esd=01;31:*.avif=01;35:*.jpg=01;35:*.jpeg=01;35:*.mjpg=01;35:*.mjpeg=01;35:*.gif=01;35:*.bmp=01;35:*.pbm=01;35:*.pgm=01;35:*.ppm=01;35:*.tga=01;35:*.xbm=01;35:*.xpm=01;35:*.tif=01;35:*.tiff=01;35:*.png=01;35:*.svg=01;35:*.svgz=01;35:*.mng=01;35:*.pcx=01;35:*.mov=01;35:*.mpg=01;35:*.mpeg=01;35:*.m2v=01;35:*.mkv=01;35:*.webm=01;35:*.webp=01;35:*.ogm=01;35:*.mp4=01;35:*.m4v=01;35:*.mp4v=01;35:*.vob=01;35:*.qt=01;35:*.nuv=01;35:*.wmv=01;35:*.asf=01;35:*.rm=01;35:*.rmvb=01;35:*.flc=01;35:*.avi=01;35:*.fli=01;35:*.flv=01;35:*.gl=01;35:*.dl=01;35:*.xcf=01;35:*.xwd=01;35:*.yuv=01;35:*.cgm=01;35:*.emf=01;35:*.ogv=01;35:*.ogx=01;35:*.aac=00;36:*.au=00;36:*.flac=00;36:*.m4a=00;36:*.mid=00;36:*.midi=00;36:*.mka=00;36:*.mp3=00;36:*.mpc=00;36:*.ogg=00;36:*.ra=00;36:*.wav=00;36:*.oga=00;36:*.opus=00;36:*.spx=00;36:*.xspf=00;36:*~=00;90:*#=00;90:*.bak=00;90:*.crdownload=00;90:*.dpkg-dist=00;90:*.dpkg-new=00;90:*.dpkg-old=00;90:*.dpkg-tmp=00;90:*.old=00;90:*.orig=00;90:*.part=00;90:*.rej=00;90:*.rpmnew=00;90:*.rpmorig=00;90:*.rpmsave=00;90:*.swp=00;90:*.tmp=00;90:*.ucf-dist=00;90:*.ucf-new=00;90:*.ucf-old=00;90:', 'GNOME_TERMINAL_SERVICE': ':1.150', 'SSH_AUTH_SOCK': '/run/user/1002/keyring/ssh', 'AMENT_PREFIX_PATH': '/opt/ros/jazzy', 'SHELL': '/bin/bash', 'QT_ACCESSIBILITY': '1', 'GDMSESSION': 'ubuntu', 'LESSCLOSE': '/usr/bin/lesspipe %s %s', 'ROS_AUTOMATIC_DISCOVERY_RANGE': 'SUBNET', 'QT_IM_MODULE': 'ibus', 'PWD': '/home/olympusolutions/senior_ws/build/diffdrive_arduino', 'LC_ALL': 'en_US.UTF-8', 'XDG_CONFIG_DIRS': '/etc/xdg/xdg-ubuntu:/etc/xdg', 'XDG_DATA_DIRS': '/usr/share/ubuntu:/usr/share/gnome:/usr/local/share/:/usr/share/:/var/lib/snapd/desktop', 'PYTHONPATH': '/opt/ros/jazzy/lib/python3.12/site-packages', 'COLCON': '1', 'MEMORY_PRESSURE_WRITE': 'c29tZSAyMDAwMDAgMjAwMDAwMAA=', 'VTE_VERSION': '7600', 'CMAKE_PREFIX_PATH': '/opt/ros/jazzy/opt/gz_sim_vendor:/opt/ros/jazzy/opt/gz_sensors_vendor:/opt/ros/jazzy/opt/gz_physics_vendor:/opt/ros/jazzy/opt/sdformat_vendor:/opt/ros/jazzy/opt/gz_gui_vendor:/opt/ros/jazzy/opt/gz_transport_vendor:/opt/ros/jazzy/opt/gz_rendering_vendor:/opt/ros/jazzy/opt/gz_plugin_vendor:/opt/ros/jazzy/opt/gz_fuel_tools_vendor:/opt/ros/jazzy/opt/gz_msgs_vendor:/opt/ros/jazzy/opt/gz_common_vendor:/opt/ros/jazzy/opt/gz_math_vendor:/opt/ros/jazzy/opt/gz_utils_vendor:/opt/ros/jazzy/opt/gz_tools_vendor:/opt/ros/jazzy/opt/gz_ogre_next_vendor:/opt/ros/jazzy/opt/gz_dartsim_vendor:/opt/ros/jazzy/opt/gz_cmake_vendor:/opt/ros/jazzy'}), 'shell': False}
[20.287806] (-) TimerEvent: {}
[20.298441] (extender_arduino) StdoutLine: {'line': b'-- Install configuration: ""\n'}
[20.299949] (extender_arduino) StdoutLine: {'line': b'-- Installing: /home/olympusolutions/senior_ws/install/extender_arduino/share/extender_arduino/extender_arduino.xml\n'}
[20.300259] (extender_arduino) StdoutLine: {'line': b'-- Installing: /home/olympusolutions/senior_ws/install/extender_arduino/include/extender_arduino\n'}
[20.301549] (extender_arduino) StdoutLine: {'line': b'-- Installing: /home/olympusolutions/senior_ws/install/extender_arduino/include/extender_arduino/extender_arduino\n'}
[20.301853] (extender_arduino) StdoutLine: {'line': b'-- Installing: /home/olympusolutions/senior_ws/install/extender_arduino/include/extender_arduino/extender_arduino/arduino_comms.hpp\n'}
[20.302008] (extender_arduino) StdoutLine: {'line': b'-- Installing: /home/olympusolutions/senior_ws/install/extender_arduino/include/extender_arduino/extender_arduino/diffbot_system.hpp\n'}
[20.303210] (extender_arduino) StdoutLine: {'line': b'-- Installing: /home/olympusolutions/senior_ws/install/extender_arduino/include/extender_arduino/extender_arduino/wheel.hpp\n'}
[20.303469] (extender_arduino) StdoutLine: {'line': b'-- Installing: /home/olympusolutions/senior_ws/install/extender_arduino/include/extender_arduino/extender_arduino/visibility_control.h\n'}
[20.303793] (extender_arduino) StdoutLine: {'line': b'-- Installing: /home/olympusolutions/senior_ws/install/extender_arduino/include/extender_arduino/extender_arduino/gripper.hpp\n'}
[20.304760] (diffdrive_arduino) StdoutLine: {'line': b'-- Install configuration: ""\n'}
[20.305129] (extender_arduino) StdoutLine: {'line': b'-- Installing: /home/olympusolutions/senior_ws/install/extender_arduino/share/extender_arduino/launch\n'}
[20.305306] (extender_arduino) StdoutLine: {'line': b'-- Installing: /home/olympusolutions/senior_ws/install/extender_arduino/share/extender_arduino/launch/view_robot.launch.py\n'}
[20.306066] (extender_arduino) StdoutLine: {'line': b'-- Installing: /home/olympusolutions/senior_ws/install/extender_arduino/share/extender_arduino/ros2_control\n'}
[20.306260] (diffdrive_arduino) StdoutLine: {'line': b'-- Installing: /home/olympusolutions/senior_ws/install/diffdrive_arduino/share/diffdrive_arduino/diffdrive_arduino.xml\n'}
[20.306465] (diffdrive_arduino) StdoutLine: {'line': b'-- Installing: /home/olympusolutions/senior_ws/install/diffdrive_arduino/include/diffdrive_arduino\n'}
[20.306619] (extender_arduino) StdoutLine: {'line': b'-- Installing: /home/olympusolutions/senior_ws/install/extender_arduino/share/extender_arduino/ros2_control/diffbot.ros2_control.xacro\n'}
[20.306782] (extender_arduino) StdoutLine: {'line': b'-- Installing: /home/olympusolutions/senior_ws/install/extender_arduino/share/extender_arduino/urdf\n'}
[20.306909] (extender_arduino) StdoutLine: {'line': b'-- Installing: /home/olympusolutions/senior_ws/install/extender_arduino/share/extender_arduino/urdf/diffbot.materials.xacro\n'}
[20.307036] (diffdrive_arduino) StdoutLine: {'line': b'-- Installing: /home/olympusolutions/senior_ws/install/diffdrive_arduino/include/diffdrive_arduino/diffdrive_arduino\n'}
[20.307163] (diffdrive_arduino) StdoutLine: {'line': b'-- Installing: /home/olympusolutions/senior_ws/install/diffdrive_arduino/include/diffdrive_arduino/diffdrive_arduino/arduino_comms.hpp\n'}
[20.307271] (diffdrive_arduino) StdoutLine: {'line': b'-- Installing: /home/olympusolutions/senior_ws/install/diffdrive_arduino/include/diffdrive_arduino/diffdrive_arduino/diffbot_system.hpp\n'}
[20.307807] (extender_arduino) StdoutLine: {'line': b'-- Installing: /home/olympusolutions/senior_ws/install/extender_arduino/share/extender_arduino/urdf/diffbot.urdf.xacro\n'}
[20.308320] (diffdrive_arduino) StdoutLine: {'line': b'-- Installing: /home/olympusolutions/senior_ws/install/diffdrive_arduino/include/diffdrive_arduino/diffdrive_arduino/wheel.hpp\n'}
[20.308723] (diffdrive_arduino) StdoutLine: {'line': b'-- Installing: /home/olympusolutions/senior_ws/install/diffdrive_arduino/include/diffdrive_arduino/diffdrive_arduino/visibility_control.h\n'}
[20.309316] (diffdrive_arduino) StdoutLine: {'line': b'-- Installing: /home/olympusolutions/senior_ws/install/diffdrive_arduino/share/diffdrive_arduino/launch\n'}
[20.309430] (diffdrive_arduino) StdoutLine: {'line': b'-- Installing: /home/olympusolutions/senior_ws/install/diffdrive_arduino/share/diffdrive_arduino/launch/view_robot.launch.py\n'}
[20.309538] (diffdrive_arduino) StdoutLine: {'line': b'-- Installing: /home/olympusolutions/senior_ws/install/diffdrive_arduino/share/diffdrive_arduino/ros2_control\n'}
[20.310178] (diffdrive_arduino) StdoutLine: {'line': b'-- Installing: /home/olympusolutions/senior_ws/install/diffdrive_arduino/share/diffdrive_arduino/ros2_control/diffbot.ros2_control.xacro\n'}
[20.310439] (extender_arduino) StdoutLine: {'line': b'-- Installing: /home/olympusolutions/senior_ws/install/extender_arduino/share/extender_arduino/urdf/diffbot_description.urdf.xacro\n'}
[20.310934] (diffdrive_arduino) StdoutLine: {'line': b'-- Installing: /home/olympusolutions/senior_ws/install/diffdrive_arduino/share/diffdrive_arduino/urdf\n'}
[20.311088] (diffdrive_arduino) StdoutLine: {'line': b'-- Installing: /home/olympusolutions/senior_ws/install/diffdrive_arduino/share/diffdrive_arduino/urdf/diffbot.materials.xacro\n'}
[20.311219] (diffdrive_arduino) StdoutLine: {'line': b'-- Installing: /home/olympusolutions/senior_ws/install/diffdrive_arduino/share/diffdrive_arduino/urdf/diffbot.urdf.xacro\n'}
[20.311602] (extender_arduino) StdoutLine: {'line': b'-- Installing: /home/olympusolutions/senior_ws/install/extender_arduino/share/extender_arduino/rviz\n'}
[20.311903] (diffdrive_arduino) StdoutLine: {'line': b'-- Installing: /home/olympusolutions/senior_ws/install/diffdrive_arduino/share/diffdrive_arduino/urdf/diffbot_description.urdf.xacro\n'}
[20.312333] (extender_arduino) StdoutLine: {'line': b'-- Installing: /home/olympusolutions/senior_ws/install/extender_arduino/share/extender_arduino/rviz/diffbot.rviz\n'}
[20.313560] (diffdrive_arduino) StdoutLine: {'line': b'-- Installing: /home/olympusolutions/senior_ws/install/diffdrive_arduino/share/diffdrive_arduino/rviz\n'}
[20.313751] (diffdrive_arduino) StdoutLine: {'line': b'-- Installing: /home/olympusolutions/senior_ws/install/diffdrive_arduino/share/diffdrive_arduino/rviz/diffbot.rviz\n'}
[20.313914] (diffdrive_arduino) StdoutLine: {'line': b'-- Installing: /home/olympusolutions/senior_ws/install/diffdrive_arduino/share/diffdrive_arduino/rviz/diffbot_view.rviz\n'}
[20.314022] (extender_arduino) StdoutLine: {'line': b'-- Installing: /home/olympusolutions/senior_ws/install/extender_arduino/share/extender_arduino/rviz/diffbot_view.rviz\n'}
[20.314130] (diffdrive_arduino) StdoutLine: {'line': b'-- Up-to-date: /home/olympusolutions/senior_ws/install/diffdrive_arduino/share/diffdrive_arduino/launch\n'}
[20.314222] (diffdrive_arduino) StdoutLine: {'line': b'-- Installing: /home/olympusolutions/senior_ws/install/diffdrive_arduino/share/diffdrive_arduino/launch/diffbot.launch.py\n'}
[20.314313] (diffdrive_arduino) StdoutLine: {'line': b'-- Installing: /home/olympusolutions/senior_ws/install/diffdrive_arduino/share/diffdrive_arduino/config\n'}
[20.314398] (diffdrive_arduino) StdoutLine: {'line': b'-- Installing: /home/olympusolutions/senior_ws/install/diffdrive_arduino/share/diffdrive_arduino/config/diffbot_controllers.yaml\n'}
[20.314488] (extender_arduino) StdoutLine: {'line': b'-- Up-to-date: /home/olympusolutions/senior_ws/install/extender_arduino/share/extender_arduino/launch\n'}
[20.314578] (extender_arduino) StdoutLine: {'line': b'-- Installing: /home/olympusolutions/senior_ws/install/extender_arduino/share/extender_arduino/launch/diffbot.launch.py\n'}
[20.314690] (extender_arduino) StdoutLine: {'line': b'-- Installing: /home/olympusolutions/senior_ws/install/extender_arduino/share/extender_arduino/config\n'}
[20.314800] (extender_arduino) StdoutLine: {'line': b'-- Installing: /home/olympusolutions/senior_ws/install/extender_arduino/share/extender_arduino/config/diffbot_controllers.yaml\n'}
[20.314893] (extender_arduino) StdoutLine: {'line': b'-- Installing: /home/olympusolutions/senior_ws/install/extender_arduino/share/extender_arduino/config/extender_controllers.yaml\n'}
[20.314982] (diffdrive_arduino) StdoutLine: {'line': b'-- Installing: /home/olympusolutions/senior_ws/install/diffdrive_arduino/lib/libdiffdrive_arduino.so\n'}
[20.317742] (extender_arduino) StdoutLine: {'line': b'-- Installing: /home/olympusolutions/senior_ws/install/extender_arduino/lib/libextender_arduino.so\n'}
[20.318044] (diffdrive_arduino) StdoutLine: {'line': b'-- Set non-toolchain portion of runtime path of "/home/olympusolutions/senior_ws/install/diffdrive_arduino/lib/libdiffdrive_arduino.so" to ""\n'}
[20.318190] (diffdrive_arduino) StdoutLine: {'line': b'-- Installing: /home/olympusolutions/senior_ws/install/diffdrive_arduino/share/diffdrive_arduino/environment/library_path.sh\n'}
[20.318298] (diffdrive_arduino) StdoutLine: {'line': b'-- Installing: /home/olympusolutions/senior_ws/install/diffdrive_arduino/share/diffdrive_arduino/environment/library_path.dsv\n'}
[20.318430] (diffdrive_arduino) StdoutLine: {'line': b'-- Installing: /home/olympusolutions/senior_ws/install/diffdrive_arduino/share/ament_index/resource_index/package_run_dependencies/diffdrive_arduino\n'}
[20.318865] (diffdrive_arduino) StdoutLine: {'line': b'-- Installing: /home/olympusolutions/senior_ws/install/diffdrive_arduino/share/ament_index/resource_index/parent_prefix_path/diffdrive_arduino\n'}
[20.319095] (diffdrive_arduino) StdoutLine: {'line': b'-- Installing: /home/olympusolutions/senior_ws/install/diffdrive_arduino/share/diffdrive_arduino/environment/ament_prefix_path.sh\n'}
[20.322023] (diffdrive_arduino) StdoutLine: {'line': b'-- Installing: /home/olympusolutions/senior_ws/install/diffdrive_arduino/share/diffdrive_arduino/environment/ament_prefix_path.dsv\n'}
[20.322187] (diffdrive_arduino) StdoutLine: {'line': b'-- Installing: /home/olympusolutions/senior_ws/install/diffdrive_arduino/share/diffdrive_arduino/environment/path.sh\n'}
[20.322298] (diffdrive_arduino) StdoutLine: {'line': b'-- Installing: /home/olympusolutions/senior_ws/install/diffdrive_arduino/share/diffdrive_arduino/environment/path.dsv\n'}
[20.322421] (diffdrive_arduino) StdoutLine: {'line': b'-- Installing: /home/olympusolutions/senior_ws/install/diffdrive_arduino/share/diffdrive_arduino/local_setup.bash\n'}
[20.322560] (diffdrive_arduino) StdoutLine: {'line': b'-- Installing: /home/olympusolutions/senior_ws/install/diffdrive_arduino/share/diffdrive_arduino/local_setup.sh\n'}
[20.322703] (diffdrive_arduino) StdoutLine: {'line': b'-- Installing: /home/olympusolutions/senior_ws/install/diffdrive_arduino/share/diffdrive_arduino/local_setup.zsh\n'}
[20.322828] (extender_arduino) StdoutLine: {'line': b'-- Set non-toolchain portion of runtime path of "/home/olympusolutions/senior_ws/install/extender_arduino/lib/libextender_arduino.so" to ""\n'}
[20.322953] (extender_arduino) StdoutLine: {'line': b'-- Installing: /home/olympusolutions/senior_ws/install/extender_arduino/share/extender_arduino/environment/library_path.sh\n'}
[20.323058] (diffdrive_arduino) StdoutLine: {'line': b'-- Installing: /home/olympusolutions/senior_ws/install/diffdrive_arduino/share/diffdrive_arduino/local_setup.dsv\n'}
[20.323184] (extender_arduino) StdoutLine: {'line': b'-- Installing: /home/olympusolutions/senior_ws/install/extender_arduino/share/extender_arduino/environment/library_path.dsv\n'}
[20.323299] (diffdrive_arduino) StdoutLine: {'line': b'-- Installing: /home/olympusolutions/senior_ws/install/diffdrive_arduino/share/diffdrive_arduino/package.dsv\n'}
[20.323403] (extender_arduino) StdoutLine: {'line': b'-- Installing: /home/olympusolutions/senior_ws/install/extender_arduino/share/ament_index/resource_index/package_run_dependencies/extender_arduino\n'}
[20.323505] (extender_arduino) StdoutLine: {'line': b'-- Installing: /home/olympusolutions/senior_ws/install/extender_arduino/share/ament_index/resource_index/parent_prefix_path/extender_arduino\n'}
[20.323600] (diffdrive_arduino) StdoutLine: {'line': b'-- Installing: /home/olympusolutions/senior_ws/install/diffdrive_arduino/share/ament_index/resource_index/packages/diffdrive_arduino\n'}
[20.323748] (extender_arduino) StdoutLine: {'line': b'-- Installing: /home/olympusolutions/senior_ws/install/extender_arduino/share/extender_arduino/environment/ament_prefix_path.sh\n'}
[20.323876] (extender_arduino) StdoutLine: {'line': b'-- Installing: /home/olympusolutions/senior_ws/install/extender_arduino/share/extender_arduino/environment/ament_prefix_path.dsv\n'}
[20.326721] (diffdrive_arduino) StdoutLine: {'line': b'-- Installing: /home/olympusolutions/senior_ws/install/diffdrive_arduino/share/ament_index/resource_index/hardware_interface__pluginlib__plugin/diffdrive_arduino\n'}
[20.327012] (diffdrive_arduino) StdoutLine: {'line': b'-- Installing: /home/olympusolutions/senior_ws/install/diffdrive_arduino/share/diffdrive_arduino/cmake/export_diffdrive_arduinoExport.cmake\n'}
[20.327314] (diffdrive_arduino) StdoutLine: {'line': b'-- Installing: /home/olympusolutions/senior_ws/install/diffdrive_arduino/share/diffdrive_arduino/cmake/export_diffdrive_arduinoExport-noconfig.cmake\n'}
[20.327475] (diffdrive_arduino) StdoutLine: {'line': b'-- Installing: /home/olympusolutions/senior_ws/install/diffdrive_arduino/share/diffdrive_arduino/cmake/ament_cmake_export_targets-extras.cmake\n'}
[20.327593] (diffdrive_arduino) StdoutLine: {'line': b'-- Installing: /home/olympusolutions/senior_ws/install/diffdrive_arduino/share/diffdrive_arduino/cmake/ament_cmake_export_dependencies-extras.cmake\n'}
[20.327771] (diffdrive_arduino) StdoutLine: {'line': b'-- Installing: /home/olympusolutions/senior_ws/install/diffdrive_arduino/share/diffdrive_arduino/cmake/diffdrive_arduinoConfig.cmake\n'}
[20.327906] (diffdrive_arduino) StdoutLine: {'line': b'-- Installing: /home/olympusolutions/senior_ws/install/diffdrive_arduino/share/diffdrive_arduino/cmake/diffdrive_arduinoConfig-version.cmake\n'}
[20.328018] (diffdrive_arduino) StdoutLine: {'line': b'-- Installing: /home/olympusolutions/senior_ws/install/diffdrive_arduino/share/diffdrive_arduino/package.xml\n'}
[20.328144] (extender_arduino) StdoutLine: {'line': b'-- Installing: /home/olympusolutions/senior_ws/install/extender_arduino/share/extender_arduino/environment/path.sh\n'}
[20.328406] (extender_arduino) StdoutLine: {'line': b'-- Installing: /home/olympusolutions/senior_ws/install/extender_arduino/share/extender_arduino/environment/path.dsv\n'}
[20.328638] (extender_arduino) StdoutLine: {'line': b'-- Installing: /home/olympusolutions/senior_ws/install/extender_arduino/share/extender_arduino/local_setup.bash\n'}
[20.328809] (extender_arduino) StdoutLine: {'line': b'-- Installing: /home/olympusolutions/senior_ws/install/extender_arduino/share/extender_arduino/local_setup.sh\n'}
[20.328951] (extender_arduino) StdoutLine: {'line': b'-- Installing: /home/olympusolutions/senior_ws/install/extender_arduino/share/extender_arduino/local_setup.zsh\n'}
[20.329082] (extender_arduino) StdoutLine: {'line': b'-- Installing: /home/olympusolutions/senior_ws/install/extender_arduino/share/extender_arduino/local_setup.dsv\n'}
[20.329206] (extender_arduino) StdoutLine: {'line': b'-- Installing: /home/olympusolutions/senior_ws/install/extender_arduino/share/extender_arduino/package.dsv\n'}
[20.329346] (extender_arduino) StdoutLine: {'line': b'-- Installing: /home/olympusolutions/senior_ws/install/extender_arduino/share/ament_index/resource_index/packages/extender_arduino\n'}
[20.329475] (extender_arduino) StdoutLine: {'line': b'-- Installing: /home/olympusolutions/senior_ws/install/extender_arduino/share/ament_index/resource_index/hardware_interface__pluginlib__plugin/extender_arduino\n'}
[20.329618] (extender_arduino) StdoutLine: {'line': b'-- Installing: /home/olympusolutions/senior_ws/install/extender_arduino/share/extender_arduino/cmake/export_extender_arduinoExport.cmake\n'}
[20.333848] (extender_arduino) StdoutLine: {'line': b'-- Installing: /home/olympusolutions/senior_ws/install/extender_arduino/share/extender_arduino/cmake/export_extender_arduinoExport-noconfig.cmake\n'}
[20.333977] (extender_arduino) StdoutLine: {'line': b'-- Installing: /home/olympusolutions/senior_ws/install/extender_arduino/share/extender_arduino/cmake/ament_cmake_export_targets-extras.cmake\n'}
[20.334062] (extender_arduino) StdoutLine: {'line': b'-- Installing: /home/olympusolutions/senior_ws/install/extender_arduino/share/extender_arduino/cmake/ament_cmake_export_dependencies-extras.cmake\n'}
[20.334141] (extender_arduino) StdoutLine: {'line': b'-- Installing: /home/olympusolutions/senior_ws/install/extender_arduino/share/extender_arduino/cmake/extender_arduinoConfig.cmake\n'}
[20.334220] (extender_arduino) StdoutLine: {'line': b'-- Installing: /home/olympusolutions/senior_ws/install/extender_arduino/share/extender_arduino/cmake/extender_arduinoConfig-version.cmake\n'}
[20.334297] (extender_arduino) StdoutLine: {'line': b'-- Installing: /home/olympusolutions/senior_ws/install/extender_arduino/share/extender_arduino/package.xml\n'}
[20.334405] (diffdrive_arduino) CommandEnded: {'returncode': 0}
[20.367010] (diffdrive_arduino) JobEnded: {'identifier': 'diffdrive_arduino', 'rc': 0}
[20.369937] (my_package) JobStarted: {'identifier': 'my_package'}
[20.388023] (-) TimerEvent: {}
[20.392664] (extender_arduino) CommandEnded: {'returncode': 0}
[20.423585] (serial_motor_demo_msgs) StdoutLine: {'line': b'[ 37%] \x1b[32mBuilding C object CMakeFiles/serial_motor_demo_msgs__rosidl_typesupport_introspection_c.dir/rosidl_typesupport_introspection_c/serial_motor_demo_msgs/msg/detail/motor_command__type_support.c.o\x1b[0m\n'}
[20.434796] (extender_arduino) JobEnded: {'identifier': 'extender_arduino', 'rc': 0}
[20.437044] (serial) JobStarted: {'identifier': 'serial'}
[20.488150] (-) TimerEvent: {}
[20.526639] (serial_motor_demo_msgs) StdoutLine: {'line': b'[ 38%] \x1b[32mBuilding C object CMakeFiles/serial_motor_demo_msgs__rosidl_typesupport_introspection_c.dir/rosidl_typesupport_introspection_c/serial_motor_demo_msgs/msg/detail/motor_vels__type_support.c.o\x1b[0m\n'}
[20.590514] (-) TimerEvent: {}
[20.626641] (serial_motor_demo_msgs) StdoutLine: {'line': b'[ 40%] \x1b[32mBuilding C object CMakeFiles/serial_motor_demo_msgs__rosidl_typesupport_introspection_c.dir/rosidl_typesupport_introspection_c/serial_motor_demo_msgs/msg/detail/encoder_vals__type_support.c.o\x1b[0m\n'}
[20.693956] (-) TimerEvent: {}
[20.725237] (serial_motor_demo_msgs) StdoutLine: {'line': b'[ 42%] \x1b[32m\x1b[1mLinking C shared library libserial_motor_demo_msgs__rosidl_typesupport_introspection_c.so\x1b[0m\n'}
[20.794074] (-) TimerEvent: {}
[20.847274] (serial_motor_demo_msgs) StdoutLine: {'line': b'[ 42%] Built target serial_motor_demo_msgs__rosidl_typesupport_introspection_c\n'}
[20.894200] (-) TimerEvent: {}
[20.902833] (serial_motor_demo_msgs) StdoutLine: {'line': b'[ 44%] \x1b[34m\x1b[1mGenerating C type support dispatch for ROS interfaces\x1b[0m\n'}
[20.994350] (-) TimerEvent: {}
[21.094936] (-) TimerEvent: {}
[21.198971] (-) TimerEvent: {}
[21.282376] (serial) JobProgress: {'identifier': 'serial', 'progress': 'cmake'}
[21.283707] (serial) Command: {'cmd': ['/usr/bin/cmake', '/home/olympusolutions/senior_ws/src/serial', '-DCMAKE_INSTALL_PREFIX=/home/olympusolutions/senior_ws/install/serial'], 'cwd': '/home/olympusolutions/senior_ws/build/serial', 'env': OrderedDict({'LESSOPEN': '| /usr/bin/lesspipe %s', 'USER': 'olympusolutions', 'GZ_CONFIG_PATH': '/opt/ros/jazzy/opt/gz_sim_vendor/share/gz:/opt/ros/jazzy/opt/sdformat_vendor/share/gz:/opt/ros/jazzy/opt/gz_gui_vendor/share/gz:/opt/ros/jazzy/opt/gz_transport_vendor/share/gz:/opt/ros/jazzy/opt/gz_rendering_vendor/share/gz:/opt/ros/jazzy/opt/gz_plugin_vendor/share/gz:/opt/ros/jazzy/opt/gz_fuel_tools_vendor/share/gz:/opt/ros/jazzy/opt/gz_msgs_vendor/share/gz:/opt/ros/jazzy/opt/gz_common_vendor/share/gz', 'XDG_SESSION_TYPE': 'wayland', 'SHLVL': '1', 'LD_LIBRARY_PATH': '/opt/ros/jazzy/opt/gz_sim_vendor/lib:/opt/ros/jazzy/opt/gz_sensors_vendor/lib:/opt/ros/jazzy/opt/gz_physics_vendor/lib:/opt/ros/jazzy/opt/sdformat_vendor/lib:/opt/ros/jazzy/opt/rviz_ogre_vendor/lib:/opt/ros/jazzy/lib/aarch64-linux-gnu:/opt/ros/jazzy/opt/gz_gui_vendor/lib:/opt/ros/jazzy/opt/gz_transport_vendor/lib:/opt/ros/jazzy/opt/gz_rendering_vendor/lib:/opt/ros/jazzy/opt/gz_plugin_vendor/lib:/opt/ros/jazzy/opt/gz_fuel_tools_vendor/lib:/opt/ros/jazzy/opt/gz_msgs_vendor/lib:/opt/ros/jazzy/opt/gz_common_vendor/lib:/opt/ros/jazzy/opt/gz_math_vendor/lib:/opt/ros/jazzy/opt/gz_utils_vendor/lib:/opt/ros/jazzy/opt/gz_tools_vendor/lib:/opt/ros/jazzy/opt/gz_ogre_next_vendor/lib:/opt/ros/jazzy/opt/gz_dartsim_vendor/lib:/opt/ros/jazzy/opt/gz_cmake_vendor/lib:/opt/ros/jazzy/lib', 'HOME': '/home/olympusolutions', 'OLDPWD': '/home/olympusolutions', 'DESKTOP_SESSION': 'ubuntu', 'ROS_PYTHON_VERSION': '3', 'GNOME_SHELL_SESSION_MODE': 'ubuntu', 'GTK_MODULES': 'gail:atk-bridge', 'SYSTEMD_EXEC_PID': '3022', 'GSM_SKIP_SSH_AGENT_WORKAROUND': 'true', 'DBUS_SESSION_BUS_ADDRESS': 'unix:path=/run/user/1002/bus', 'COLORTERM': 'truecolor', 'DEBUGINFOD_URLS': 'https://debuginfod.ubuntu.com', 'IM_CONFIG_PHASE': '1', 'WAYLAND_DISPLAY': 'wayland-0', 'ROS_DISTRO': 'jazzy', 'LOGNAME': 'olympusolutions', '_': '/usr/bin/colcon', 'ROS_VERSION': '2', 'MEMORY_PRESSURE_WATCH': '/sys/fs/cgroup/user.slice/user-1002.slice/user@1002.service/session.slice/org.gnome.Shell@wayland.service/memory.pressure', 'XDG_SESSION_CLASS': 'user', 'USERNAME': 'olympusolutions', 'TERM': 'xterm-256color', 'GNOME_DESKTOP_SESSION_ID': 'this-is-deprecated', 'PATH': '/opt/ros/jazzy/opt/gz_msgs_vendor/bin:/opt/ros/jazzy/opt/gz_tools_vendor/bin:/opt/ros/jazzy/opt/gz_ogre_next_vendor/bin:/opt/ros/jazzy/bin:/home/olympusolutions/.local/bin:/usr/local/sbin:/usr/local/bin:/usr/sbin:/usr/bin:/sbin:/bin:/usr/games:/usr/local/games:/snap/bin:/snap/bin', 'SESSION_MANAGER': 'local/olympusolutions-desktop:@/tmp/.ICE-unix/2977,unix/olympusolutions-desktop:/tmp/.ICE-unix/2977', 'XDG_MENU_PREFIX': 'gnome-', 'GNOME_TERMINAL_SCREEN': '/org/gnome/Terminal/screen/5426054a_44ad_4b3b_9be3_3f00634632e4', 'GNOME_SETUP_DISPLAY': ':1', 'XDG_RUNTIME_DIR': '/run/user/1002', 'DISPLAY': ':0', 'LANG': 'en_US.UTF-8', 'XDG_CURRENT_DESKTOP': 'ubuntu:GNOME', 'XMODIFIERS': '@im=ibus', 'XDG_SESSION_DESKTOP': 'ubuntu', 'XAUTHORITY': '/run/user/1002/.mutter-Xwaylandauth.ZJBY42', 'LS_COLORS': 'rs=0:di=01;34:ln=01;36:mh=00:pi=40;33:so=01;35:do=01;35:bd=40;33;01:cd=40;33;01:or=40;31;01:mi=00:su=37;41:sg=30;43:ca=00:tw=30;42:ow=34;42:st=37;44:ex=01;32:*.tar=01;31:*.tgz=01;31:*.arc=01;31:*.arj=01;31:*.taz=01;31:*.lha=01;31:*.lz4=01;31:*.lzh=01;31:*.lzma=01;31:*.tlz=01;31:*.txz=01;31:*.tzo=01;31:*.t7z=01;31:*.zip=01;31:*.z=01;31:*.dz=01;31:*.gz=01;31:*.lrz=01;31:*.lz=01;31:*.lzo=01;31:*.xz=01;31:*.zst=01;31:*.tzst=01;31:*.bz2=01;31:*.bz=01;31:*.tbz=01;31:*.tbz2=01;31:*.tz=01;31:*.deb=01;31:*.rpm=01;31:*.jar=01;31:*.war=01;31:*.ear=01;31:*.sar=01;31:*.rar=01;31:*.alz=01;31:*.ace=01;31:*.zoo=01;31:*.cpio=01;31:*.7z=01;31:*.rz=01;31:*.cab=01;31:*.wim=01;31:*.swm=01;31:*.dwm=01;31:*.esd=01;31:*.avif=01;35:*.jpg=01;35:*.jpeg=01;35:*.mjpg=01;35:*.mjpeg=01;35:*.gif=01;35:*.bmp=01;35:*.pbm=01;35:*.pgm=01;35:*.ppm=01;35:*.tga=01;35:*.xbm=01;35:*.xpm=01;35:*.tif=01;35:*.tiff=01;35:*.png=01;35:*.svg=01;35:*.svgz=01;35:*.mng=01;35:*.pcx=01;35:*.mov=01;35:*.mpg=01;35:*.mpeg=01;35:*.m2v=01;35:*.mkv=01;35:*.webm=01;35:*.webp=01;35:*.ogm=01;35:*.mp4=01;35:*.m4v=01;35:*.mp4v=01;35:*.vob=01;35:*.qt=01;35:*.nuv=01;35:*.wmv=01;35:*.asf=01;35:*.rm=01;35:*.rmvb=01;35:*.flc=01;35:*.avi=01;35:*.fli=01;35:*.flv=01;35:*.gl=01;35:*.dl=01;35:*.xcf=01;35:*.xwd=01;35:*.yuv=01;35:*.cgm=01;35:*.emf=01;35:*.ogv=01;35:*.ogx=01;35:*.aac=00;36:*.au=00;36:*.flac=00;36:*.m4a=00;36:*.mid=00;36:*.midi=00;36:*.mka=00;36:*.mp3=00;36:*.mpc=00;36:*.ogg=00;36:*.ra=00;36:*.wav=00;36:*.oga=00;36:*.opus=00;36:*.spx=00;36:*.xspf=00;36:*~=00;90:*#=00;90:*.bak=00;90:*.crdownload=00;90:*.dpkg-dist=00;90:*.dpkg-new=00;90:*.dpkg-old=00;90:*.dpkg-tmp=00;90:*.old=00;90:*.orig=00;90:*.part=00;90:*.rej=00;90:*.rpmnew=00;90:*.rpmorig=00;90:*.rpmsave=00;90:*.swp=00;90:*.tmp=00;90:*.ucf-dist=00;90:*.ucf-new=00;90:*.ucf-old=00;90:', 'GNOME_TERMINAL_SERVICE': ':1.150', 'SSH_AUTH_SOCK': '/run/user/1002/keyring/ssh', 'AMENT_PREFIX_PATH': '/opt/ros/jazzy', 'SHELL': '/bin/bash', 'QT_ACCESSIBILITY': '1', 'GDMSESSION': 'ubuntu', 'LESSCLOSE': '/usr/bin/lesspipe %s %s', 'ROS_AUTOMATIC_DISCOVERY_RANGE': 'SUBNET', 'QT_IM_MODULE': 'ibus', 'PWD': '/home/olympusolutions/senior_ws/build/serial', 'LC_ALL': 'en_US.UTF-8', 'XDG_CONFIG_DIRS': '/etc/xdg/xdg-ubuntu:/etc/xdg', 'XDG_DATA_DIRS': '/usr/share/ubuntu:/usr/share/gnome:/usr/local/share/:/usr/share/:/var/lib/snapd/desktop', 'PYTHONPATH': '/opt/ros/jazzy/lib/python3.12/site-packages', 'COLCON': '1', 'MEMORY_PRESSURE_WRITE': 'c29tZSAyMDAwMDAgMjAwMDAwMAA=', 'VTE_VERSION': '7600', 'CMAKE_PREFIX_PATH': '/opt/ros/jazzy/opt/gz_sim_vendor:/opt/ros/jazzy/opt/gz_sensors_vendor:/opt/ros/jazzy/opt/gz_physics_vendor:/opt/ros/jazzy/opt/sdformat_vendor:/opt/ros/jazzy/opt/gz_gui_vendor:/opt/ros/jazzy/opt/gz_transport_vendor:/opt/ros/jazzy/opt/gz_rendering_vendor:/opt/ros/jazzy/opt/gz_plugin_vendor:/opt/ros/jazzy/opt/gz_fuel_tools_vendor:/opt/ros/jazzy/opt/gz_msgs_vendor:/opt/ros/jazzy/opt/gz_common_vendor:/opt/ros/jazzy/opt/gz_math_vendor:/opt/ros/jazzy/opt/gz_utils_vendor:/opt/ros/jazzy/opt/gz_tools_vendor:/opt/ros/jazzy/opt/gz_ogre_next_vendor:/opt/ros/jazzy/opt/gz_dartsim_vendor:/opt/ros/jazzy/opt/gz_cmake_vendor:/opt/ros/jazzy'}), 'shell': False}
[21.301739] (-) TimerEvent: {}
[21.402318] (-) TimerEvent: {}
[21.444830] (serial) StdoutLine: {'line': b'-- The C compiler identification is GNU 13.3.0\n'}
[21.502469] (-) TimerEvent: {}
[21.602923] (-) TimerEvent: {}
[21.614607] (serial) StdoutLine: {'line': b'-- The CXX compiler identification is GNU 13.3.0\n'}
[21.642864] (serial_motor_demo_msgs) StdoutLine: {'line': b'[ 46%] \x1b[32mBuilding CXX object CMakeFiles/serial_motor_demo_msgs__rosidl_typesupport_c.dir/rosidl_typesupport_c/serial_motor_demo_msgs/msg/motor_command__type_support.cpp.o\x1b[0m\n'}
[21.654911] (serial) StdoutLine: {'line': b'-- Detecting C compiler ABI info\n'}
[21.703041] (-) TimerEvent: {}
[21.806907] (-) TimerEvent: {}
[21.909730] (-) TimerEvent: {}
[21.995366] (serial) StdoutLine: {'line': b'-- Detecting C compiler ABI info - done\n'}
[22.009845] (-) TimerEvent: {}
[22.021952] (serial) StdoutLine: {'line': b'-- Check for working C compiler: /usr/bin/cc - skipped\n'}
[22.022350] (serial) StdoutLine: {'line': b'-- Detecting C compile features\n'}
[22.023052] (serial) StdoutLine: {'line': b'-- Detecting C compile features - done\n'}
[22.044020] (serial) StdoutLine: {'line': b'-- Detecting CXX compiler ABI info\n'}
[22.076064] (serial_motor_demo_msgs) StdoutLine: {'line': b'[ 48%] \x1b[32mBuilding CXX object CMakeFiles/serial_motor_demo_msgs__rosidl_typesupport_c.dir/rosidl_typesupport_c/serial_motor_demo_msgs/msg/motor_vels__type_support.cpp.o\x1b[0m\n'}
[22.111734] (-) TimerEvent: {}
[22.173141] (serial_motor_demo_msgs) StdoutLine: {'line': b'[ 50%] \x1b[32mBuilding CXX object CMakeFiles/serial_motor_demo_msgs__rosidl_typesupport_c.dir/rosidl_typesupport_c/serial_motor_demo_msgs/msg/encoder_vals__type_support.cpp.o\x1b[0m\n'}
[22.211879] (-) TimerEvent: {}
[22.295961] (serial_motor_demo_msgs) StdoutLine: {'line': b'[ 51%] \x1b[32m\x1b[1mLinking CXX shared library libserial_motor_demo_msgs__rosidl_typesupport_c.so\x1b[0m\n'}
[22.312012] (-) TimerEvent: {}
[22.417734] (-) TimerEvent: {}
[22.424364] (serial) StdoutLine: {'line': b'-- Detecting CXX compiler ABI info - done\n'}
[22.445547] (serial_motor_demo_msgs) StdoutLine: {'line': b'[ 51%] Built target serial_motor_demo_msgs__rosidl_typesupport_c\n'}
[22.449757] (serial) StdoutLine: {'line': b'-- Check for working CXX compiler: /usr/bin/c++ - skipped\n'}
[22.450282] (serial) StdoutLine: {'line': b'-- Detecting CXX compile features\n'}
[22.452726] (serial) StdoutLine: {'line': b'-- Detecting CXX compile features - done\n'}
[22.461787] (serial) StdoutLine: {'line': b'-- Found ament_cmake: 2.5.3 (/opt/ros/jazzy/share/ament_cmake/cmake)\n'}
[22.470685] (serial_motor_demo_msgs) StdoutLine: {'line': b'[ 53%] \x1b[34m\x1b[1mGenerating C type support for eProsima Fast-RTPS\x1b[0m\n'}
[22.517860] (-) TimerEvent: {}
[22.619610] (-) TimerEvent: {}
[22.722749] (-) TimerEvent: {}
[22.823263] (-) TimerEvent: {}
[22.923734] (-) TimerEvent: {}
[23.004859] (my_package) Command: {'cmd': ['/usr/bin/python3', '-W', 'ignore:setup.py install is deprecated', '-W', 'ignore:easy_install command is deprecated', 'setup.py', 'egg_info', '--egg-base', '../../../../build/my_package', 'build', '--build-base', '/home/olympusolutions/senior_ws/build/my_package/build', 'install', '--record', '/home/olympusolutions/senior_ws/build/my_package/install.log', '--single-version-externally-managed', 'install_data'], 'cwd': '/home/olympusolutions/senior_ws/src/riley_ws/src/my_package', 'env': {'LESSOPEN': '| /usr/bin/lesspipe %s', 'USER': 'olympusolutions', 'GZ_CONFIG_PATH': '/opt/ros/jazzy/opt/gz_sim_vendor/share/gz:/opt/ros/jazzy/opt/sdformat_vendor/share/gz:/opt/ros/jazzy/opt/gz_gui_vendor/share/gz:/opt/ros/jazzy/opt/gz_transport_vendor/share/gz:/opt/ros/jazzy/opt/gz_rendering_vendor/share/gz:/opt/ros/jazzy/opt/gz_plugin_vendor/share/gz:/opt/ros/jazzy/opt/gz_fuel_tools_vendor/share/gz:/opt/ros/jazzy/opt/gz_msgs_vendor/share/gz:/opt/ros/jazzy/opt/gz_common_vendor/share/gz', 'XDG_SESSION_TYPE': 'wayland', 'SHLVL': '1', 'LD_LIBRARY_PATH': '/opt/ros/jazzy/opt/gz_sim_vendor/lib:/opt/ros/jazzy/opt/gz_sensors_vendor/lib:/opt/ros/jazzy/opt/gz_physics_vendor/lib:/opt/ros/jazzy/opt/sdformat_vendor/lib:/opt/ros/jazzy/opt/rviz_ogre_vendor/lib:/opt/ros/jazzy/lib/aarch64-linux-gnu:/opt/ros/jazzy/opt/gz_gui_vendor/lib:/opt/ros/jazzy/opt/gz_transport_vendor/lib:/opt/ros/jazzy/opt/gz_rendering_vendor/lib:/opt/ros/jazzy/opt/gz_plugin_vendor/lib:/opt/ros/jazzy/opt/gz_fuel_tools_vendor/lib:/opt/ros/jazzy/opt/gz_msgs_vendor/lib:/opt/ros/jazzy/opt/gz_common_vendor/lib:/opt/ros/jazzy/opt/gz_math_vendor/lib:/opt/ros/jazzy/opt/gz_utils_vendor/lib:/opt/ros/jazzy/opt/gz_tools_vendor/lib:/opt/ros/jazzy/opt/gz_ogre_next_vendor/lib:/opt/ros/jazzy/opt/gz_dartsim_vendor/lib:/opt/ros/jazzy/opt/gz_cmake_vendor/lib:/opt/ros/jazzy/lib', 'HOME': '/home/olympusolutions', 'OLDPWD': '/home/olympusolutions', 'DESKTOP_SESSION': 'ubuntu', 'ROS_PYTHON_VERSION': '3', 'GNOME_SHELL_SESSION_MODE': 'ubuntu', 'GTK_MODULES': 'gail:atk-bridge', 'SYSTEMD_EXEC_PID': '3022', 'GSM_SKIP_SSH_AGENT_WORKAROUND': 'true', 'DBUS_SESSION_BUS_ADDRESS': 'unix:path=/run/user/1002/bus', 'COLORTERM': 'truecolor', 'DEBUGINFOD_URLS': 'https://debuginfod.ubuntu.com', 'IM_CONFIG_PHASE': '1', 'WAYLAND_DISPLAY': 'wayland-0', 'ROS_DISTRO': 'jazzy', 'LOGNAME': 'olympusolutions', '_': '/usr/bin/colcon', 'ROS_VERSION': '2', 'MEMORY_PRESSURE_WATCH': '/sys/fs/cgroup/user.slice/user-1002.slice/user@1002.service/session.slice/org.gnome.Shell@wayland.service/memory.pressure', 'XDG_SESSION_CLASS': 'user', 'USERNAME': 'olympusolutions', 'TERM': 'xterm-256color', 'GNOME_DESKTOP_SESSION_ID': 'this-is-deprecated', 'PATH': '/opt/ros/jazzy/opt/gz_msgs_vendor/bin:/opt/ros/jazzy/opt/gz_tools_vendor/bin:/opt/ros/jazzy/opt/gz_ogre_next_vendor/bin:/opt/ros/jazzy/bin:/home/olympusolutions/.local/bin:/usr/local/sbin:/usr/local/bin:/usr/sbin:/usr/bin:/sbin:/bin:/usr/games:/usr/local/games:/snap/bin:/snap/bin', 'SESSION_MANAGER': 'local/olympusolutions-desktop:@/tmp/.ICE-unix/2977,unix/olympusolutions-desktop:/tmp/.ICE-unix/2977', 'XDG_MENU_PREFIX': 'gnome-', 'GNOME_TERMINAL_SCREEN': '/org/gnome/Terminal/screen/5426054a_44ad_4b3b_9be3_3f00634632e4', 'GNOME_SETUP_DISPLAY': ':1', 'XDG_RUNTIME_DIR': '/run/user/1002', 'DISPLAY': ':0', 'LANG': 'en_US.UTF-8', 'XDG_CURRENT_DESKTOP': 'ubuntu:GNOME', 'XMODIFIERS': '@im=ibus', 'XDG_SESSION_DESKTOP': 'ubuntu', 'XAUTHORITY': '/run/user/1002/.mutter-Xwaylandauth.ZJBY42', 'LS_COLORS': 'rs=0:di=01;34:ln=01;36:mh=00:pi=40;33:so=01;35:do=01;35:bd=40;33;01:cd=40;33;01:or=40;31;01:mi=00:su=37;41:sg=30;43:ca=00:tw=30;42:ow=34;42:st=37;44:ex=01;32:*.tar=01;31:*.tgz=01;31:*.arc=01;31:*.arj=01;31:*.taz=01;31:*.lha=01;31:*.lz4=01;31:*.lzh=01;31:*.lzma=01;31:*.tlz=01;31:*.txz=01;31:*.tzo=01;31:*.t7z=01;31:*.zip=01;31:*.z=01;31:*.dz=01;31:*.gz=01;31:*.lrz=01;31:*.lz=01;31:*.lzo=01;31:*.xz=01;31:*.zst=01;31:*.tzst=01;31:*.bz2=01;31:*.bz=01;31:*.tbz=01;31:*.tbz2=01;31:*.tz=01;31:*.deb=01;31:*.rpm=01;31:*.jar=01;31:*.war=01;31:*.ear=01;31:*.sar=01;31:*.rar=01;31:*.alz=01;31:*.ace=01;31:*.zoo=01;31:*.cpio=01;31:*.7z=01;31:*.rz=01;31:*.cab=01;31:*.wim=01;31:*.swm=01;31:*.dwm=01;31:*.esd=01;31:*.avif=01;35:*.jpg=01;35:*.jpeg=01;35:*.mjpg=01;35:*.mjpeg=01;35:*.gif=01;35:*.bmp=01;35:*.pbm=01;35:*.pgm=01;35:*.ppm=01;35:*.tga=01;35:*.xbm=01;35:*.xpm=01;35:*.tif=01;35:*.tiff=01;35:*.png=01;35:*.svg=01;35:*.svgz=01;35:*.mng=01;35:*.pcx=01;35:*.mov=01;35:*.mpg=01;35:*.mpeg=01;35:*.m2v=01;35:*.mkv=01;35:*.webm=01;35:*.webp=01;35:*.ogm=01;35:*.mp4=01;35:*.m4v=01;35:*.mp4v=01;35:*.vob=01;35:*.qt=01;35:*.nuv=01;35:*.wmv=01;35:*.asf=01;35:*.rm=01;35:*.rmvb=01;35:*.flc=01;35:*.avi=01;35:*.fli=01;35:*.flv=01;35:*.gl=01;35:*.dl=01;35:*.xcf=01;35:*.xwd=01;35:*.yuv=01;35:*.cgm=01;35:*.emf=01;35:*.ogv=01;35:*.ogx=01;35:*.aac=00;36:*.au=00;36:*.flac=00;36:*.m4a=00;36:*.mid=00;36:*.midi=00;36:*.mka=00;36:*.mp3=00;36:*.mpc=00;36:*.ogg=00;36:*.ra=00;36:*.wav=00;36:*.oga=00;36:*.opus=00;36:*.spx=00;36:*.xspf=00;36:*~=00;90:*#=00;90:*.bak=00;90:*.crdownload=00;90:*.dpkg-dist=00;90:*.dpkg-new=00;90:*.dpkg-old=00;90:*.dpkg-tmp=00;90:*.old=00;90:*.orig=00;90:*.part=00;90:*.rej=00;90:*.rpmnew=00;90:*.rpmorig=00;90:*.rpmsave=00;90:*.swp=00;90:*.tmp=00;90:*.ucf-dist=00;90:*.ucf-new=00;90:*.ucf-old=00;90:', 'GNOME_TERMINAL_SERVICE': ':1.150', 'SSH_AUTH_SOCK': '/run/user/1002/keyring/ssh', 'AMENT_PREFIX_PATH': '/opt/ros/jazzy', 'SHELL': '/bin/bash', 'QT_ACCESSIBILITY': '1', 'GDMSESSION': 'ubuntu', 'LESSCLOSE': '/usr/bin/lesspipe %s %s', 'ROS_AUTOMATIC_DISCOVERY_RANGE': 'SUBNET', 'QT_IM_MODULE': 'ibus', 'PWD': '/home/olympusolutions/senior_ws/build/my_package', 'LC_ALL': 'en_US.UTF-8', 'XDG_CONFIG_DIRS': '/etc/xdg/xdg-ubuntu:/etc/xdg', 'XDG_DATA_DIRS': '/usr/share/ubuntu:/usr/share/gnome:/usr/local/share/:/usr/share/:/var/lib/snapd/desktop', 'PYTHONPATH': '/home/olympusolutions/senior_ws/build/my_package/prefix_override:/usr/lib/python3/dist-packages/colcon_core/task/python/colcon_distutils_commands:/home/olympusolutions/senior_ws/install/my_package/lib/python3.12/site-packages:/opt/ros/jazzy/lib/python3.12/site-packages', 'COLCON': '1', 'MEMORY_PRESSURE_WRITE': 'c29tZSAyMDAwMDAgMjAwMDAwMAA=', 'VTE_VERSION': '7600', 'CMAKE_PREFIX_PATH': '/opt/ros/jazzy/opt/gz_sim_vendor:/opt/ros/jazzy/opt/gz_sensors_vendor:/opt/ros/jazzy/opt/gz_physics_vendor:/opt/ros/jazzy/opt/sdformat_vendor:/opt/ros/jazzy/opt/gz_gui_vendor:/opt/ros/jazzy/opt/gz_transport_vendor:/opt/ros/jazzy/opt/gz_rendering_vendor:/opt/ros/jazzy/opt/gz_plugin_vendor:/opt/ros/jazzy/opt/gz_fuel_tools_vendor:/opt/ros/jazzy/opt/gz_msgs_vendor:/opt/ros/jazzy/opt/gz_common_vendor:/opt/ros/jazzy/opt/gz_math_vendor:/opt/ros/jazzy/opt/gz_utils_vendor:/opt/ros/jazzy/opt/gz_tools_vendor:/opt/ros/jazzy/opt/gz_ogre_next_vendor:/opt/ros/jazzy/opt/gz_dartsim_vendor:/opt/ros/jazzy/opt/gz_cmake_vendor'}, 'shell': False}
[23.023872] (-) TimerEvent: {}
[23.062805] (serial) StdoutLine: {'line': b'-- Found Python3: /usr/bin/python3 (found version "3.12.3") found components: Interpreter \n'}
[23.123976] (-) TimerEvent: {}
[23.224345] (-) TimerEvent: {}
[23.327929] (-) TimerEvent: {}
[23.347578] (serial) StdoutLine: {'line': b'-- Found ament_cmake_gtest: 2.5.3 (/opt/ros/jazzy/share/ament_cmake_gtest/cmake)\n'}
[23.381474] (serial) StdoutLine: {'line': b'-- Found Boost: /usr/lib/aarch64-linux-gnu/cmake/Boost-1.83.0/BoostConfig.cmake (found version "1.83.0")  \n'}
[23.407030] (serial) StdoutLine: {'line': b"-- Found gtest sources under '/opt/ros/jazzy/src/gtest_vendor': C++ tests using 'Google Test' will be built\n"}
[23.428048] (-) TimerEvent: {}
[23.428525] (serial) StdoutLine: {'line': b'-- Performing Test CMAKE_HAVE_LIBC_PTHREAD\n'}
[23.471798] (serial_motor_demo_msgs) StdoutLine: {'line': b'[ 55%] \x1b[32mBuilding CXX object CMakeFiles/serial_motor_demo_msgs__rosidl_typesupport_fastrtps_c.dir/rosidl_typesupport_fastrtps_c/serial_motor_demo_msgs/msg/detail/motor_command__type_support_c.cpp.o\x1b[0m\n'}
[23.528175] (-) TimerEvent: {}
[23.632751] (-) TimerEvent: {}
[23.729825] (my_package) StdoutLine: {'line': b'running egg_info\n'}
[23.731440] (my_package) StdoutLine: {'line': b'creating ../../../../build/my_package/my_package.egg-info\n'}
[23.732877] (-) TimerEvent: {}
[23.770242] (minibot) StdoutLine: {'line': b'[100%] \x1b[32m\x1b[1mLinking CXX executable velocity_publisher\x1b[0m\n'}
[23.804551] (my_package) StdoutLine: {'line': b'writing ../../../../build/my_package/my_package.egg-info/PKG-INFO\n'}
[23.805302] (my_package) StdoutLine: {'line': b'writing dependency_links to ../../../../build/my_package/my_package.egg-info/dependency_links.txt\n'}
[23.805694] (my_package) StdoutLine: {'line': b'writing entry points to ../../../../build/my_package/my_package.egg-info/entry_points.txt\n'}
[23.806038] (my_package) StdoutLine: {'line': b'writing requirements to ../../../../build/my_package/my_package.egg-info/requires.txt\n'}
[23.806277] (my_package) StdoutLine: {'line': b'writing top-level names to ../../../../build/my_package/my_package.egg-info/top_level.txt\n'}
[23.806473] (my_package) StdoutLine: {'line': b"writing manifest file '../../../../build/my_package/my_package.egg-info/SOURCES.txt'\n"}
[23.808069] (serial) StdoutLine: {'line': b'-- Performing Test CMAKE_HAVE_LIBC_PTHREAD - Success\n'}
[23.812540] (serial) StdoutLine: {'line': b'-- Found Threads: TRUE  \n'}
[23.834768] (-) TimerEvent: {}
[23.935418] (-) TimerEvent: {}
[23.995227] (my_package) StdoutLine: {'line': b"reading manifest file '../../../../build/my_package/my_package.egg-info/SOURCES.txt'\n"}
[23.998131] (my_package) StdoutLine: {'line': b"adding license file 'LICENSE'\n"}
[24.001710] (my_package) StdoutLine: {'line': b"writing manifest file '../../../../build/my_package/my_package.egg-info/SOURCES.txt'\n"}
[24.002200] (my_package) StdoutLine: {'line': b'running build\n'}
[24.002397] (my_package) StdoutLine: {'line': b'running build_py\n'}
[24.003836] (my_package) StdoutLine: {'line': b'creating /home/olympusolutions/senior_ws/build/my_package/build\n'}
[24.007067] (my_package) StdoutLine: {'line': b'creating /home/olympusolutions/senior_ws/build/my_package/build/lib\n'}
[24.007464] (my_package) StdoutLine: {'line': b'creating /home/olympusolutions/senior_ws/build/my_package/build/lib/my_package\n'}
[24.010568] (my_package) StdoutLine: {'line': b'copying my_package/__init__.py -> /home/olympusolutions/senior_ws/build/my_package/build/lib/my_package\n'}
[24.014925] (my_package) StdoutLine: {'line': b'copying my_package/my_node.py -> /home/olympusolutions/senior_ws/build/my_package/build/lib/my_package\n'}
[24.018034] (my_package) StdoutLine: {'line': b'running install\n'}
[24.035839] (-) TimerEvent: {}
[24.045888] (my_package) StdoutLine: {'line': b'running install_lib\n'}
[24.132741] (my_package) StdoutLine: {'line': b'creating /home/olympusolutions/senior_ws/install/my_package/lib/python3.12/site-packages/my_package\n'}
[24.133071] (my_package) StdoutLine: {'line': b'copying /home/olympusolutions/senior_ws/build/my_package/build/lib/my_package/__init__.py -> /home/olympusolutions/senior_ws/install/my_package/lib/python3.12/site-packages/my_package\n'}
[24.133593] (my_package) StdoutLine: {'line': b'copying /home/olympusolutions/senior_ws/build/my_package/build/lib/my_package/my_node.py -> /home/olympusolutions/senior_ws/install/my_package/lib/python3.12/site-packages/my_package\n'}
[24.135578] (my_package) StdoutLine: {'line': b'byte-compiling /home/olympusolutions/senior_ws/install/my_package/lib/python3.12/site-packages/my_package/__init__.py to __init__.cpython-312.pyc\n'}
[24.135927] (-) TimerEvent: {}
[24.138502] (my_package) StdoutLine: {'line': b'byte-compiling /home/olympusolutions/senior_ws/install/my_package/lib/python3.12/site-packages/my_package/my_node.py to my_node.cpython-312.pyc\n'}
[24.140174] (my_package) StdoutLine: {'line': b'running install_data\n'}
[24.141035] (my_package) StdoutLine: {'line': b'creating /home/olympusolutions/senior_ws/install/my_package/share/ament_index\n'}
[24.141734] (my_package) StdoutLine: {'line': b'creating /home/olympusolutions/senior_ws/install/my_package/share/ament_index/resource_index\n'}
[24.142270] (my_package) StdoutLine: {'line': b'creating /home/olympusolutions/senior_ws/install/my_package/share/ament_index/resource_index/packages\n'}
[24.143275] (my_package) StdoutLine: {'line': b'copying resource/my_package -> /home/olympusolutions/senior_ws/install/my_package/share/ament_index/resource_index/packages\n'}
[24.144787] (my_package) StdoutLine: {'line': b'copying package.xml -> /home/olympusolutions/senior_ws/install/my_package/share/my_package\n'}
[24.146756] (my_package) StdoutLine: {'line': b'running install_egg_info\n'}
[24.238759] (-) TimerEvent: {}
[24.253163] (my_package) StdoutLine: {'line': b'Copying ../../../../build/my_package/my_package.egg-info to /home/olympusolutions/senior_ws/install/my_package/lib/python3.12/site-packages/my_package-0.0.0-py3.12.egg-info\n'}
[24.255641] (my_package) StdoutLine: {'line': b'running install_scripts\n'}
[24.256138] (serial) StdoutLine: {'line': b'-- Configuring done (2.9s)\n'}
[24.281057] (serial) StdoutLine: {'line': b'-- Generating done (0.0s)\n'}
[24.295779] (serial) StdoutLine: {'line': b'-- Build files have been written to: /home/olympusolutions/senior_ws/build/serial\n'}
[24.318176] (serial) CommandEnded: {'returncode': 0}
[24.318813] (serial) JobProgress: {'identifier': 'serial', 'progress': 'build'}
[24.318858] (serial) Command: {'cmd': ['/usr/bin/cmake', '--build', '/home/olympusolutions/senior_ws/build/serial', '--', '-j4', '-l4'], 'cwd': '/home/olympusolutions/senior_ws/build/serial', 'env': OrderedDict({'LESSOPEN': '| /usr/bin/lesspipe %s', 'USER': 'olympusolutions', 'GZ_CONFIG_PATH': '/opt/ros/jazzy/opt/gz_sim_vendor/share/gz:/opt/ros/jazzy/opt/sdformat_vendor/share/gz:/opt/ros/jazzy/opt/gz_gui_vendor/share/gz:/opt/ros/jazzy/opt/gz_transport_vendor/share/gz:/opt/ros/jazzy/opt/gz_rendering_vendor/share/gz:/opt/ros/jazzy/opt/gz_plugin_vendor/share/gz:/opt/ros/jazzy/opt/gz_fuel_tools_vendor/share/gz:/opt/ros/jazzy/opt/gz_msgs_vendor/share/gz:/opt/ros/jazzy/opt/gz_common_vendor/share/gz', 'XDG_SESSION_TYPE': 'wayland', 'SHLVL': '1', 'LD_LIBRARY_PATH': '/opt/ros/jazzy/opt/gz_sim_vendor/lib:/opt/ros/jazzy/opt/gz_sensors_vendor/lib:/opt/ros/jazzy/opt/gz_physics_vendor/lib:/opt/ros/jazzy/opt/sdformat_vendor/lib:/opt/ros/jazzy/opt/rviz_ogre_vendor/lib:/opt/ros/jazzy/lib/aarch64-linux-gnu:/opt/ros/jazzy/opt/gz_gui_vendor/lib:/opt/ros/jazzy/opt/gz_transport_vendor/lib:/opt/ros/jazzy/opt/gz_rendering_vendor/lib:/opt/ros/jazzy/opt/gz_plugin_vendor/lib:/opt/ros/jazzy/opt/gz_fuel_tools_vendor/lib:/opt/ros/jazzy/opt/gz_msgs_vendor/lib:/opt/ros/jazzy/opt/gz_common_vendor/lib:/opt/ros/jazzy/opt/gz_math_vendor/lib:/opt/ros/jazzy/opt/gz_utils_vendor/lib:/opt/ros/jazzy/opt/gz_tools_vendor/lib:/opt/ros/jazzy/opt/gz_ogre_next_vendor/lib:/opt/ros/jazzy/opt/gz_dartsim_vendor/lib:/opt/ros/jazzy/opt/gz_cmake_vendor/lib:/opt/ros/jazzy/lib', 'HOME': '/home/olympusolutions', 'OLDPWD': '/home/olympusolutions', 'DESKTOP_SESSION': 'ubuntu', 'ROS_PYTHON_VERSION': '3', 'GNOME_SHELL_SESSION_MODE': 'ubuntu', 'GTK_MODULES': 'gail:atk-bridge', 'SYSTEMD_EXEC_PID': '3022', 'GSM_SKIP_SSH_AGENT_WORKAROUND': 'true', 'DBUS_SESSION_BUS_ADDRESS': 'unix:path=/run/user/1002/bus', 'COLORTERM': 'truecolor', 'DEBUGINFOD_URLS': 'https://debuginfod.ubuntu.com', 'IM_CONFIG_PHASE': '1', 'WAYLAND_DISPLAY': 'wayland-0', 'ROS_DISTRO': 'jazzy', 'LOGNAME': 'olympusolutions', '_': '/usr/bin/colcon', 'ROS_VERSION': '2', 'MEMORY_PRESSURE_WATCH': '/sys/fs/cgroup/user.slice/user-1002.slice/user@1002.service/session.slice/org.gnome.Shell@wayland.service/memory.pressure', 'XDG_SESSION_CLASS': 'user', 'USERNAME': 'olympusolutions', 'TERM': 'xterm-256color', 'GNOME_DESKTOP_SESSION_ID': 'this-is-deprecated', 'PATH': '/opt/ros/jazzy/opt/gz_msgs_vendor/bin:/opt/ros/jazzy/opt/gz_tools_vendor/bin:/opt/ros/jazzy/opt/gz_ogre_next_vendor/bin:/opt/ros/jazzy/bin:/home/olympusolutions/.local/bin:/usr/local/sbin:/usr/local/bin:/usr/sbin:/usr/bin:/sbin:/bin:/usr/games:/usr/local/games:/snap/bin:/snap/bin', 'SESSION_MANAGER': 'local/olympusolutions-desktop:@/tmp/.ICE-unix/2977,unix/olympusolutions-desktop:/tmp/.ICE-unix/2977', 'XDG_MENU_PREFIX': 'gnome-', 'GNOME_TERMINAL_SCREEN': '/org/gnome/Terminal/screen/5426054a_44ad_4b3b_9be3_3f00634632e4', 'GNOME_SETUP_DISPLAY': ':1', 'XDG_RUNTIME_DIR': '/run/user/1002', 'DISPLAY': ':0', 'LANG': 'en_US.UTF-8', 'XDG_CURRENT_DESKTOP': 'ubuntu:GNOME', 'XMODIFIERS': '@im=ibus', 'XDG_SESSION_DESKTOP': 'ubuntu', 'XAUTHORITY': '/run/user/1002/.mutter-Xwaylandauth.ZJBY42', 'LS_COLORS': 'rs=0:di=01;34:ln=01;36:mh=00:pi=40;33:so=01;35:do=01;35:bd=40;33;01:cd=40;33;01:or=40;31;01:mi=00:su=37;41:sg=30;43:ca=00:tw=30;42:ow=34;42:st=37;44:ex=01;32:*.tar=01;31:*.tgz=01;31:*.arc=01;31:*.arj=01;31:*.taz=01;31:*.lha=01;31:*.lz4=01;31:*.lzh=01;31:*.lzma=01;31:*.tlz=01;31:*.txz=01;31:*.tzo=01;31:*.t7z=01;31:*.zip=01;31:*.z=01;31:*.dz=01;31:*.gz=01;31:*.lrz=01;31:*.lz=01;31:*.lzo=01;31:*.xz=01;31:*.zst=01;31:*.tzst=01;31:*.bz2=01;31:*.bz=01;31:*.tbz=01;31:*.tbz2=01;31:*.tz=01;31:*.deb=01;31:*.rpm=01;31:*.jar=01;31:*.war=01;31:*.ear=01;31:*.sar=01;31:*.rar=01;31:*.alz=01;31:*.ace=01;31:*.zoo=01;31:*.cpio=01;31:*.7z=01;31:*.rz=01;31:*.cab=01;31:*.wim=01;31:*.swm=01;31:*.dwm=01;31:*.esd=01;31:*.avif=01;35:*.jpg=01;35:*.jpeg=01;35:*.mjpg=01;35:*.mjpeg=01;35:*.gif=01;35:*.bmp=01;35:*.pbm=01;35:*.pgm=01;35:*.ppm=01;35:*.tga=01;35:*.xbm=01;35:*.xpm=01;35:*.tif=01;35:*.tiff=01;35:*.png=01;35:*.svg=01;35:*.svgz=01;35:*.mng=01;35:*.pcx=01;35:*.mov=01;35:*.mpg=01;35:*.mpeg=01;35:*.m2v=01;35:*.mkv=01;35:*.webm=01;35:*.webp=01;35:*.ogm=01;35:*.mp4=01;35:*.m4v=01;35:*.mp4v=01;35:*.vob=01;35:*.qt=01;35:*.nuv=01;35:*.wmv=01;35:*.asf=01;35:*.rm=01;35:*.rmvb=01;35:*.flc=01;35:*.avi=01;35:*.fli=01;35:*.flv=01;35:*.gl=01;35:*.dl=01;35:*.xcf=01;35:*.xwd=01;35:*.yuv=01;35:*.cgm=01;35:*.emf=01;35:*.ogv=01;35:*.ogx=01;35:*.aac=00;36:*.au=00;36:*.flac=00;36:*.m4a=00;36:*.mid=00;36:*.midi=00;36:*.mka=00;36:*.mp3=00;36:*.mpc=00;36:*.ogg=00;36:*.ra=00;36:*.wav=00;36:*.oga=00;36:*.opus=00;36:*.spx=00;36:*.xspf=00;36:*~=00;90:*#=00;90:*.bak=00;90:*.crdownload=00;90:*.dpkg-dist=00;90:*.dpkg-new=00;90:*.dpkg-old=00;90:*.dpkg-tmp=00;90:*.old=00;90:*.orig=00;90:*.part=00;90:*.rej=00;90:*.rpmnew=00;90:*.rpmorig=00;90:*.rpmsave=00;90:*.swp=00;90:*.tmp=00;90:*.ucf-dist=00;90:*.ucf-new=00;90:*.ucf-old=00;90:', 'GNOME_TERMINAL_SERVICE': ':1.150', 'SSH_AUTH_SOCK': '/run/user/1002/keyring/ssh', 'AMENT_PREFIX_PATH': '/opt/ros/jazzy', 'SHELL': '/bin/bash', 'QT_ACCESSIBILITY': '1', 'GDMSESSION': 'ubuntu', 'LESSCLOSE': '/usr/bin/lesspipe %s %s', 'ROS_AUTOMATIC_DISCOVERY_RANGE': 'SUBNET', 'QT_IM_MODULE': 'ibus', 'PWD': '/home/olympusolutions/senior_ws/build/serial', 'LC_ALL': 'en_US.UTF-8', 'XDG_CONFIG_DIRS': '/etc/xdg/xdg-ubuntu:/etc/xdg', 'XDG_DATA_DIRS': '/usr/share/ubuntu:/usr/share/gnome:/usr/local/share/:/usr/share/:/var/lib/snapd/desktop', 'PYTHONPATH': '/opt/ros/jazzy/lib/python3.12/site-packages', 'COLCON': '1', 'MEMORY_PRESSURE_WRITE': 'c29tZSAyMDAwMDAgMjAwMDAwMAA=', 'VTE_VERSION': '7600', 'CMAKE_PREFIX_PATH': '/opt/ros/jazzy/opt/gz_sim_vendor:/opt/ros/jazzy/opt/gz_sensors_vendor:/opt/ros/jazzy/opt/gz_physics_vendor:/opt/ros/jazzy/opt/sdformat_vendor:/opt/ros/jazzy/opt/gz_gui_vendor:/opt/ros/jazzy/opt/gz_transport_vendor:/opt/ros/jazzy/opt/gz_rendering_vendor:/opt/ros/jazzy/opt/gz_plugin_vendor:/opt/ros/jazzy/opt/gz_fuel_tools_vendor:/opt/ros/jazzy/opt/gz_msgs_vendor:/opt/ros/jazzy/opt/gz_common_vendor:/opt/ros/jazzy/opt/gz_math_vendor:/opt/ros/jazzy/opt/gz_utils_vendor:/opt/ros/jazzy/opt/gz_tools_vendor:/opt/ros/jazzy/opt/gz_ogre_next_vendor:/opt/ros/jazzy/opt/gz_dartsim_vendor:/opt/ros/jazzy/opt/gz_cmake_vendor:/opt/ros/jazzy'}), 'shell': False}
[24.338894] (-) TimerEvent: {}
[24.439402] (-) TimerEvent: {}
[24.468286] (serial) StdoutLine: {'line': b'[  7%] \x1b[32mBuilding CXX object CMakeFiles/serial.dir/src/serial.cc.o\x1b[0m\n'}
[24.539540] (-) TimerEvent: {}
[24.549616] (minibot) StdoutLine: {'line': b'[100%] Built target velocity_publisher\n'}
[24.612737] (minibot) CommandEnded: {'returncode': 0}
[24.613443] (minibot) JobProgress: {'identifier': 'minibot', 'progress': 'install'}
[24.613493] (minibot) Command: {'cmd': ['/usr/bin/cmake', '--install', '/home/olympusolutions/senior_ws/build/minibot'], 'cwd': '/home/olympusolutions/senior_ws/build/minibot', 'env': OrderedDict({'LESSOPEN': '| /usr/bin/lesspipe %s', 'USER': 'olympusolutions', 'GZ_CONFIG_PATH': '/opt/ros/jazzy/opt/gz_sim_vendor/share/gz:/opt/ros/jazzy/opt/sdformat_vendor/share/gz:/opt/ros/jazzy/opt/gz_gui_vendor/share/gz:/opt/ros/jazzy/opt/gz_transport_vendor/share/gz:/opt/ros/jazzy/opt/gz_rendering_vendor/share/gz:/opt/ros/jazzy/opt/gz_plugin_vendor/share/gz:/opt/ros/jazzy/opt/gz_fuel_tools_vendor/share/gz:/opt/ros/jazzy/opt/gz_msgs_vendor/share/gz:/opt/ros/jazzy/opt/gz_common_vendor/share/gz', 'XDG_SESSION_TYPE': 'wayland', 'SHLVL': '1', 'LD_LIBRARY_PATH': '/opt/ros/jazzy/opt/gz_sim_vendor/lib:/opt/ros/jazzy/opt/gz_sensors_vendor/lib:/opt/ros/jazzy/opt/gz_physics_vendor/lib:/opt/ros/jazzy/opt/sdformat_vendor/lib:/opt/ros/jazzy/opt/rviz_ogre_vendor/lib:/opt/ros/jazzy/lib/aarch64-linux-gnu:/opt/ros/jazzy/opt/gz_gui_vendor/lib:/opt/ros/jazzy/opt/gz_transport_vendor/lib:/opt/ros/jazzy/opt/gz_rendering_vendor/lib:/opt/ros/jazzy/opt/gz_plugin_vendor/lib:/opt/ros/jazzy/opt/gz_fuel_tools_vendor/lib:/opt/ros/jazzy/opt/gz_msgs_vendor/lib:/opt/ros/jazzy/opt/gz_common_vendor/lib:/opt/ros/jazzy/opt/gz_math_vendor/lib:/opt/ros/jazzy/opt/gz_utils_vendor/lib:/opt/ros/jazzy/opt/gz_tools_vendor/lib:/opt/ros/jazzy/opt/gz_ogre_next_vendor/lib:/opt/ros/jazzy/opt/gz_dartsim_vendor/lib:/opt/ros/jazzy/opt/gz_cmake_vendor/lib:/opt/ros/jazzy/lib', 'HOME': '/home/olympusolutions', 'OLDPWD': '/home/olympusolutions', 'DESKTOP_SESSION': 'ubuntu', 'ROS_PYTHON_VERSION': '3', 'GNOME_SHELL_SESSION_MODE': 'ubuntu', 'GTK_MODULES': 'gail:atk-bridge', 'SYSTEMD_EXEC_PID': '3022', 'GSM_SKIP_SSH_AGENT_WORKAROUND': 'true', 'DBUS_SESSION_BUS_ADDRESS': 'unix:path=/run/user/1002/bus', 'COLORTERM': 'truecolor', 'DEBUGINFOD_URLS': 'https://debuginfod.ubuntu.com', 'IM_CONFIG_PHASE': '1', 'WAYLAND_DISPLAY': 'wayland-0', 'ROS_DISTRO': 'jazzy', 'LOGNAME': 'olympusolutions', '_': '/usr/bin/colcon', 'ROS_VERSION': '2', 'MEMORY_PRESSURE_WATCH': '/sys/fs/cgroup/user.slice/user-1002.slice/user@1002.service/session.slice/org.gnome.Shell@wayland.service/memory.pressure', 'XDG_SESSION_CLASS': 'user', 'USERNAME': 'olympusolutions', 'TERM': 'xterm-256color', 'GNOME_DESKTOP_SESSION_ID': 'this-is-deprecated', 'PATH': '/opt/ros/jazzy/opt/gz_msgs_vendor/bin:/opt/ros/jazzy/opt/gz_tools_vendor/bin:/opt/ros/jazzy/opt/gz_ogre_next_vendor/bin:/opt/ros/jazzy/bin:/home/olympusolutions/.local/bin:/usr/local/sbin:/usr/local/bin:/usr/sbin:/usr/bin:/sbin:/bin:/usr/games:/usr/local/games:/snap/bin:/snap/bin', 'SESSION_MANAGER': 'local/olympusolutions-desktop:@/tmp/.ICE-unix/2977,unix/olympusolutions-desktop:/tmp/.ICE-unix/2977', 'XDG_MENU_PREFIX': 'gnome-', 'GNOME_TERMINAL_SCREEN': '/org/gnome/Terminal/screen/5426054a_44ad_4b3b_9be3_3f00634632e4', 'GNOME_SETUP_DISPLAY': ':1', 'XDG_RUNTIME_DIR': '/run/user/1002', 'DISPLAY': ':0', 'LANG': 'en_US.UTF-8', 'XDG_CURRENT_DESKTOP': 'ubuntu:GNOME', 'XMODIFIERS': '@im=ibus', 'XDG_SESSION_DESKTOP': 'ubuntu', 'XAUTHORITY': '/run/user/1002/.mutter-Xwaylandauth.ZJBY42', 'LS_COLORS': 'rs=0:di=01;34:ln=01;36:mh=00:pi=40;33:so=01;35:do=01;35:bd=40;33;01:cd=40;33;01:or=40;31;01:mi=00:su=37;41:sg=30;43:ca=00:tw=30;42:ow=34;42:st=37;44:ex=01;32:*.tar=01;31:*.tgz=01;31:*.arc=01;31:*.arj=01;31:*.taz=01;31:*.lha=01;31:*.lz4=01;31:*.lzh=01;31:*.lzma=01;31:*.tlz=01;31:*.txz=01;31:*.tzo=01;31:*.t7z=01;31:*.zip=01;31:*.z=01;31:*.dz=01;31:*.gz=01;31:*.lrz=01;31:*.lz=01;31:*.lzo=01;31:*.xz=01;31:*.zst=01;31:*.tzst=01;31:*.bz2=01;31:*.bz=01;31:*.tbz=01;31:*.tbz2=01;31:*.tz=01;31:*.deb=01;31:*.rpm=01;31:*.jar=01;31:*.war=01;31:*.ear=01;31:*.sar=01;31:*.rar=01;31:*.alz=01;31:*.ace=01;31:*.zoo=01;31:*.cpio=01;31:*.7z=01;31:*.rz=01;31:*.cab=01;31:*.wim=01;31:*.swm=01;31:*.dwm=01;31:*.esd=01;31:*.avif=01;35:*.jpg=01;35:*.jpeg=01;35:*.mjpg=01;35:*.mjpeg=01;35:*.gif=01;35:*.bmp=01;35:*.pbm=01;35:*.pgm=01;35:*.ppm=01;35:*.tga=01;35:*.xbm=01;35:*.xpm=01;35:*.tif=01;35:*.tiff=01;35:*.png=01;35:*.svg=01;35:*.svgz=01;35:*.mng=01;35:*.pcx=01;35:*.mov=01;35:*.mpg=01;35:*.mpeg=01;35:*.m2v=01;35:*.mkv=01;35:*.webm=01;35:*.webp=01;35:*.ogm=01;35:*.mp4=01;35:*.m4v=01;35:*.mp4v=01;35:*.vob=01;35:*.qt=01;35:*.nuv=01;35:*.wmv=01;35:*.asf=01;35:*.rm=01;35:*.rmvb=01;35:*.flc=01;35:*.avi=01;35:*.fli=01;35:*.flv=01;35:*.gl=01;35:*.dl=01;35:*.xcf=01;35:*.xwd=01;35:*.yuv=01;35:*.cgm=01;35:*.emf=01;35:*.ogv=01;35:*.ogx=01;35:*.aac=00;36:*.au=00;36:*.flac=00;36:*.m4a=00;36:*.mid=00;36:*.midi=00;36:*.mka=00;36:*.mp3=00;36:*.mpc=00;36:*.ogg=00;36:*.ra=00;36:*.wav=00;36:*.oga=00;36:*.opus=00;36:*.spx=00;36:*.xspf=00;36:*~=00;90:*#=00;90:*.bak=00;90:*.crdownload=00;90:*.dpkg-dist=00;90:*.dpkg-new=00;90:*.dpkg-old=00;90:*.dpkg-tmp=00;90:*.old=00;90:*.orig=00;90:*.part=00;90:*.rej=00;90:*.rpmnew=00;90:*.rpmorig=00;90:*.rpmsave=00;90:*.swp=00;90:*.tmp=00;90:*.ucf-dist=00;90:*.ucf-new=00;90:*.ucf-old=00;90:', 'GNOME_TERMINAL_SERVICE': ':1.150', 'SSH_AUTH_SOCK': '/run/user/1002/keyring/ssh', 'AMENT_PREFIX_PATH': '/opt/ros/jazzy', 'SHELL': '/bin/bash', 'QT_ACCESSIBILITY': '1', 'GDMSESSION': 'ubuntu', 'LESSCLOSE': '/usr/bin/lesspipe %s %s', 'ROS_AUTOMATIC_DISCOVERY_RANGE': 'SUBNET', 'QT_IM_MODULE': 'ibus', 'PWD': '/home/olympusolutions/senior_ws/build/minibot', 'LC_ALL': 'en_US.UTF-8', 'XDG_CONFIG_DIRS': '/etc/xdg/xdg-ubuntu:/etc/xdg', 'XDG_DATA_DIRS': '/usr/share/ubuntu:/usr/share/gnome:/usr/local/share/:/usr/share/:/var/lib/snapd/desktop', 'PYTHONPATH': '/opt/ros/jazzy/lib/python3.12/site-packages', 'COLCON': '1', 'MEMORY_PRESSURE_WRITE': 'c29tZSAyMDAwMDAgMjAwMDAwMAA=', 'VTE_VERSION': '7600', 'CMAKE_PREFIX_PATH': '/opt/ros/jazzy/opt/gz_sim_vendor:/opt/ros/jazzy/opt/gz_sensors_vendor:/opt/ros/jazzy/opt/gz_physics_vendor:/opt/ros/jazzy/opt/sdformat_vendor:/opt/ros/jazzy/opt/gz_gui_vendor:/opt/ros/jazzy/opt/gz_transport_vendor:/opt/ros/jazzy/opt/gz_rendering_vendor:/opt/ros/jazzy/opt/gz_plugin_vendor:/opt/ros/jazzy/opt/gz_fuel_tools_vendor:/opt/ros/jazzy/opt/gz_msgs_vendor:/opt/ros/jazzy/opt/gz_common_vendor:/opt/ros/jazzy/opt/gz_math_vendor:/opt/ros/jazzy/opt/gz_utils_vendor:/opt/ros/jazzy/opt/gz_tools_vendor:/opt/ros/jazzy/opt/gz_ogre_next_vendor:/opt/ros/jazzy/opt/gz_dartsim_vendor:/opt/ros/jazzy/opt/gz_cmake_vendor:/opt/ros/jazzy'}), 'shell': False}
[24.639700] (-) TimerEvent: {}
[24.643941] (minibot) StdoutLine: {'line': b'-- Install configuration: ""\n'}
[24.647867] (minibot) StdoutLine: {'line': b'-- Installing: /home/olympusolutions/senior_ws/install/minibot/lib/minibot/velocity_publisher\n'}
[24.652209] (minibot) StdoutLine: {'line': b'-- Set non-toolchain portion of runtime path of "/home/olympusolutions/senior_ws/install/minibot/lib/minibot/velocity_publisher" to ""\n'}
[24.652574] (minibot) StdoutLine: {'line': b'-- Installing: /home/olympusolutions/senior_ws/install/minibot/share/minibot/config\n'}
[24.653844] (minibot) StdoutLine: {'line': b'-- Installing: /home/olympusolutions/senior_ws/install/minibot/share/minibot/config/minibot_display.rviz\n'}
[24.654979] (minibot) StdoutLine: {'line': b'-- Installing: /home/olympusolutions/senior_ws/install/minibot/share/minibot/config/empty.yaml\n'}
[24.656713] (minibot) StdoutLine: {'line': b'-- Installing: /home/olympusolutions/senior_ws/install/minibot/share/minibot/config/minibot_config.rviz\n'}
[24.657238] (minibot) StdoutLine: {'line': b'-- Installing: /home/olympusolutions/senior_ws/install/minibot/share/minibot/config/controller_gz_sim.yaml\n'}
[24.658390] (minibot) StdoutLine: {'line': b'-- Installing: /home/olympusolutions/senior_ws/install/minibot/share/minibot/config/gz_params.yaml\n'}
[24.659313] (minibot) StdoutLine: {'line': b'-- Installing: /home/olympusolutions/senior_ws/install/minibot/share/minibot/config/twist_mux.yaml\n'}
[24.660708] (minibot) StdoutLine: {'line': b'-- Installing: /home/olympusolutions/senior_ws/install/minibot/share/minibot/config/mapper_params_online_async.yaml\n'}
[24.663816] (minibot) StdoutLine: {'line': b'-- Installing: /home/olympusolutions/senior_ws/install/minibot/share/minibot/config/controller.yaml\n'}
[24.664114] (minibot) StdoutLine: {'line': b'-- Installing: /home/olympusolutions/senior_ws/install/minibot/share/minibot/config/sim_config.rviz\n'}
[24.664292] (minibot) StdoutLine: {'line': b'-- Installing: /home/olympusolutions/senior_ws/install/minibot/share/minibot/config/nav2_params.yaml\n'}
[24.664405] (minibot) StdoutLine: {'line': b'-- Installing: /home/olympusolutions/senior_ws/install/minibot/share/minibot/config/joystick_params.yaml\n'}
[24.664580] (minibot) StdoutLine: {'line': b'-- Installing: /home/olympusolutions/senior_ws/install/minibot/share/minibot/config/mapper_params_localization.yaml\n'}
[24.665706] (minibot) StdoutLine: {'line': b'-- Installing: /home/olympusolutions/senior_ws/install/minibot/share/minibot/description\n'}
[24.666032] (minibot) StdoutLine: {'line': b'-- Installing: /home/olympusolutions/senior_ws/install/minibot/share/minibot/description/robot.urdf.xacro\n'}
[24.666224] (minibot) StdoutLine: {'line': b'-- Installing: /home/olympusolutions/senior_ws/install/minibot/share/minibot/description/inertial_macros.xacro\n'}
[24.666490] (minibot) StdoutLine: {'line': b'-- Installing: /home/olympusolutions/senior_ws/install/minibot/share/minibot/description/robot_main.xacro\n'}
[24.666795] (minibot) StdoutLine: {'line': b'-- Installing: /home/olympusolutions/senior_ws/install/minibot/share/minibot/description/ros2_control.xacro\n'}
[24.667710] (minibot) StdoutLine: {'line': b'-- Installing: /home/olympusolutions/senior_ws/install/minibot/share/minibot/description/gz_diff_drive_control.xacro\n'}
[24.669103] (minibot) StdoutLine: {'line': b'-- Installing: /home/olympusolutions/senior_ws/install/minibot/share/minibot/description/depth_camera.xacro\n'}
[24.669642] (minibot) StdoutLine: {'line': b'-- Installing: /home/olympusolutions/senior_ws/install/minibot/share/minibot/description/camera.xacro\n'}
[24.669956] (minibot) StdoutLine: {'line': b'-- Installing: /home/olympusolutions/senior_ws/install/minibot/share/minibot/description/lidar.xacro\n'}
[24.671510] (minibot) StdoutLine: {'line': b'-- Installing: /home/olympusolutions/senior_ws/install/minibot/share/minibot/launch\n'}
[24.671905] (minibot) StdoutLine: {'line': b'-- Installing: /home/olympusolutions/senior_ws/install/minibot/share/minibot/launch/navigation_launch.py\n'}
[24.672086] (minibot) StdoutLine: {'line': b'-- Installing: /home/olympusolutions/senior_ws/install/minibot/share/minibot/launch/joystick_teleop.launch.py\n'}
[24.672280] (minibot) StdoutLine: {'line': b'-- Installing: /home/olympusolutions/senior_ws/install/minibot/share/minibot/launch/sim.launch.py\n'}
[24.672476] (minibot) StdoutLine: {'line': b'-- Installing: /home/olympusolutions/senior_ws/install/minibot/share/minibot/launch/robot_remote_station.launch.py\n'}
[24.673465] (minibot) StdoutLine: {'line': b'-- Installing: /home/olympusolutions/senior_ws/install/minibot/share/minibot/launch/keyboard_combine.launch.py\n'}
[24.674801] (minibot) StdoutLine: {'line': b'-- Installing: /home/olympusolutions/senior_ws/install/minibot/share/minibot/launch/sim_control_station.launch.py\n'}
[24.675036] (minibot) StdoutLine: {'line': b'-- Installing: /home/olympusolutions/senior_ws/install/minibot/share/minibot/launch/keyboard.launch.py\n'}
[24.675762] (minibot) StdoutLine: {'line': b'-- Installing: /home/olympusolutions/senior_ws/install/minibot/share/minibot/launch/robot.launch.py\n'}
[24.676029] (minibot) StdoutLine: {'line': b'-- Installing: /home/olympusolutions/senior_ws/install/minibot/share/minibot/launch/camera.launch.py\n'}
[24.676233] (minibot) StdoutLine: {'line': b'-- Installing: /home/olympusolutions/senior_ws/install/minibot/share/minibot/worlds\n'}
[24.676452] (minibot) StdoutLine: {'line': b'-- Installing: /home/olympusolutions/senior_ws/install/minibot/share/minibot/worlds/empty.sdf\n'}
[24.677054] (minibot) StdoutLine: {'line': b'-- Installing: /home/olympusolutions/senior_ws/install/minibot/share/minibot/worlds/playground.sdf\n'}
[24.679503] (minibot) StdoutLine: {'line': b'-- Installing: /home/olympusolutions/senior_ws/install/minibot/share/minibot/demo_publisher_node\n'}
[24.681830] (minibot) StdoutLine: {'line': b'-- Installing: /home/olympusolutions/senior_ws/install/minibot/share/minibot/demo_publisher_node/gripper_teleop_node.py\n'}
[24.682130] (minibot) StdoutLine: {'line': b'-- Installing: /home/olympusolutions/senior_ws/install/minibot/share/minibot/demo_publisher_node/platform_teleop_node.py\n'}
[24.682270] (minibot) StdoutLine: {'line': b'-- Installing: /home/olympusolutions/senior_ws/install/minibot/share/minibot/demo_publisher_node/extender_teleop_node.py\n'}
[24.682373] (minibot) StdoutLine: {'line': b'-- Installing: /home/olympusolutions/senior_ws/install/minibot/share/minibot/demo_publisher_node/emergent_shutdown_node.py\n'}
[24.682465] (minibot) StdoutLine: {'line': b'-- Installing: /home/olympusolutions/senior_ws/install/minibot/share/minibot/demo_publisher_node/imu_publisher_node.py\n'}
[24.682571] (minibot) StdoutLine: {'line': b'-- Installing: /home/olympusolutions/senior_ws/install/minibot/share/minibot/demo_publisher_node/tcp_map_node.py\n'}
[24.682704] (minibot) StdoutLine: {'line': b'-- Installing: /home/olympusolutions/senior_ws/install/minibot/share/minibot/demo_publisher_node/velocity_publisher.cpp\n'}
[24.682941] (minibot) StdoutLine: {'line': b'-- Installing: /home/olympusolutions/senior_ws/install/minibot/share/minibot/demo_publisher_node/linear_data_collector_node.py\n'}
[24.683070] (minibot) StdoutLine: {'line': b'-- Installing: /home/olympusolutions/senior_ws/install/minibot/share/minibot/maps\n'}
[24.684511] (minibot) StdoutLine: {'line': b'-- Installing: /home/olympusolutions/senior_ws/install/minibot/share/minibot/maps/sample_map.pgm\n'}
[24.685706] (minibot) StdoutLine: {'line': b'-- Installing: /home/olympusolutions/senior_ws/install/minibot/share/minibot/maps/map_01.pgm\n'}
[24.686737] (minibot) StdoutLine: {'line': b'-- Installing: /home/olympusolutions/senior_ws/install/minibot/share/minibot/maps/sample_map_serial.data\n'}
[24.698037] (minibot) StdoutLine: {'line': b'-- Installing: /home/olympusolutions/senior_ws/install/minibot/share/minibot/maps/map_01_serial.posegraph\n'}
[24.703111] (my_package) StdoutLine: {'line': b'Installing my_node script to /home/olympusolutions/senior_ws/install/my_package/lib/my_package\n'}
[24.704835] (my_package) StdoutLine: {'line': b"writing list of installed files to '/home/olympusolutions/senior_ws/build/my_package/install.log'\n"}
[24.740775] (-) TimerEvent: {}
[24.834891] (my_package) CommandEnded: {'returncode': 0}
[24.841157] (-) TimerEvent: {}
[24.850829] (my_package) JobEnded: {'identifier': 'my_package', 'rc': 0}
[24.860045] (sllidar_ros2) JobStarted: {'identifier': 'sllidar_ros2'}
[24.868055] (minibot) StdoutLine: {'line': b'-- Installing: /home/olympusolutions/senior_ws/install/minibot/share/minibot/maps/sample_map.yaml\n'}
[24.871701] (minibot) StdoutLine: {'line': b'-- Installing: /home/olympusolutions/senior_ws/install/minibot/share/minibot/maps/sample_map_serial.posegraph\n'}
[24.877399] (sllidar_ros2) JobProgress: {'identifier': 'sllidar_ros2', 'progress': 'cmake'}
[24.880334] (sllidar_ros2) Command: {'cmd': ['/usr/bin/cmake', '/home/olympusolutions/senior_ws/src/sllidar_ros2', '-DCMAKE_INSTALL_PREFIX=/home/olympusolutions/senior_ws/install/sllidar_ros2'], 'cwd': '/home/olympusolutions/senior_ws/build/sllidar_ros2', 'env': OrderedDict({'LESSOPEN': '| /usr/bin/lesspipe %s', 'USER': 'olympusolutions', 'GZ_CONFIG_PATH': '/opt/ros/jazzy/opt/gz_sim_vendor/share/gz:/opt/ros/jazzy/opt/sdformat_vendor/share/gz:/opt/ros/jazzy/opt/gz_gui_vendor/share/gz:/opt/ros/jazzy/opt/gz_transport_vendor/share/gz:/opt/ros/jazzy/opt/gz_rendering_vendor/share/gz:/opt/ros/jazzy/opt/gz_plugin_vendor/share/gz:/opt/ros/jazzy/opt/gz_fuel_tools_vendor/share/gz:/opt/ros/jazzy/opt/gz_msgs_vendor/share/gz:/opt/ros/jazzy/opt/gz_common_vendor/share/gz', 'XDG_SESSION_TYPE': 'wayland', 'SHLVL': '1', 'LD_LIBRARY_PATH': '/opt/ros/jazzy/opt/gz_sim_vendor/lib:/opt/ros/jazzy/opt/gz_sensors_vendor/lib:/opt/ros/jazzy/opt/gz_physics_vendor/lib:/opt/ros/jazzy/opt/sdformat_vendor/lib:/opt/ros/jazzy/opt/rviz_ogre_vendor/lib:/opt/ros/jazzy/lib/aarch64-linux-gnu:/opt/ros/jazzy/opt/gz_gui_vendor/lib:/opt/ros/jazzy/opt/gz_transport_vendor/lib:/opt/ros/jazzy/opt/gz_rendering_vendor/lib:/opt/ros/jazzy/opt/gz_plugin_vendor/lib:/opt/ros/jazzy/opt/gz_fuel_tools_vendor/lib:/opt/ros/jazzy/opt/gz_msgs_vendor/lib:/opt/ros/jazzy/opt/gz_common_vendor/lib:/opt/ros/jazzy/opt/gz_math_vendor/lib:/opt/ros/jazzy/opt/gz_utils_vendor/lib:/opt/ros/jazzy/opt/gz_tools_vendor/lib:/opt/ros/jazzy/opt/gz_ogre_next_vendor/lib:/opt/ros/jazzy/opt/gz_dartsim_vendor/lib:/opt/ros/jazzy/opt/gz_cmake_vendor/lib:/opt/ros/jazzy/lib', 'HOME': '/home/olympusolutions', 'OLDPWD': '/home/olympusolutions', 'DESKTOP_SESSION': 'ubuntu', 'ROS_PYTHON_VERSION': '3', 'GNOME_SHELL_SESSION_MODE': 'ubuntu', 'GTK_MODULES': 'gail:atk-bridge', 'SYSTEMD_EXEC_PID': '3022', 'GSM_SKIP_SSH_AGENT_WORKAROUND': 'true', 'DBUS_SESSION_BUS_ADDRESS': 'unix:path=/run/user/1002/bus', 'COLORTERM': 'truecolor', 'DEBUGINFOD_URLS': 'https://debuginfod.ubuntu.com', 'IM_CONFIG_PHASE': '1', 'WAYLAND_DISPLAY': 'wayland-0', 'ROS_DISTRO': 'jazzy', 'LOGNAME': 'olympusolutions', '_': '/usr/bin/colcon', 'ROS_VERSION': '2', 'MEMORY_PRESSURE_WATCH': '/sys/fs/cgroup/user.slice/user-1002.slice/user@1002.service/session.slice/org.gnome.Shell@wayland.service/memory.pressure', 'XDG_SESSION_CLASS': 'user', 'USERNAME': 'olympusolutions', 'TERM': 'xterm-256color', 'GNOME_DESKTOP_SESSION_ID': 'this-is-deprecated', 'PATH': '/opt/ros/jazzy/opt/gz_msgs_vendor/bin:/opt/ros/jazzy/opt/gz_tools_vendor/bin:/opt/ros/jazzy/opt/gz_ogre_next_vendor/bin:/opt/ros/jazzy/bin:/home/olympusolutions/.local/bin:/usr/local/sbin:/usr/local/bin:/usr/sbin:/usr/bin:/sbin:/bin:/usr/games:/usr/local/games:/snap/bin:/snap/bin', 'SESSION_MANAGER': 'local/olympusolutions-desktop:@/tmp/.ICE-unix/2977,unix/olympusolutions-desktop:/tmp/.ICE-unix/2977', 'XDG_MENU_PREFIX': 'gnome-', 'GNOME_TERMINAL_SCREEN': '/org/gnome/Terminal/screen/5426054a_44ad_4b3b_9be3_3f00634632e4', 'GNOME_SETUP_DISPLAY': ':1', 'XDG_RUNTIME_DIR': '/run/user/1002', 'DISPLAY': ':0', 'LANG': 'en_US.UTF-8', 'XDG_CURRENT_DESKTOP': 'ubuntu:GNOME', 'XMODIFIERS': '@im=ibus', 'XDG_SESSION_DESKTOP': 'ubuntu', 'XAUTHORITY': '/run/user/1002/.mutter-Xwaylandauth.ZJBY42', 'LS_COLORS': 'rs=0:di=01;34:ln=01;36:mh=00:pi=40;33:so=01;35:do=01;35:bd=40;33;01:cd=40;33;01:or=40;31;01:mi=00:su=37;41:sg=30;43:ca=00:tw=30;42:ow=34;42:st=37;44:ex=01;32:*.tar=01;31:*.tgz=01;31:*.arc=01;31:*.arj=01;31:*.taz=01;31:*.lha=01;31:*.lz4=01;31:*.lzh=01;31:*.lzma=01;31:*.tlz=01;31:*.txz=01;31:*.tzo=01;31:*.t7z=01;31:*.zip=01;31:*.z=01;31:*.dz=01;31:*.gz=01;31:*.lrz=01;31:*.lz=01;31:*.lzo=01;31:*.xz=01;31:*.zst=01;31:*.tzst=01;31:*.bz2=01;31:*.bz=01;31:*.tbz=01;31:*.tbz2=01;31:*.tz=01;31:*.deb=01;31:*.rpm=01;31:*.jar=01;31:*.war=01;31:*.ear=01;31:*.sar=01;31:*.rar=01;31:*.alz=01;31:*.ace=01;31:*.zoo=01;31:*.cpio=01;31:*.7z=01;31:*.rz=01;31:*.cab=01;31:*.wim=01;31:*.swm=01;31:*.dwm=01;31:*.esd=01;31:*.avif=01;35:*.jpg=01;35:*.jpeg=01;35:*.mjpg=01;35:*.mjpeg=01;35:*.gif=01;35:*.bmp=01;35:*.pbm=01;35:*.pgm=01;35:*.ppm=01;35:*.tga=01;35:*.xbm=01;35:*.xpm=01;35:*.tif=01;35:*.tiff=01;35:*.png=01;35:*.svg=01;35:*.svgz=01;35:*.mng=01;35:*.pcx=01;35:*.mov=01;35:*.mpg=01;35:*.mpeg=01;35:*.m2v=01;35:*.mkv=01;35:*.webm=01;35:*.webp=01;35:*.ogm=01;35:*.mp4=01;35:*.m4v=01;35:*.mp4v=01;35:*.vob=01;35:*.qt=01;35:*.nuv=01;35:*.wmv=01;35:*.asf=01;35:*.rm=01;35:*.rmvb=01;35:*.flc=01;35:*.avi=01;35:*.fli=01;35:*.flv=01;35:*.gl=01;35:*.dl=01;35:*.xcf=01;35:*.xwd=01;35:*.yuv=01;35:*.cgm=01;35:*.emf=01;35:*.ogv=01;35:*.ogx=01;35:*.aac=00;36:*.au=00;36:*.flac=00;36:*.m4a=00;36:*.mid=00;36:*.midi=00;36:*.mka=00;36:*.mp3=00;36:*.mpc=00;36:*.ogg=00;36:*.ra=00;36:*.wav=00;36:*.oga=00;36:*.opus=00;36:*.spx=00;36:*.xspf=00;36:*~=00;90:*#=00;90:*.bak=00;90:*.crdownload=00;90:*.dpkg-dist=00;90:*.dpkg-new=00;90:*.dpkg-old=00;90:*.dpkg-tmp=00;90:*.old=00;90:*.orig=00;90:*.part=00;90:*.rej=00;90:*.rpmnew=00;90:*.rpmorig=00;90:*.rpmsave=00;90:*.swp=00;90:*.tmp=00;90:*.ucf-dist=00;90:*.ucf-new=00;90:*.ucf-old=00;90:', 'GNOME_TERMINAL_SERVICE': ':1.150', 'SSH_AUTH_SOCK': '/run/user/1002/keyring/ssh', 'AMENT_PREFIX_PATH': '/opt/ros/jazzy', 'SHELL': '/bin/bash', 'QT_ACCESSIBILITY': '1', 'GDMSESSION': 'ubuntu', 'LESSCLOSE': '/usr/bin/lesspipe %s %s', 'ROS_AUTOMATIC_DISCOVERY_RANGE': 'SUBNET', 'QT_IM_MODULE': 'ibus', 'PWD': '/home/olympusolutions/senior_ws/build/sllidar_ros2', 'LC_ALL': 'en_US.UTF-8', 'XDG_CONFIG_DIRS': '/etc/xdg/xdg-ubuntu:/etc/xdg', 'XDG_DATA_DIRS': '/usr/share/ubuntu:/usr/share/gnome:/usr/local/share/:/usr/share/:/var/lib/snapd/desktop', 'PYTHONPATH': '/opt/ros/jazzy/lib/python3.12/site-packages', 'COLCON': '1', 'MEMORY_PRESSURE_WRITE': 'c29tZSAyMDAwMDAgMjAwMDAwMAA=', 'VTE_VERSION': '7600', 'CMAKE_PREFIX_PATH': '/opt/ros/jazzy/opt/gz_sim_vendor:/opt/ros/jazzy/opt/gz_sensors_vendor:/opt/ros/jazzy/opt/gz_physics_vendor:/opt/ros/jazzy/opt/sdformat_vendor:/opt/ros/jazzy/opt/gz_gui_vendor:/opt/ros/jazzy/opt/gz_transport_vendor:/opt/ros/jazzy/opt/gz_rendering_vendor:/opt/ros/jazzy/opt/gz_plugin_vendor:/opt/ros/jazzy/opt/gz_fuel_tools_vendor:/opt/ros/jazzy/opt/gz_msgs_vendor:/opt/ros/jazzy/opt/gz_common_vendor:/opt/ros/jazzy/opt/gz_math_vendor:/opt/ros/jazzy/opt/gz_utils_vendor:/opt/ros/jazzy/opt/gz_tools_vendor:/opt/ros/jazzy/opt/gz_ogre_next_vendor:/opt/ros/jazzy/opt/gz_dartsim_vendor:/opt/ros/jazzy/opt/gz_cmake_vendor:/opt/ros/jazzy'}), 'shell': False}
[24.922916] (serial_motor_demo_msgs) StdoutLine: {'line': b'[ 57%] \x1b[32mBuilding CXX object CMakeFiles/serial_motor_demo_msgs__rosidl_typesupport_fastrtps_c.dir/rosidl_typesupport_fastrtps_c/serial_motor_demo_msgs/msg/detail/motor_vels__type_support_c.cpp.o\x1b[0m\n'}
[24.942111] (-) TimerEvent: {}
[25.045932] (-) TimerEvent: {}
[25.070132] (minibot) StdoutLine: {'line': b'-- Installing: /home/olympusolutions/senior_ws/install/minibot/share/minibot/maps/map_01_serial.data\n'}
[25.104591] (minibot) StdoutLine: {'line': b'-- Installing: /home/olympusolutions/senior_ws/install/minibot/share/minibot/maps/map_01.yaml\n'}
[25.105132] (minibot) StdoutLine: {'line': b'-- Installing: /home/olympusolutions/senior_ws/install/minibot/share/minibot/visual_demos\n'}
[25.105371] (minibot) StdoutLine: {'line': b'-- Installing: /home/olympusolutions/senior_ws/install/minibot/share/minibot/visual_demos/robot_hardware.jpg\n'}
[25.109882] (minibot) StdoutLine: {'line': b'-- Installing: /home/olympusolutions/senior_ws/install/minibot/share/minibot/visual_demos/robot_visual.jpg\n'}
[25.110275] (sllidar_ros2) StdoutLine: {'line': b'-- The C compiler identification is GNU 13.3.0\n'}
[25.113739] (minibot) StdoutLine: {'line': b'-- Installing: /home/olympusolutions/senior_ws/install/minibot/share/minibot/visual_demos/SLAM_demostration-ezgif.com-video-to-gif-converter.gif\n'}
[25.147453] (-) TimerEvent: {}
[25.248544] (-) TimerEvent: {}
[25.283768] (minibot) StdoutLine: {'line': b'-- Installing: /home/olympusolutions/senior_ws/install/minibot/share/minibot/visual_demos/Nav2_demostration-ezgif.com-video-to-gif-converter.gif\n'}
[25.300686] (sllidar_ros2) StdoutLine: {'line': b'-- The CXX compiler identification is GNU 13.3.0\n'}
[25.331813] (minibot) StdoutLine: {'line': b'-- Up-to-date: /home/olympusolutions/senior_ws/install/minibot/share/minibot/launch\n'}
[25.332215] (minibot) StdoutLine: {'line': b'-- Up-to-date: /home/olympusolutions/senior_ws/install/minibot/share/minibot/launch/navigation_launch.py\n'}
[25.332391] (minibot) StdoutLine: {'line': b'-- Up-to-date: /home/olympusolutions/senior_ws/install/minibot/share/minibot/launch/joystick_teleop.launch.py\n'}
[25.332554] (minibot) StdoutLine: {'line': b'-- Up-to-date: /home/olympusolutions/senior_ws/install/minibot/share/minibot/launch/sim.launch.py\n'}
[25.335036] (minibot) StdoutLine: {'line': b'-- Up-to-date: /home/olympusolutions/senior_ws/install/minibot/share/minibot/launch/robot_remote_station.launch.py\n'}
[25.335234] (minibot) StdoutLine: {'line': b'-- Up-to-date: /home/olympusolutions/senior_ws/install/minibot/share/minibot/launch/keyboard_combine.launch.py\n'}
[25.335372] (minibot) StdoutLine: {'line': b'-- Up-to-date: /home/olympusolutions/senior_ws/install/minibot/share/minibot/launch/sim_control_station.launch.py\n'}
[25.335494] (minibot) StdoutLine: {'line': b'-- Up-to-date: /home/olympusolutions/senior_ws/install/minibot/share/minibot/launch/keyboard.launch.py\n'}
[25.335609] (minibot) StdoutLine: {'line': b'-- Up-to-date: /home/olympusolutions/senior_ws/install/minibot/share/minibot/launch/robot.launch.py\n'}
[25.335750] (minibot) StdoutLine: {'line': b'-- Up-to-date: /home/olympusolutions/senior_ws/install/minibot/share/minibot/launch/camera.launch.py\n'}
[25.335869] (minibot) StdoutLine: {'line': b'-- Up-to-date: /home/olympusolutions/senior_ws/install/minibot/share/minibot/config\n'}
[25.335975] (minibot) StdoutLine: {'line': b'-- Up-to-date: /home/olympusolutions/senior_ws/install/minibot/share/minibot/config/minibot_display.rviz\n'}
[25.336072] (minibot) StdoutLine: {'line': b'-- Up-to-date: /home/olympusolutions/senior_ws/install/minibot/share/minibot/config/empty.yaml\n'}
[25.336170] (minibot) StdoutLine: {'line': b'-- Up-to-date: /home/olympusolutions/senior_ws/install/minibot/share/minibot/config/minibot_config.rviz\n'}
[25.336292] (minibot) StdoutLine: {'line': b'-- Up-to-date: /home/olympusolutions/senior_ws/install/minibot/share/minibot/config/controller_gz_sim.yaml\n'}
[25.336390] (minibot) StdoutLine: {'line': b'-- Up-to-date: /home/olympusolutions/senior_ws/install/minibot/share/minibot/config/gz_params.yaml\n'}
[25.336483] (minibot) StdoutLine: {'line': b'-- Up-to-date: /home/olympusolutions/senior_ws/install/minibot/share/minibot/config/twist_mux.yaml\n'}
[25.336576] (minibot) StdoutLine: {'line': b'-- Up-to-date: /home/olympusolutions/senior_ws/install/minibot/share/minibot/config/mapper_params_online_async.yaml\n'}
[25.342144] (minibot) StdoutLine: {'line': b'-- Up-to-date: /home/olympusolutions/senior_ws/install/minibot/share/minibot/config/controller.yaml\n'}
[25.342348] (minibot) StdoutLine: {'line': b'-- Up-to-date: /home/olympusolutions/senior_ws/install/minibot/share/minibot/config/sim_config.rviz\n'}
[25.342456] (minibot) StdoutLine: {'line': b'-- Up-to-date: /home/olympusolutions/senior_ws/install/minibot/share/minibot/config/nav2_params.yaml\n'}
[25.342559] (minibot) StdoutLine: {'line': b'-- Up-to-date: /home/olympusolutions/senior_ws/install/minibot/share/minibot/config/joystick_params.yaml\n'}
[25.342717] (minibot) StdoutLine: {'line': b'-- Up-to-date: /home/olympusolutions/senior_ws/install/minibot/share/minibot/config/mapper_params_localization.yaml\n'}
[25.342848] (minibot) StdoutLine: {'line': b'-- Installing: /home/olympusolutions/senior_ws/install/minibot/lib/minibot/extender_teleop_node.py\n'}
[25.342937] (minibot) StdoutLine: {'line': b'-- Installing: /home/olympusolutions/senior_ws/install/minibot/lib/minibot/gripper_teleop_node.py\n'}
[25.343024] (minibot) StdoutLine: {'line': b'-- Installing: /home/olympusolutions/senior_ws/install/minibot/lib/minibot/platform_teleop_node.py\n'}
[25.343125] (minibot) StdoutLine: {'line': b'-- Installing: /home/olympusolutions/senior_ws/install/minibot/lib/minibot/linear_data_collector_node.py\n'}
[25.343245] (minibot) StdoutLine: {'line': b'-- Installing: /home/olympusolutions/senior_ws/install/minibot/lib/minibot/imu_publisher_node.py\n'}
[25.343360] (minibot) StdoutLine: {'line': b'-- Installing: /home/olympusolutions/senior_ws/install/minibot/lib/minibot/emergent_shutdown_node.py\n'}
[25.343480] (minibot) StdoutLine: {'line': b'-- Installing: /home/olympusolutions/senior_ws/install/minibot/share/ament_index/resource_index/package_run_dependencies/minibot\n'}
[25.343637] (minibot) StdoutLine: {'line': b'-- Installing: /home/olympusolutions/senior_ws/install/minibot/share/ament_index/resource_index/parent_prefix_path/minibot\n'}
[25.343834] (minibot) StdoutLine: {'line': b'-- Installing: /home/olympusolutions/senior_ws/install/minibot/share/minibot/environment/ament_prefix_path.sh\n'}
[25.344031] (minibot) StdoutLine: {'line': b'-- Installing: /home/olympusolutions/senior_ws/install/minibot/share/minibot/environment/ament_prefix_path.dsv\n'}
[25.344226] (minibot) StdoutLine: {'line': b'-- Installing: /home/olympusolutions/senior_ws/install/minibot/share/minibot/environment/path.sh\n'}
[25.344408] (minibot) StdoutLine: {'line': b'-- Installing: /home/olympusolutions/senior_ws/install/minibot/share/minibot/environment/path.dsv\n'}
[25.344576] (minibot) StdoutLine: {'line': b'-- Installing: /home/olympusolutions/senior_ws/install/minibot/share/minibot/local_setup.bash\n'}
[25.352035] (-) TimerEvent: {}
[25.352350] (minibot) StdoutLine: {'line': b'-- Installing: /home/olympusolutions/senior_ws/install/minibot/share/minibot/local_setup.sh\n'}
[25.352591] (minibot) StdoutLine: {'line': b'-- Installing: /home/olympusolutions/senior_ws/install/minibot/share/minibot/local_setup.zsh\n'}
[25.352829] (minibot) StdoutLine: {'line': b'-- Installing: /home/olympusolutions/senior_ws/install/minibot/share/minibot/local_setup.dsv\n'}
[25.353014] (minibot) StdoutLine: {'line': b'-- Installing: /home/olympusolutions/senior_ws/install/minibot/share/minibot/package.dsv\n'}
[25.353180] (minibot) StdoutLine: {'line': b'-- Installing: /home/olympusolutions/senior_ws/install/minibot/share/ament_index/resource_index/packages/minibot\n'}
[25.353410] (minibot) StdoutLine: {'line': b'-- Installing: /home/olympusolutions/senior_ws/install/minibot/share/minibot/cmake/minibotConfig.cmake\n'}
[25.353622] (minibot) StdoutLine: {'line': b'-- Installing: /home/olympusolutions/senior_ws/install/minibot/share/minibot/cmake/minibotConfig-version.cmake\n'}
[25.353849] (minibot) StdoutLine: {'line': b'-- Installing: /home/olympusolutions/senior_ws/install/minibot/share/minibot/package.xml\n'}
[25.365790] (minibot) CommandEnded: {'returncode': 0}
[25.406953] (sllidar_ros2) StdoutLine: {'line': b'-- Detecting C compiler ABI info\n'}
[25.437760] (minibot) JobEnded: {'identifier': 'minibot', 'rc': 0}
[25.438627] (twist_stamper) JobStarted: {'identifier': 'twist_stamper'}
[25.456028] (-) TimerEvent: {}
[25.556516] (-) TimerEvent: {}
[25.658168] (-) TimerEvent: {}
[25.758714] (-) TimerEvent: {}
[25.862100] (-) TimerEvent: {}
[25.964614] (-) TimerEvent: {}
[26.068886] (sllidar_ros2) StdoutLine: {'line': b'-- Detecting C compiler ABI info - done\n'}
[26.069290] (-) TimerEvent: {}
[26.142737] (sllidar_ros2) StdoutLine: {'line': b'-- Check for working C compiler: /usr/bin/cc - skipped\n'}
[26.143081] (sllidar_ros2) StdoutLine: {'line': b'-- Detecting C compile features\n'}
[26.148620] (sllidar_ros2) StdoutLine: {'line': b'-- Detecting C compile features - done\n'}
[26.171884] (-) TimerEvent: {}
[26.213563] (sllidar_ros2) StdoutLine: {'line': b'-- Detecting CXX compiler ABI info\n'}
[26.275305] (-) TimerEvent: {}
[26.377738] (-) TimerEvent: {}
[26.478177] (-) TimerEvent: {}
[26.580553] (-) TimerEvent: {}
[26.617074] (serial) StdoutLine: {'line': b'[ 14%] \x1b[32mBuilding CXX object CMakeFiles/serial.dir/src/impl/unix.cc.o\x1b[0m\n'}
[26.683222] (-) TimerEvent: {}
[26.758882] (serial_motor_demo_msgs) StdoutLine: {'line': b'[ 59%] \x1b[32mBuilding CXX object CMakeFiles/serial_motor_demo_msgs__rosidl_typesupport_fastrtps_c.dir/rosidl_typesupport_fastrtps_c/serial_motor_demo_msgs/msg/detail/encoder_vals__type_support_c.cpp.o\x1b[0m\n'}
[26.783365] (-) TimerEvent: {}
[26.827232] (sllidar_ros2) StdoutLine: {'line': b'-- Detecting CXX compiler ABI info - done\n'}
[26.870416] (sllidar_ros2) StdoutLine: {'line': b'-- Check for working CXX compiler: /usr/bin/c++ - skipped\n'}
[26.871527] (sllidar_ros2) StdoutLine: {'line': b'-- Detecting CXX compile features\n'}
[26.873050] (sllidar_ros2) StdoutLine: {'line': b'-- Detecting CXX compile features - done\n'}
[26.885754] (-) TimerEvent: {}
[26.892741] (sllidar_ros2) StdoutLine: {'line': b'-- Found ament_cmake: 2.5.3 (/opt/ros/jazzy/share/ament_cmake/cmake)\n'}
[26.985893] (-) TimerEvent: {}
[27.089897] (-) TimerEvent: {}
[27.190392] (-) TimerEvent: {}
[27.294768] (-) TimerEvent: {}
[27.395284] (-) TimerEvent: {}
[27.495762] (-) TimerEvent: {}
[27.596256] (-) TimerEvent: {}
[27.669767] (sllidar_ros2) StdoutLine: {'line': b'-- Found Python3: /usr/bin/python3 (found version "3.12.3") found components: Interpreter \n'}
[27.696383] (-) TimerEvent: {}
[27.798207] (-) TimerEvent: {}
[27.898872] (-) TimerEvent: {}
[28.005797] (-) TimerEvent: {}
[28.107860] (-) TimerEvent: {}
[28.208676] (-) TimerEvent: {}
[28.312850] (-) TimerEvent: {}
[28.413542] (-) TimerEvent: {}
[28.514279] (-) TimerEvent: {}
[28.591836] (sllidar_ros2) StdoutLine: {'line': b'-- Found rclcpp: 28.1.6 (/opt/ros/jazzy/share/rclcpp/cmake)\n'}
[28.614817] (-) TimerEvent: {}
[28.717809] (-) TimerEvent: {}
[28.727000] (serial) StdoutLine: {'line': b'[ 21%] \x1b[32mBuilding CXX object CMakeFiles/serial.dir/src/impl/list_ports/list_ports_linux.cc.o\x1b[0m\n'}
[28.820352] (-) TimerEvent: {}
[28.860995] (sllidar_ros2) StdoutLine: {'line': b'-- Found rosidl_generator_c: 4.6.5 (/opt/ros/jazzy/share/rosidl_generator_c/cmake)\n'}
[28.886193] (serial_motor_demo_msgs) StdoutLine: {'line': b'[ 61%] \x1b[32m\x1b[1mLinking CXX shared library libserial_motor_demo_msgs__rosidl_typesupport_fastrtps_c.so\x1b[0m\n'}
[28.921972] (-) TimerEvent: {}
[28.942755] (sllidar_ros2) StdoutLine: {'line': b'-- Found rosidl_generator_cpp: 4.6.5 (/opt/ros/jazzy/share/rosidl_generator_cpp/cmake)\n'}
[29.013221] (sllidar_ros2) StdoutLine: {'line': b'-- Using all available rosidl_typesupport_c: rosidl_typesupport_fastrtps_c;rosidl_typesupport_introspection_c\n'}
[29.022194] (-) TimerEvent: {}
[29.111125] (sllidar_ros2) StdoutLine: {'line': b'-- Using all available rosidl_typesupport_cpp: rosidl_typesupport_fastrtps_cpp;rosidl_typesupport_introspection_cpp\n'}
[29.122313] (-) TimerEvent: {}
[29.226151] (-) TimerEvent: {}
[29.328055] (-) TimerEvent: {}
[29.364176] (serial_motor_demo_msgs) StdoutLine: {'line': b'[ 61%] Built target serial_motor_demo_msgs__rosidl_typesupport_fastrtps_c\n'}
[29.428227] (-) TimerEvent: {}
[29.477147] (serial_motor_demo_msgs) StdoutLine: {'line': b'[ 62%] \x1b[34m\x1b[1mGenerating C++ type support dispatch for ROS interfaces\x1b[0m\n'}
[29.483834] (sllidar_ros2) StdoutLine: {'line': b'-- Found rmw_implementation_cmake: 7.3.1 (/opt/ros/jazzy/share/rmw_implementation_cmake/cmake)\n'}
[29.498264] (sllidar_ros2) StdoutLine: {'line': b'-- Found rmw_fastrtps_cpp: 8.4.1 (/opt/ros/jazzy/share/rmw_fastrtps_cpp/cmake)\n'}
[29.528432] (-) TimerEvent: {}
[29.632172] (-) TimerEvent: {}
[29.732814] (-) TimerEvent: {}
[29.833714] (-) TimerEvent: {}
[29.934322] (-) TimerEvent: {}
[30.040219] (-) TimerEvent: {}
[30.140954] (-) TimerEvent: {}
[30.156670] (sllidar_ros2) StdoutLine: {'line': b'-- Found OpenSSL: /usr/lib/aarch64-linux-gnu/libcrypto.so (found version "3.0.13")  \n'}
[30.241761] (-) TimerEvent: {}
[30.266526] (sllidar_ros2) StdoutLine: {'line': b'-- Found FastRTPS: /opt/ros/jazzy/include (Required is at least version "2.13") \n'}
[30.343791] (-) TimerEvent: {}
[30.404970] (sllidar_ros2) StdoutLine: {'line': b"-- Using RMW implementation 'rmw_fastrtps_cpp' as default\n"}
[30.443936] (-) TimerEvent: {}
[30.545838] (-) TimerEvent: {}
[30.646547] (-) TimerEvent: {}
[30.752840] (-) TimerEvent: {}
[30.807845] (serial_motor_demo_msgs) StdoutLine: {'line': b'[ 64%] \x1b[32mBuilding CXX object CMakeFiles/serial_motor_demo_msgs__rosidl_typesupport_cpp.dir/rosidl_typesupport_cpp/serial_motor_demo_msgs/msg/motor_command__type_support.cpp.o\x1b[0m\n'}
[30.832821] (sllidar_ros2) StdoutLine: {'line': b'-- Found sensor_msgs: 5.3.5 (/opt/ros/jazzy/share/sensor_msgs/cmake)\n'}
[30.853846] (-) TimerEvent: {}
[30.887292] (twist_stamper) Command: {'cmd': ['/usr/bin/python3', '-W', 'ignore:setup.py install is deprecated', '-W', 'ignore:easy_install command is deprecated', 'setup.py', 'egg_info', '--egg-base', '../../build/twist_stamper', 'build', '--build-base', '/home/olympusolutions/senior_ws/build/twist_stamper/build', 'install', '--record', '/home/olympusolutions/senior_ws/build/twist_stamper/install.log', '--single-version-externally-managed', 'install_data'], 'cwd': '/home/olympusolutions/senior_ws/src/twist_stamper', 'env': {'LESSOPEN': '| /usr/bin/lesspipe %s', 'USER': 'olympusolutions', 'GZ_CONFIG_PATH': '/opt/ros/jazzy/opt/gz_sim_vendor/share/gz:/opt/ros/jazzy/opt/sdformat_vendor/share/gz:/opt/ros/jazzy/opt/gz_gui_vendor/share/gz:/opt/ros/jazzy/opt/gz_transport_vendor/share/gz:/opt/ros/jazzy/opt/gz_rendering_vendor/share/gz:/opt/ros/jazzy/opt/gz_plugin_vendor/share/gz:/opt/ros/jazzy/opt/gz_fuel_tools_vendor/share/gz:/opt/ros/jazzy/opt/gz_msgs_vendor/share/gz:/opt/ros/jazzy/opt/gz_common_vendor/share/gz', 'XDG_SESSION_TYPE': 'wayland', 'SHLVL': '1', 'LD_LIBRARY_PATH': '/opt/ros/jazzy/opt/gz_sim_vendor/lib:/opt/ros/jazzy/opt/gz_sensors_vendor/lib:/opt/ros/jazzy/opt/gz_physics_vendor/lib:/opt/ros/jazzy/opt/sdformat_vendor/lib:/opt/ros/jazzy/opt/rviz_ogre_vendor/lib:/opt/ros/jazzy/lib/aarch64-linux-gnu:/opt/ros/jazzy/opt/gz_gui_vendor/lib:/opt/ros/jazzy/opt/gz_transport_vendor/lib:/opt/ros/jazzy/opt/gz_rendering_vendor/lib:/opt/ros/jazzy/opt/gz_plugin_vendor/lib:/opt/ros/jazzy/opt/gz_fuel_tools_vendor/lib:/opt/ros/jazzy/opt/gz_msgs_vendor/lib:/opt/ros/jazzy/opt/gz_common_vendor/lib:/opt/ros/jazzy/opt/gz_math_vendor/lib:/opt/ros/jazzy/opt/gz_utils_vendor/lib:/opt/ros/jazzy/opt/gz_tools_vendor/lib:/opt/ros/jazzy/opt/gz_ogre_next_vendor/lib:/opt/ros/jazzy/opt/gz_dartsim_vendor/lib:/opt/ros/jazzy/opt/gz_cmake_vendor/lib:/opt/ros/jazzy/lib', 'HOME': '/home/olympusolutions', 'OLDPWD': '/home/olympusolutions', 'DESKTOP_SESSION': 'ubuntu', 'ROS_PYTHON_VERSION': '3', 'GNOME_SHELL_SESSION_MODE': 'ubuntu', 'GTK_MODULES': 'gail:atk-bridge', 'SYSTEMD_EXEC_PID': '3022', 'GSM_SKIP_SSH_AGENT_WORKAROUND': 'true', 'DBUS_SESSION_BUS_ADDRESS': 'unix:path=/run/user/1002/bus', 'COLORTERM': 'truecolor', 'DEBUGINFOD_URLS': 'https://debuginfod.ubuntu.com', 'IM_CONFIG_PHASE': '1', 'WAYLAND_DISPLAY': 'wayland-0', 'ROS_DISTRO': 'jazzy', 'LOGNAME': 'olympusolutions', '_': '/usr/bin/colcon', 'ROS_VERSION': '2', 'MEMORY_PRESSURE_WATCH': '/sys/fs/cgroup/user.slice/user-1002.slice/user@1002.service/session.slice/org.gnome.Shell@wayland.service/memory.pressure', 'XDG_SESSION_CLASS': 'user', 'USERNAME': 'olympusolutions', 'TERM': 'xterm-256color', 'GNOME_DESKTOP_SESSION_ID': 'this-is-deprecated', 'PATH': '/opt/ros/jazzy/opt/gz_msgs_vendor/bin:/opt/ros/jazzy/opt/gz_tools_vendor/bin:/opt/ros/jazzy/opt/gz_ogre_next_vendor/bin:/opt/ros/jazzy/bin:/home/olympusolutions/.local/bin:/usr/local/sbin:/usr/local/bin:/usr/sbin:/usr/bin:/sbin:/bin:/usr/games:/usr/local/games:/snap/bin:/snap/bin', 'SESSION_MANAGER': 'local/olympusolutions-desktop:@/tmp/.ICE-unix/2977,unix/olympusolutions-desktop:/tmp/.ICE-unix/2977', 'XDG_MENU_PREFIX': 'gnome-', 'GNOME_TERMINAL_SCREEN': '/org/gnome/Terminal/screen/5426054a_44ad_4b3b_9be3_3f00634632e4', 'GNOME_SETUP_DISPLAY': ':1', 'XDG_RUNTIME_DIR': '/run/user/1002', 'DISPLAY': ':0', 'LANG': 'en_US.UTF-8', 'XDG_CURRENT_DESKTOP': 'ubuntu:GNOME', 'XMODIFIERS': '@im=ibus', 'XDG_SESSION_DESKTOP': 'ubuntu', 'XAUTHORITY': '/run/user/1002/.mutter-Xwaylandauth.ZJBY42', 'LS_COLORS': 'rs=0:di=01;34:ln=01;36:mh=00:pi=40;33:so=01;35:do=01;35:bd=40;33;01:cd=40;33;01:or=40;31;01:mi=00:su=37;41:sg=30;43:ca=00:tw=30;42:ow=34;42:st=37;44:ex=01;32:*.tar=01;31:*.tgz=01;31:*.arc=01;31:*.arj=01;31:*.taz=01;31:*.lha=01;31:*.lz4=01;31:*.lzh=01;31:*.lzma=01;31:*.tlz=01;31:*.txz=01;31:*.tzo=01;31:*.t7z=01;31:*.zip=01;31:*.z=01;31:*.dz=01;31:*.gz=01;31:*.lrz=01;31:*.lz=01;31:*.lzo=01;31:*.xz=01;31:*.zst=01;31:*.tzst=01;31:*.bz2=01;31:*.bz=01;31:*.tbz=01;31:*.tbz2=01;31:*.tz=01;31:*.deb=01;31:*.rpm=01;31:*.jar=01;31:*.war=01;31:*.ear=01;31:*.sar=01;31:*.rar=01;31:*.alz=01;31:*.ace=01;31:*.zoo=01;31:*.cpio=01;31:*.7z=01;31:*.rz=01;31:*.cab=01;31:*.wim=01;31:*.swm=01;31:*.dwm=01;31:*.esd=01;31:*.avif=01;35:*.jpg=01;35:*.jpeg=01;35:*.mjpg=01;35:*.mjpeg=01;35:*.gif=01;35:*.bmp=01;35:*.pbm=01;35:*.pgm=01;35:*.ppm=01;35:*.tga=01;35:*.xbm=01;35:*.xpm=01;35:*.tif=01;35:*.tiff=01;35:*.png=01;35:*.svg=01;35:*.svgz=01;35:*.mng=01;35:*.pcx=01;35:*.mov=01;35:*.mpg=01;35:*.mpeg=01;35:*.m2v=01;35:*.mkv=01;35:*.webm=01;35:*.webp=01;35:*.ogm=01;35:*.mp4=01;35:*.m4v=01;35:*.mp4v=01;35:*.vob=01;35:*.qt=01;35:*.nuv=01;35:*.wmv=01;35:*.asf=01;35:*.rm=01;35:*.rmvb=01;35:*.flc=01;35:*.avi=01;35:*.fli=01;35:*.flv=01;35:*.gl=01;35:*.dl=01;35:*.xcf=01;35:*.xwd=01;35:*.yuv=01;35:*.cgm=01;35:*.emf=01;35:*.ogv=01;35:*.ogx=01;35:*.aac=00;36:*.au=00;36:*.flac=00;36:*.m4a=00;36:*.mid=00;36:*.midi=00;36:*.mka=00;36:*.mp3=00;36:*.mpc=00;36:*.ogg=00;36:*.ra=00;36:*.wav=00;36:*.oga=00;36:*.opus=00;36:*.spx=00;36:*.xspf=00;36:*~=00;90:*#=00;90:*.bak=00;90:*.crdownload=00;90:*.dpkg-dist=00;90:*.dpkg-new=00;90:*.dpkg-old=00;90:*.dpkg-tmp=00;90:*.old=00;90:*.orig=00;90:*.part=00;90:*.rej=00;90:*.rpmnew=00;90:*.rpmorig=00;90:*.rpmsave=00;90:*.swp=00;90:*.tmp=00;90:*.ucf-dist=00;90:*.ucf-new=00;90:*.ucf-old=00;90:', 'GNOME_TERMINAL_SERVICE': ':1.150', 'SSH_AUTH_SOCK': '/run/user/1002/keyring/ssh', 'AMENT_PREFIX_PATH': '/opt/ros/jazzy', 'SHELL': '/bin/bash', 'QT_ACCESSIBILITY': '1', 'GDMSESSION': 'ubuntu', 'LESSCLOSE': '/usr/bin/lesspipe %s %s', 'ROS_AUTOMATIC_DISCOVERY_RANGE': 'SUBNET', 'QT_IM_MODULE': 'ibus', 'PWD': '/home/olympusolutions/senior_ws/build/twist_stamper', 'LC_ALL': 'en_US.UTF-8', 'XDG_CONFIG_DIRS': '/etc/xdg/xdg-ubuntu:/etc/xdg', 'XDG_DATA_DIRS': '/usr/share/ubuntu:/usr/share/gnome:/usr/local/share/:/usr/share/:/var/lib/snapd/desktop', 'PYTHONPATH': '/home/olympusolutions/senior_ws/build/twist_stamper/prefix_override:/usr/lib/python3/dist-packages/colcon_core/task/python/colcon_distutils_commands:/home/olympusolutions/senior_ws/install/twist_stamper/lib/python3.12/site-packages:/opt/ros/jazzy/lib/python3.12/site-packages', 'COLCON': '1', 'MEMORY_PRESSURE_WRITE': 'c29tZSAyMDAwMDAgMjAwMDAwMAA=', 'VTE_VERSION': '7600', 'CMAKE_PREFIX_PATH': '/opt/ros/jazzy/opt/gz_sim_vendor:/opt/ros/jazzy/opt/gz_sensors_vendor:/opt/ros/jazzy/opt/gz_physics_vendor:/opt/ros/jazzy/opt/sdformat_vendor:/opt/ros/jazzy/opt/gz_gui_vendor:/opt/ros/jazzy/opt/gz_transport_vendor:/opt/ros/jazzy/opt/gz_rendering_vendor:/opt/ros/jazzy/opt/gz_plugin_vendor:/opt/ros/jazzy/opt/gz_fuel_tools_vendor:/opt/ros/jazzy/opt/gz_msgs_vendor:/opt/ros/jazzy/opt/gz_common_vendor:/opt/ros/jazzy/opt/gz_math_vendor:/opt/ros/jazzy/opt/gz_utils_vendor:/opt/ros/jazzy/opt/gz_tools_vendor:/opt/ros/jazzy/opt/gz_ogre_next_vendor:/opt/ros/jazzy/opt/gz_dartsim_vendor:/opt/ros/jazzy/opt/gz_cmake_vendor'}, 'shell': False}
[30.957055] (-) TimerEvent: {}
[31.057735] (-) TimerEvent: {}
[31.160812] (-) TimerEvent: {}
[31.242040] (sllidar_ros2) StdoutLine: {'line': b'-- Found std_srvs: 5.3.5 (/opt/ros/jazzy/share/std_srvs/cmake)\n'}
[31.261003] (-) TimerEvent: {}
[31.363836] (-) TimerEvent: {}
[31.468795] (-) TimerEvent: {}
[31.575088] (-) TimerEvent: {}
[31.654213] (serial) StdoutLine: {'line': b'[ 28%] \x1b[32m\x1b[1mLinking CXX static library libserial.a\x1b[0m\n'}
[31.676779] (-) TimerEvent: {}
[31.777917] (-) TimerEvent: {}
[31.883152] (-) TimerEvent: {}
[31.958928] (serial) StdoutLine: {'line': b'[ 28%] Built target serial\n'}
[31.983324] (-) TimerEvent: {}
[32.011946] (sllidar_ros2) StdoutLine: {'line': b'-- Configuring done (7.1s)\n'}
[32.084477] (-) TimerEvent: {}
[32.142767] (sllidar_ros2) StdoutLine: {'line': b'-- Generating done (0.1s)\n'}
[32.143227] (serial) StdoutLine: {'line': b'[ 35%] \x1b[32mBuilding CXX object gtest/CMakeFiles/gtest.dir/src/gtest-all.cc.o\x1b[0m\n'}
[32.176138] (sllidar_ros2) StdoutLine: {'line': b'-- Build files have been written to: /home/olympusolutions/senior_ws/build/sllidar_ros2\n'}
[32.185663] (-) TimerEvent: {}
[32.290099] (-) TimerEvent: {}
[32.313260] (sllidar_ros2) CommandEnded: {'returncode': 0}
[32.314115] (sllidar_ros2) JobProgress: {'identifier': 'sllidar_ros2', 'progress': 'build'}
[32.314185] (sllidar_ros2) Command: {'cmd': ['/usr/bin/cmake', '--build', '/home/olympusolutions/senior_ws/build/sllidar_ros2', '--', '-j4', '-l4'], 'cwd': '/home/olympusolutions/senior_ws/build/sllidar_ros2', 'env': OrderedDict({'LESSOPEN': '| /usr/bin/lesspipe %s', 'USER': 'olympusolutions', 'GZ_CONFIG_PATH': '/opt/ros/jazzy/opt/gz_sim_vendor/share/gz:/opt/ros/jazzy/opt/sdformat_vendor/share/gz:/opt/ros/jazzy/opt/gz_gui_vendor/share/gz:/opt/ros/jazzy/opt/gz_transport_vendor/share/gz:/opt/ros/jazzy/opt/gz_rendering_vendor/share/gz:/opt/ros/jazzy/opt/gz_plugin_vendor/share/gz:/opt/ros/jazzy/opt/gz_fuel_tools_vendor/share/gz:/opt/ros/jazzy/opt/gz_msgs_vendor/share/gz:/opt/ros/jazzy/opt/gz_common_vendor/share/gz', 'XDG_SESSION_TYPE': 'wayland', 'SHLVL': '1', 'LD_LIBRARY_PATH': '/opt/ros/jazzy/opt/gz_sim_vendor/lib:/opt/ros/jazzy/opt/gz_sensors_vendor/lib:/opt/ros/jazzy/opt/gz_physics_vendor/lib:/opt/ros/jazzy/opt/sdformat_vendor/lib:/opt/ros/jazzy/opt/rviz_ogre_vendor/lib:/opt/ros/jazzy/lib/aarch64-linux-gnu:/opt/ros/jazzy/opt/gz_gui_vendor/lib:/opt/ros/jazzy/opt/gz_transport_vendor/lib:/opt/ros/jazzy/opt/gz_rendering_vendor/lib:/opt/ros/jazzy/opt/gz_plugin_vendor/lib:/opt/ros/jazzy/opt/gz_fuel_tools_vendor/lib:/opt/ros/jazzy/opt/gz_msgs_vendor/lib:/opt/ros/jazzy/opt/gz_common_vendor/lib:/opt/ros/jazzy/opt/gz_math_vendor/lib:/opt/ros/jazzy/opt/gz_utils_vendor/lib:/opt/ros/jazzy/opt/gz_tools_vendor/lib:/opt/ros/jazzy/opt/gz_ogre_next_vendor/lib:/opt/ros/jazzy/opt/gz_dartsim_vendor/lib:/opt/ros/jazzy/opt/gz_cmake_vendor/lib:/opt/ros/jazzy/lib', 'HOME': '/home/olympusolutions', 'OLDPWD': '/home/olympusolutions', 'DESKTOP_SESSION': 'ubuntu', 'ROS_PYTHON_VERSION': '3', 'GNOME_SHELL_SESSION_MODE': 'ubuntu', 'GTK_MODULES': 'gail:atk-bridge', 'SYSTEMD_EXEC_PID': '3022', 'GSM_SKIP_SSH_AGENT_WORKAROUND': 'true', 'DBUS_SESSION_BUS_ADDRESS': 'unix:path=/run/user/1002/bus', 'COLORTERM': 'truecolor', 'DEBUGINFOD_URLS': 'https://debuginfod.ubuntu.com', 'IM_CONFIG_PHASE': '1', 'WAYLAND_DISPLAY': 'wayland-0', 'ROS_DISTRO': 'jazzy', 'LOGNAME': 'olympusolutions', '_': '/usr/bin/colcon', 'ROS_VERSION': '2', 'MEMORY_PRESSURE_WATCH': '/sys/fs/cgroup/user.slice/user-1002.slice/user@1002.service/session.slice/org.gnome.Shell@wayland.service/memory.pressure', 'XDG_SESSION_CLASS': 'user', 'USERNAME': 'olympusolutions', 'TERM': 'xterm-256color', 'GNOME_DESKTOP_SESSION_ID': 'this-is-deprecated', 'PATH': '/opt/ros/jazzy/opt/gz_msgs_vendor/bin:/opt/ros/jazzy/opt/gz_tools_vendor/bin:/opt/ros/jazzy/opt/gz_ogre_next_vendor/bin:/opt/ros/jazzy/bin:/home/olympusolutions/.local/bin:/usr/local/sbin:/usr/local/bin:/usr/sbin:/usr/bin:/sbin:/bin:/usr/games:/usr/local/games:/snap/bin:/snap/bin', 'SESSION_MANAGER': 'local/olympusolutions-desktop:@/tmp/.ICE-unix/2977,unix/olympusolutions-desktop:/tmp/.ICE-unix/2977', 'XDG_MENU_PREFIX': 'gnome-', 'GNOME_TERMINAL_SCREEN': '/org/gnome/Terminal/screen/5426054a_44ad_4b3b_9be3_3f00634632e4', 'GNOME_SETUP_DISPLAY': ':1', 'XDG_RUNTIME_DIR': '/run/user/1002', 'DISPLAY': ':0', 'LANG': 'en_US.UTF-8', 'XDG_CURRENT_DESKTOP': 'ubuntu:GNOME', 'XMODIFIERS': '@im=ibus', 'XDG_SESSION_DESKTOP': 'ubuntu', 'XAUTHORITY': '/run/user/1002/.mutter-Xwaylandauth.ZJBY42', 'LS_COLORS': 'rs=0:di=01;34:ln=01;36:mh=00:pi=40;33:so=01;35:do=01;35:bd=40;33;01:cd=40;33;01:or=40;31;01:mi=00:su=37;41:sg=30;43:ca=00:tw=30;42:ow=34;42:st=37;44:ex=01;32:*.tar=01;31:*.tgz=01;31:*.arc=01;31:*.arj=01;31:*.taz=01;31:*.lha=01;31:*.lz4=01;31:*.lzh=01;31:*.lzma=01;31:*.tlz=01;31:*.txz=01;31:*.tzo=01;31:*.t7z=01;31:*.zip=01;31:*.z=01;31:*.dz=01;31:*.gz=01;31:*.lrz=01;31:*.lz=01;31:*.lzo=01;31:*.xz=01;31:*.zst=01;31:*.tzst=01;31:*.bz2=01;31:*.bz=01;31:*.tbz=01;31:*.tbz2=01;31:*.tz=01;31:*.deb=01;31:*.rpm=01;31:*.jar=01;31:*.war=01;31:*.ear=01;31:*.sar=01;31:*.rar=01;31:*.alz=01;31:*.ace=01;31:*.zoo=01;31:*.cpio=01;31:*.7z=01;31:*.rz=01;31:*.cab=01;31:*.wim=01;31:*.swm=01;31:*.dwm=01;31:*.esd=01;31:*.avif=01;35:*.jpg=01;35:*.jpeg=01;35:*.mjpg=01;35:*.mjpeg=01;35:*.gif=01;35:*.bmp=01;35:*.pbm=01;35:*.pgm=01;35:*.ppm=01;35:*.tga=01;35:*.xbm=01;35:*.xpm=01;35:*.tif=01;35:*.tiff=01;35:*.png=01;35:*.svg=01;35:*.svgz=01;35:*.mng=01;35:*.pcx=01;35:*.mov=01;35:*.mpg=01;35:*.mpeg=01;35:*.m2v=01;35:*.mkv=01;35:*.webm=01;35:*.webp=01;35:*.ogm=01;35:*.mp4=01;35:*.m4v=01;35:*.mp4v=01;35:*.vob=01;35:*.qt=01;35:*.nuv=01;35:*.wmv=01;35:*.asf=01;35:*.rm=01;35:*.rmvb=01;35:*.flc=01;35:*.avi=01;35:*.fli=01;35:*.flv=01;35:*.gl=01;35:*.dl=01;35:*.xcf=01;35:*.xwd=01;35:*.yuv=01;35:*.cgm=01;35:*.emf=01;35:*.ogv=01;35:*.ogx=01;35:*.aac=00;36:*.au=00;36:*.flac=00;36:*.m4a=00;36:*.mid=00;36:*.midi=00;36:*.mka=00;36:*.mp3=00;36:*.mpc=00;36:*.ogg=00;36:*.ra=00;36:*.wav=00;36:*.oga=00;36:*.opus=00;36:*.spx=00;36:*.xspf=00;36:*~=00;90:*#=00;90:*.bak=00;90:*.crdownload=00;90:*.dpkg-dist=00;90:*.dpkg-new=00;90:*.dpkg-old=00;90:*.dpkg-tmp=00;90:*.old=00;90:*.orig=00;90:*.part=00;90:*.rej=00;90:*.rpmnew=00;90:*.rpmorig=00;90:*.rpmsave=00;90:*.swp=00;90:*.tmp=00;90:*.ucf-dist=00;90:*.ucf-new=00;90:*.ucf-old=00;90:', 'GNOME_TERMINAL_SERVICE': ':1.150', 'SSH_AUTH_SOCK': '/run/user/1002/keyring/ssh', 'AMENT_PREFIX_PATH': '/opt/ros/jazzy', 'SHELL': '/bin/bash', 'QT_ACCESSIBILITY': '1', 'GDMSESSION': 'ubuntu', 'LESSCLOSE': '/usr/bin/lesspipe %s %s', 'ROS_AUTOMATIC_DISCOVERY_RANGE': 'SUBNET', 'QT_IM_MODULE': 'ibus', 'PWD': '/home/olympusolutions/senior_ws/build/sllidar_ros2', 'LC_ALL': 'en_US.UTF-8', 'XDG_CONFIG_DIRS': '/etc/xdg/xdg-ubuntu:/etc/xdg', 'XDG_DATA_DIRS': '/usr/share/ubuntu:/usr/share/gnome:/usr/local/share/:/usr/share/:/var/lib/snapd/desktop', 'PYTHONPATH': '/opt/ros/jazzy/lib/python3.12/site-packages', 'COLCON': '1', 'MEMORY_PRESSURE_WRITE': 'c29tZSAyMDAwMDAgMjAwMDAwMAA=', 'VTE_VERSION': '7600', 'CMAKE_PREFIX_PATH': '/opt/ros/jazzy/opt/gz_sim_vendor:/opt/ros/jazzy/opt/gz_sensors_vendor:/opt/ros/jazzy/opt/gz_physics_vendor:/opt/ros/jazzy/opt/sdformat_vendor:/opt/ros/jazzy/opt/gz_gui_vendor:/opt/ros/jazzy/opt/gz_transport_vendor:/opt/ros/jazzy/opt/gz_rendering_vendor:/opt/ros/jazzy/opt/gz_plugin_vendor:/opt/ros/jazzy/opt/gz_fuel_tools_vendor:/opt/ros/jazzy/opt/gz_msgs_vendor:/opt/ros/jazzy/opt/gz_common_vendor:/opt/ros/jazzy/opt/gz_math_vendor:/opt/ros/jazzy/opt/gz_utils_vendor:/opt/ros/jazzy/opt/gz_tools_vendor:/opt/ros/jazzy/opt/gz_ogre_next_vendor:/opt/ros/jazzy/opt/gz_dartsim_vendor:/opt/ros/jazzy/opt/gz_cmake_vendor:/opt/ros/jazzy'}), 'shell': False}
[32.395834] (-) TimerEvent: {}
[32.498394] (-) TimerEvent: {}
[32.603451] (-) TimerEvent: {}
[32.704141] (-) TimerEvent: {}
[32.769893] (sllidar_ros2) StdoutLine: {'line': b'[  5%] \x1b[32mBuilding CXX object CMakeFiles/sllidar_node.dir/src/sllidar_node.cpp.o\x1b[0m\n'}
[32.809326] (-) TimerEvent: {}
[32.885595] (twist_stamper) StdoutLine: {'line': b'running egg_info\n'}
[32.887265] (twist_stamper) StdoutLine: {'line': b'creating ../../build/twist_stamper/twist_stamper.egg-info\n'}
[32.909475] (-) TimerEvent: {}
[32.965787] (serial_motor_demo_msgs) StdoutLine: {'line': b'[ 66%] \x1b[32mBuilding CXX object CMakeFiles/serial_motor_demo_msgs__rosidl_typesupport_cpp.dir/rosidl_typesupport_cpp/serial_motor_demo_msgs/msg/encoder_vals__type_support.cpp.o\x1b[0m\n'}
[32.974027] (twist_stamper) StdoutLine: {'line': b'writing ../../build/twist_stamper/twist_stamper.egg-info/PKG-INFO\n'}
[32.977180] (twist_stamper) StdoutLine: {'line': b'writing dependency_links to ../../build/twist_stamper/twist_stamper.egg-info/dependency_links.txt\n'}
[32.982799] (twist_stamper) StdoutLine: {'line': b'writing entry points to ../../build/twist_stamper/twist_stamper.egg-info/entry_points.txt\n'}
[32.985307] (twist_stamper) StdoutLine: {'line': b'writing requirements to ../../build/twist_stamper/twist_stamper.egg-info/requires.txt\n'}
[32.986961] (twist_stamper) StdoutLine: {'line': b'writing top-level names to ../../build/twist_stamper/twist_stamper.egg-info/top_level.txt\n'}
[32.987294] (twist_stamper) StdoutLine: {'line': b"writing manifest file '../../build/twist_stamper/twist_stamper.egg-info/SOURCES.txt'\n"}
[33.010036] (-) TimerEvent: {}
[33.114536] (-) TimerEvent: {}
[33.181267] (twist_stamper) StdoutLine: {'line': b"reading manifest file '../../build/twist_stamper/twist_stamper.egg-info/SOURCES.txt'\n"}
[33.184800] (twist_stamper) StdoutLine: {'line': b"adding license file 'LICENSE'\n"}
[33.186262] (twist_stamper) StdoutLine: {'line': b"writing manifest file '../../build/twist_stamper/twist_stamper.egg-info/SOURCES.txt'\n"}
[33.188773] (twist_stamper) StdoutLine: {'line': b'running build\n'}
[33.189259] (twist_stamper) StdoutLine: {'line': b'running build_py\n'}
[33.189449] (twist_stamper) StdoutLine: {'line': b'creating /home/olympusolutions/senior_ws/build/twist_stamper/build\n'}
[33.192470] (twist_stamper) StdoutLine: {'line': b'creating /home/olympusolutions/senior_ws/build/twist_stamper/build/lib\n'}
[33.192889] (twist_stamper) StdoutLine: {'line': b'creating /home/olympusolutions/senior_ws/build/twist_stamper/build/lib/twist_stamper\n'}
[33.193675] (twist_stamper) StdoutLine: {'line': b'copying twist_stamper/__init__.py -> /home/olympusolutions/senior_ws/build/twist_stamper/build/lib/twist_stamper\n'}
[33.200042] (twist_stamper) StdoutLine: {'line': b'copying twist_stamper/twist_stamper.py -> /home/olympusolutions/senior_ws/build/twist_stamper/build/lib/twist_stamper\n'}
[33.201758] (twist_stamper) StdoutLine: {'line': b'copying twist_stamper/twist_unstamper.py -> /home/olympusolutions/senior_ws/build/twist_stamper/build/lib/twist_stamper\n'}
[33.203761] (twist_stamper) StdoutLine: {'line': b'running install\n'}
[33.215807] (-) TimerEvent: {}
[33.223788] (twist_stamper) StdoutLine: {'line': b'running install_lib\n'}
[33.318798] (-) TimerEvent: {}
[33.409838] (twist_stamper) StdoutLine: {'line': b'creating /home/olympusolutions/senior_ws/install/twist_stamper/lib/python3.12/site-packages/twist_stamper\n'}
[33.410889] (twist_stamper) StdoutLine: {'line': b'copying /home/olympusolutions/senior_ws/build/twist_stamper/build/lib/twist_stamper/__init__.py -> /home/olympusolutions/senior_ws/install/twist_stamper/lib/python3.12/site-packages/twist_stamper\n'}
[33.412864] (twist_stamper) StdoutLine: {'line': b'copying /home/olympusolutions/senior_ws/build/twist_stamper/build/lib/twist_stamper/twist_stamper.py -> /home/olympusolutions/senior_ws/install/twist_stamper/lib/python3.12/site-packages/twist_stamper\n'}
[33.420840] (twist_stamper) StdoutLine: {'line': b'copying /home/olympusolutions/senior_ws/build/twist_stamper/build/lib/twist_stamper/twist_unstamper.py -> /home/olympusolutions/senior_ws/install/twist_stamper/lib/python3.12/site-packages/twist_stamper\n'}
[33.421411] (-) TimerEvent: {}
[33.422558] (twist_stamper) StdoutLine: {'line': b'byte-compiling /home/olympusolutions/senior_ws/install/twist_stamper/lib/python3.12/site-packages/twist_stamper/__init__.py to __init__.cpython-312.pyc\n'}
[33.432783] (twist_stamper) StdoutLine: {'line': b'byte-compiling /home/olympusolutions/senior_ws/install/twist_stamper/lib/python3.12/site-packages/twist_stamper/twist_stamper.py to twist_stamper.cpython-312.pyc\n'}
[33.438822] (twist_stamper) StdoutLine: {'line': b'byte-compiling /home/olympusolutions/senior_ws/install/twist_stamper/lib/python3.12/site-packages/twist_stamper/twist_unstamper.py to twist_unstamper.cpython-312.pyc\n'}
[33.441869] (twist_stamper) StdoutLine: {'line': b'running install_data\n'}
[33.443865] (twist_stamper) StdoutLine: {'line': b'creating /home/olympusolutions/senior_ws/install/twist_stamper/share/ament_index\n'}
[33.444300] (twist_stamper) StdoutLine: {'line': b'creating /home/olympusolutions/senior_ws/install/twist_stamper/share/ament_index/resource_index\n'}
[33.447102] (twist_stamper) StdoutLine: {'line': b'creating /home/olympusolutions/senior_ws/install/twist_stamper/share/ament_index/resource_index/packages\n'}
[33.448147] (twist_stamper) StdoutLine: {'line': b'copying resource/twist_stamper -> /home/olympusolutions/senior_ws/install/twist_stamper/share/ament_index/resource_index/packages\n'}
[33.453198] (twist_stamper) StdoutLine: {'line': b'copying package.xml -> /home/olympusolutions/senior_ws/install/twist_stamper/share/twist_stamper\n'}
[33.455095] (twist_stamper) StdoutLine: {'line': b'running install_egg_info\n'}
[33.527743] (-) TimerEvent: {}
[33.603917] (twist_stamper) StdoutLine: {'line': b'Copying ../../build/twist_stamper/twist_stamper.egg-info to /home/olympusolutions/senior_ws/install/twist_stamper/lib/python3.12/site-packages/twist_stamper-0.0.5-py3.12.egg-info\n'}
[33.614922] (twist_stamper) StdoutLine: {'line': b'running install_scripts\n'}
[33.628834] (-) TimerEvent: {}
[33.729475] (-) TimerEvent: {}
[33.831094] (-) TimerEvent: {}
[33.934223] (-) TimerEvent: {}
[34.034974] (-) TimerEvent: {}
[34.140152] (-) TimerEvent: {}
[34.245781] (-) TimerEvent: {}
[34.348773] (-) TimerEvent: {}
[34.413770] (serial_motor_demo_msgs) StdoutLine: {'line': b'[ 68%] \x1b[32mBuilding CXX object CMakeFiles/serial_motor_demo_msgs__rosidl_typesupport_cpp.dir/rosidl_typesupport_cpp/serial_motor_demo_msgs/msg/motor_vels__type_support.cpp.o\x1b[0m\n'}
[34.448948] (-) TimerEvent: {}
[34.549892] (-) TimerEvent: {}
[34.651615] (-) TimerEvent: {}
[34.753107] (-) TimerEvent: {}
[34.856215] (-) TimerEvent: {}
[34.956953] (-) TimerEvent: {}
[35.054049] (twist_stamper) StdoutLine: {'line': b'Installing twist_stamper script to /home/olympusolutions/senior_ws/install/twist_stamper/lib/twist_stamper\n'}
[35.058107] (twist_stamper) StdoutLine: {'line': b'Installing twist_unstamper script to /home/olympusolutions/senior_ws/install/twist_stamper/lib/twist_stamper\n'}
[35.058588] (-) TimerEvent: {}
[35.064502] (twist_stamper) StdoutLine: {'line': b"writing list of installed files to '/home/olympusolutions/senior_ws/build/twist_stamper/install.log'\n"}
[35.158874] (-) TimerEvent: {}
[35.263845] (-) TimerEvent: {}
[35.364519] (-) TimerEvent: {}
[35.392926] (twist_stamper) CommandEnded: {'returncode': 0}
[35.449811] (twist_stamper) JobEnded: {'identifier': 'twist_stamper', 'rc': 0}
[35.464886] (-) TimerEvent: {}
[35.568901] (-) TimerEvent: {}
[35.673888] (-) TimerEvent: {}
[35.780087] (-) TimerEvent: {}
[35.880819] (-) TimerEvent: {}
[35.987370] (-) TimerEvent: {}
[36.088455] (-) TimerEvent: {}
[36.189253] (-) TimerEvent: {}
[36.266839] (serial_motor_demo_msgs) StdoutLine: {'line': b'[ 70%] \x1b[32m\x1b[1mLinking CXX shared library libserial_motor_demo_msgs__rosidl_typesupport_cpp.so\x1b[0m\n'}
[36.289457] (-) TimerEvent: {}
[36.396149] (-) TimerEvent: {}
[36.449637] (serial_motor_demo_msgs) StdoutLine: {'line': b'[ 70%] Built target serial_motor_demo_msgs__rosidl_typesupport_cpp\n'}
[36.496352] (-) TimerEvent: {}
[36.502413] (serial_motor_demo_msgs) StdoutLine: {'line': b'[ 72%] \x1b[34m\x1b[1mGenerating C++ introspection for ROS interfaces\x1b[0m\n'}
[36.598798] (-) TimerEvent: {}
[36.700540] (-) TimerEvent: {}
[36.801262] (-) TimerEvent: {}
[36.904983] (-) TimerEvent: {}
[37.009152] (-) TimerEvent: {}
[37.109887] (-) TimerEvent: {}
[37.210525] (-) TimerEvent: {}
[37.315197] (-) TimerEvent: {}
[37.415826] (-) TimerEvent: {}
[37.521129] (-) TimerEvent: {}
[37.623819] (-) TimerEvent: {}
[37.725303] (-) TimerEvent: {}
[37.813998] (serial_motor_demo_msgs) StdoutLine: {'line': b'[ 74%] \x1b[32mBuilding CXX object CMakeFiles/serial_motor_demo_msgs__rosidl_typesupport_introspection_cpp.dir/rosidl_typesupport_introspection_cpp/serial_motor_demo_msgs/msg/detail/motor_command__type_support.cpp.o\x1b[0m\n'}
[37.828805] (-) TimerEvent: {}
[37.929555] (-) TimerEvent: {}
[38.035135] (-) TimerEvent: {}
[38.135936] (-) TimerEvent: {}
[38.236773] (-) TimerEvent: {}
[38.339026] (-) TimerEvent: {}
[38.439750] (-) TimerEvent: {}
[38.540975] (-) TimerEvent: {}
[38.642743] (-) TimerEvent: {}
[38.745217] (-) TimerEvent: {}
[38.845697] (-) TimerEvent: {}
[38.935555] (serial_motor_demo_msgs) StdoutLine: {'line': b'[ 75%] \x1b[32mBuilding CXX object CMakeFiles/serial_motor_demo_msgs__rosidl_typesupport_introspection_cpp.dir/rosidl_typesupport_introspection_cpp/serial_motor_demo_msgs/msg/detail/encoder_vals__type_support.cpp.o\x1b[0m\n'}
[38.948774] (-) TimerEvent: {}
[39.049286] (-) TimerEvent: {}
[39.149821] (-) TimerEvent: {}
[39.250270] (-) TimerEvent: {}
[39.350744] (-) TimerEvent: {}
[39.454051] (-) TimerEvent: {}
[39.554534] (-) TimerEvent: {}
[39.569858] (serial_motor_demo_msgs) StdoutLine: {'line': b'[ 77%] \x1b[32mBuilding CXX object CMakeFiles/serial_motor_demo_msgs__rosidl_typesupport_introspection_cpp.dir/rosidl_typesupport_introspection_cpp/serial_motor_demo_msgs/msg/detail/motor_vels__type_support.cpp.o\x1b[0m\n'}
[39.654680] (-) TimerEvent: {}
[39.755949] (-) TimerEvent: {}
[39.858748] (-) TimerEvent: {}
[39.959172] (-) TimerEvent: {}
[40.059588] (-) TimerEvent: {}
[40.160024] (-) TimerEvent: {}
[40.196911] (serial_motor_demo_msgs) StdoutLine: {'line': b'[ 79%] \x1b[32m\x1b[1mLinking CXX shared library libserial_motor_demo_msgs__rosidl_typesupport_introspection_cpp.so\x1b[0m\n'}
[40.260183] (-) TimerEvent: {}
[40.301463] (serial_motor_demo_msgs) StdoutLine: {'line': b'[ 79%] Built target serial_motor_demo_msgs__rosidl_typesupport_introspection_cpp\n'}
[40.349837] (serial_motor_demo_msgs) StdoutLine: {'line': b'[ 79%] Built target serial_motor_demo_msgs\n'}
[40.360312] (-) TimerEvent: {}
[40.401338] (serial_motor_demo_msgs) StdoutLine: {'line': b'[ 81%] \x1b[34m\x1b[1mGenerating Python code for ROS interfaces\x1b[0m\n'}
[40.460495] (-) TimerEvent: {}
[40.560998] (-) TimerEvent: {}
[40.661419] (-) TimerEvent: {}
[40.761840] (-) TimerEvent: {}
[40.862244] (-) TimerEvent: {}
[40.962708] (-) TimerEvent: {}
[41.026537] (sllidar_ros2) StderrLine: {'line': b'In file included from \x1b[01m\x1b[K/home/olympusolutions/senior_ws/src/sllidar_ros2/./sdk/include/sl_lidar_cmd.h:41\x1b[m\x1b[K,\n'}
[41.026886] (sllidar_ros2) StderrLine: {'line': b'                 from \x1b[01m\x1b[K/home/olympusolutions/senior_ws/src/sllidar_ros2/./sdk/include/sl_lidar_driver.h:54\x1b[m\x1b[K,\n'}
[41.027019] (sllidar_ros2) StderrLine: {'line': b'                 from \x1b[01m\x1b[K/home/olympusolutions/senior_ws/src/sllidar_ros2/./sdk/include/sl_lidar.h:36\x1b[m\x1b[K,\n'}
[41.027151] (sllidar_ros2) StderrLine: {'line': b'                 from \x1b[01m\x1b[K/home/olympusolutions/senior_ws/src/sllidar_ros2/src/sllidar_node.cpp:38\x1b[m\x1b[K:\n'}
[41.027256] (sllidar_ros2) StderrLine: {'line': b'\x1b[01m\x1b[K/home/olympusolutions/senior_ws/src/sllidar_ros2/./sdk/include/sl_lidar_protocol.h:66:16:\x1b[m\x1b[K \x1b[01;35m\x1b[Kwarning: \x1b[m\x1b[KISO C++ forbids zero-size array \xe2\x80\x98\x1b[01m\x1b[Kdata\x1b[m\x1b[K\xe2\x80\x99 [\x1b[01;35m\x1b[K\x1b]8;;https://gcc.gnu.org/onlinedocs/gcc/Warning-Options.html#index-Wpedantic\x07-Wpedantic\x1b]8;;\x07\x1b[m\x1b[K]\n'}
[41.027354] (sllidar_ros2) StderrLine: {'line': b'   66 |     sl_u8 data[\x1b[01;35m\x1b[K0\x1b[m\x1b[K];\n'}
[41.027449] (sllidar_ros2) StderrLine: {'line': b'      |                \x1b[01;35m\x1b[K^\x1b[m\x1b[K\n'}
[41.027667] (sllidar_ros2) StderrLine: {'line': b'\x1b[01m\x1b[K/home/olympusolutions/senior_ws/src/sllidar_ros2/./sdk/include/sl_lidar_cmd.h:324:20:\x1b[m\x1b[K \x1b[01;35m\x1b[Kwarning: \x1b[m\x1b[KISO C++ forbids zero-size array \xe2\x80\x98\x1b[01m\x1b[Kpayload\x1b[m\x1b[K\xe2\x80\x99 [\x1b[01;35m\x1b[K\x1b]8;;https://gcc.gnu.org/onlinedocs/gcc/Warning-Options.html#index-Wpedantic\x07-Wpedantic\x1b]8;;\x07\x1b[m\x1b[K]\n'}
[41.027866] (sllidar_ros2) StderrLine: {'line': b'  324 |     sl_u8  payload[\x1b[01;35m\x1b[K0\x1b[m\x1b[K];\n'}
[41.027976] (sllidar_ros2) StderrLine: {'line': b'      |                    \x1b[01;35m\x1b[K^\x1b[m\x1b[K\n'}
[41.062855] (-) TimerEvent: {}
[41.165970] (-) TimerEvent: {}
[41.266508] (-) TimerEvent: {}
[41.331074] (serial_motor_demo_msgs) StdoutLine: {'line': b'[ 81%] Built target serial_motor_demo_msgs__py\n'}
[41.366723] (-) TimerEvent: {}
[41.389751] (serial_motor_demo_msgs) StdoutLine: {'line': b'[ 83%] \x1b[32mBuilding C object CMakeFiles/serial_motor_demo_msgs__rosidl_generator_py.dir/rosidl_generator_py/serial_motor_demo_msgs/msg/_motor_command_s.c.o\x1b[0m\n'}
[41.466836] (-) TimerEvent: {}
[41.567504] (-) TimerEvent: {}
[41.670784] (-) TimerEvent: {}
[41.684834] (serial_motor_demo_msgs) StdoutLine: {'line': b'[ 85%] \x1b[32mBuilding C object CMakeFiles/serial_motor_demo_msgs__rosidl_generator_py.dir/rosidl_generator_py/serial_motor_demo_msgs/msg/_encoder_vals_s.c.o\x1b[0m\n'}
[41.770918] (-) TimerEvent: {}
[41.871350] (-) TimerEvent: {}
[41.915101] (serial_motor_demo_msgs) StdoutLine: {'line': b'[ 87%] \x1b[32mBuilding C object CMakeFiles/serial_motor_demo_msgs__rosidl_generator_py.dir/rosidl_generator_py/serial_motor_demo_msgs/msg/_motor_vels_s.c.o\x1b[0m\n'}
[41.971489] (-) TimerEvent: {}
[42.071960] (-) TimerEvent: {}
[42.149034] (serial_motor_demo_msgs) StdoutLine: {'line': b'[ 88%] \x1b[32m\x1b[1mLinking C shared library libserial_motor_demo_msgs__rosidl_generator_py.so\x1b[0m\n'}
[42.172084] (-) TimerEvent: {}
[42.255109] (serial_motor_demo_msgs) StdoutLine: {'line': b'[ 88%] Built target serial_motor_demo_msgs__rosidl_generator_py\n'}
[42.272229] (-) TimerEvent: {}
[42.307876] (serial_motor_demo_msgs) StdoutLine: {'line': b'[ 90%] \x1b[32mBuilding C object CMakeFiles/serial_motor_demo_msgs_s__rosidl_typesupport_fastrtps_c.dir/rosidl_generator_py/serial_motor_demo_msgs/_serial_motor_demo_msgs_s.ep.rosidl_typesupport_fastrtps_c.c.o\x1b[0m\n'}
[42.372371] (-) TimerEvent: {}
[42.472931] (-) TimerEvent: {}
[42.543276] (serial_motor_demo_msgs) StdoutLine: {'line': b'[ 92%] \x1b[32m\x1b[1mLinking C shared module rosidl_generator_py/serial_motor_demo_msgs/serial_motor_demo_msgs_s__rosidl_typesupport_fastrtps_c.so\x1b[0m\n'}
[42.573042] (-) TimerEvent: {}
[42.618564] (serial_motor_demo_msgs) StdoutLine: {'line': b'[ 92%] Built target serial_motor_demo_msgs_s__rosidl_typesupport_fastrtps_c\n'}
[42.667323] (serial_motor_demo_msgs) StdoutLine: {'line': b'[ 94%] \x1b[32mBuilding C object CMakeFiles/serial_motor_demo_msgs_s__rosidl_typesupport_c.dir/rosidl_generator_py/serial_motor_demo_msgs/_serial_motor_demo_msgs_s.ep.rosidl_typesupport_c.c.o\x1b[0m\n'}
[42.673410] (-) TimerEvent: {}
[42.773929] (-) TimerEvent: {}
[42.874385] (-) TimerEvent: {}
[42.897492] (serial_motor_demo_msgs) StdoutLine: {'line': b'[ 96%] \x1b[32m\x1b[1mLinking C shared module rosidl_generator_py/serial_motor_demo_msgs/serial_motor_demo_msgs_s__rosidl_typesupport_c.so\x1b[0m\n'}
[42.966170] (serial_motor_demo_msgs) StdoutLine: {'line': b'[ 96%] Built target serial_motor_demo_msgs_s__rosidl_typesupport_c\n'}
[42.974523] (-) TimerEvent: {}
[43.018813] (serial_motor_demo_msgs) StdoutLine: {'line': b'[ 98%] \x1b[32mBuilding C object CMakeFiles/serial_motor_demo_msgs_s__rosidl_typesupport_introspection_c.dir/rosidl_generator_py/serial_motor_demo_msgs/_serial_motor_demo_msgs_s.ep.rosidl_typesupport_introspection_c.c.o\x1b[0m\n'}
[43.074690] (-) TimerEvent: {}
[43.175139] (-) TimerEvent: {}
[43.244834] (serial_motor_demo_msgs) StdoutLine: {'line': b'[100%] \x1b[32m\x1b[1mLinking C shared module rosidl_generator_py/serial_motor_demo_msgs/serial_motor_demo_msgs_s__rosidl_typesupport_introspection_c.so\x1b[0m\n'}
[43.275281] (-) TimerEvent: {}
[43.328794] (serial_motor_demo_msgs) StdoutLine: {'line': b'[100%] Built target serial_motor_demo_msgs_s__rosidl_typesupport_introspection_c\n'}
[43.363739] (serial_motor_demo_msgs) CommandEnded: {'returncode': 0}
[43.364531] (serial_motor_demo_msgs) JobProgress: {'identifier': 'serial_motor_demo_msgs', 'progress': 'install'}
[43.364579] (serial_motor_demo_msgs) Command: {'cmd': ['/usr/bin/cmake', '--install', '/home/olympusolutions/senior_ws/build/serial_motor_demo_msgs'], 'cwd': '/home/olympusolutions/senior_ws/build/serial_motor_demo_msgs', 'env': OrderedDict({'LESSOPEN': '| /usr/bin/lesspipe %s', 'USER': 'olympusolutions', 'GZ_CONFIG_PATH': '/opt/ros/jazzy/opt/gz_sim_vendor/share/gz:/opt/ros/jazzy/opt/sdformat_vendor/share/gz:/opt/ros/jazzy/opt/gz_gui_vendor/share/gz:/opt/ros/jazzy/opt/gz_transport_vendor/share/gz:/opt/ros/jazzy/opt/gz_rendering_vendor/share/gz:/opt/ros/jazzy/opt/gz_plugin_vendor/share/gz:/opt/ros/jazzy/opt/gz_fuel_tools_vendor/share/gz:/opt/ros/jazzy/opt/gz_msgs_vendor/share/gz:/opt/ros/jazzy/opt/gz_common_vendor/share/gz', 'XDG_SESSION_TYPE': 'wayland', 'SHLVL': '1', 'LD_LIBRARY_PATH': '/opt/ros/jazzy/opt/gz_sim_vendor/lib:/opt/ros/jazzy/opt/gz_sensors_vendor/lib:/opt/ros/jazzy/opt/gz_physics_vendor/lib:/opt/ros/jazzy/opt/sdformat_vendor/lib:/opt/ros/jazzy/opt/rviz_ogre_vendor/lib:/opt/ros/jazzy/lib/aarch64-linux-gnu:/opt/ros/jazzy/opt/gz_gui_vendor/lib:/opt/ros/jazzy/opt/gz_transport_vendor/lib:/opt/ros/jazzy/opt/gz_rendering_vendor/lib:/opt/ros/jazzy/opt/gz_plugin_vendor/lib:/opt/ros/jazzy/opt/gz_fuel_tools_vendor/lib:/opt/ros/jazzy/opt/gz_msgs_vendor/lib:/opt/ros/jazzy/opt/gz_common_vendor/lib:/opt/ros/jazzy/opt/gz_math_vendor/lib:/opt/ros/jazzy/opt/gz_utils_vendor/lib:/opt/ros/jazzy/opt/gz_tools_vendor/lib:/opt/ros/jazzy/opt/gz_ogre_next_vendor/lib:/opt/ros/jazzy/opt/gz_dartsim_vendor/lib:/opt/ros/jazzy/opt/gz_cmake_vendor/lib:/opt/ros/jazzy/lib', 'HOME': '/home/olympusolutions', 'OLDPWD': '/home/olympusolutions', 'DESKTOP_SESSION': 'ubuntu', 'ROS_PYTHON_VERSION': '3', 'GNOME_SHELL_SESSION_MODE': 'ubuntu', 'GTK_MODULES': 'gail:atk-bridge', 'SYSTEMD_EXEC_PID': '3022', 'GSM_SKIP_SSH_AGENT_WORKAROUND': 'true', 'DBUS_SESSION_BUS_ADDRESS': 'unix:path=/run/user/1002/bus', 'COLORTERM': 'truecolor', 'DEBUGINFOD_URLS': 'https://debuginfod.ubuntu.com', 'IM_CONFIG_PHASE': '1', 'WAYLAND_DISPLAY': 'wayland-0', 'ROS_DISTRO': 'jazzy', 'LOGNAME': 'olympusolutions', '_': '/usr/bin/colcon', 'ROS_VERSION': '2', 'MEMORY_PRESSURE_WATCH': '/sys/fs/cgroup/user.slice/user-1002.slice/user@1002.service/session.slice/org.gnome.Shell@wayland.service/memory.pressure', 'XDG_SESSION_CLASS': 'user', 'USERNAME': 'olympusolutions', 'TERM': 'xterm-256color', 'GNOME_DESKTOP_SESSION_ID': 'this-is-deprecated', 'PATH': '/opt/ros/jazzy/opt/gz_msgs_vendor/bin:/opt/ros/jazzy/opt/gz_tools_vendor/bin:/opt/ros/jazzy/opt/gz_ogre_next_vendor/bin:/opt/ros/jazzy/bin:/home/olympusolutions/.local/bin:/usr/local/sbin:/usr/local/bin:/usr/sbin:/usr/bin:/sbin:/bin:/usr/games:/usr/local/games:/snap/bin:/snap/bin', 'SESSION_MANAGER': 'local/olympusolutions-desktop:@/tmp/.ICE-unix/2977,unix/olympusolutions-desktop:/tmp/.ICE-unix/2977', 'XDG_MENU_PREFIX': 'gnome-', 'GNOME_TERMINAL_SCREEN': '/org/gnome/Terminal/screen/5426054a_44ad_4b3b_9be3_3f00634632e4', 'GNOME_SETUP_DISPLAY': ':1', 'XDG_RUNTIME_DIR': '/run/user/1002', 'DISPLAY': ':0', 'LANG': 'en_US.UTF-8', 'XDG_CURRENT_DESKTOP': 'ubuntu:GNOME', 'XMODIFIERS': '@im=ibus', 'XDG_SESSION_DESKTOP': 'ubuntu', 'XAUTHORITY': '/run/user/1002/.mutter-Xwaylandauth.ZJBY42', 'LS_COLORS': 'rs=0:di=01;34:ln=01;36:mh=00:pi=40;33:so=01;35:do=01;35:bd=40;33;01:cd=40;33;01:or=40;31;01:mi=00:su=37;41:sg=30;43:ca=00:tw=30;42:ow=34;42:st=37;44:ex=01;32:*.tar=01;31:*.tgz=01;31:*.arc=01;31:*.arj=01;31:*.taz=01;31:*.lha=01;31:*.lz4=01;31:*.lzh=01;31:*.lzma=01;31:*.tlz=01;31:*.txz=01;31:*.tzo=01;31:*.t7z=01;31:*.zip=01;31:*.z=01;31:*.dz=01;31:*.gz=01;31:*.lrz=01;31:*.lz=01;31:*.lzo=01;31:*.xz=01;31:*.zst=01;31:*.tzst=01;31:*.bz2=01;31:*.bz=01;31:*.tbz=01;31:*.tbz2=01;31:*.tz=01;31:*.deb=01;31:*.rpm=01;31:*.jar=01;31:*.war=01;31:*.ear=01;31:*.sar=01;31:*.rar=01;31:*.alz=01;31:*.ace=01;31:*.zoo=01;31:*.cpio=01;31:*.7z=01;31:*.rz=01;31:*.cab=01;31:*.wim=01;31:*.swm=01;31:*.dwm=01;31:*.esd=01;31:*.avif=01;35:*.jpg=01;35:*.jpeg=01;35:*.mjpg=01;35:*.mjpeg=01;35:*.gif=01;35:*.bmp=01;35:*.pbm=01;35:*.pgm=01;35:*.ppm=01;35:*.tga=01;35:*.xbm=01;35:*.xpm=01;35:*.tif=01;35:*.tiff=01;35:*.png=01;35:*.svg=01;35:*.svgz=01;35:*.mng=01;35:*.pcx=01;35:*.mov=01;35:*.mpg=01;35:*.mpeg=01;35:*.m2v=01;35:*.mkv=01;35:*.webm=01;35:*.webp=01;35:*.ogm=01;35:*.mp4=01;35:*.m4v=01;35:*.mp4v=01;35:*.vob=01;35:*.qt=01;35:*.nuv=01;35:*.wmv=01;35:*.asf=01;35:*.rm=01;35:*.rmvb=01;35:*.flc=01;35:*.avi=01;35:*.fli=01;35:*.flv=01;35:*.gl=01;35:*.dl=01;35:*.xcf=01;35:*.xwd=01;35:*.yuv=01;35:*.cgm=01;35:*.emf=01;35:*.ogv=01;35:*.ogx=01;35:*.aac=00;36:*.au=00;36:*.flac=00;36:*.m4a=00;36:*.mid=00;36:*.midi=00;36:*.mka=00;36:*.mp3=00;36:*.mpc=00;36:*.ogg=00;36:*.ra=00;36:*.wav=00;36:*.oga=00;36:*.opus=00;36:*.spx=00;36:*.xspf=00;36:*~=00;90:*#=00;90:*.bak=00;90:*.crdownload=00;90:*.dpkg-dist=00;90:*.dpkg-new=00;90:*.dpkg-old=00;90:*.dpkg-tmp=00;90:*.old=00;90:*.orig=00;90:*.part=00;90:*.rej=00;90:*.rpmnew=00;90:*.rpmorig=00;90:*.rpmsave=00;90:*.swp=00;90:*.tmp=00;90:*.ucf-dist=00;90:*.ucf-new=00;90:*.ucf-old=00;90:', 'GNOME_TERMINAL_SERVICE': ':1.150', 'SSH_AUTH_SOCK': '/run/user/1002/keyring/ssh', 'AMENT_PREFIX_PATH': '/opt/ros/jazzy', 'SHELL': '/bin/bash', 'QT_ACCESSIBILITY': '1', 'GDMSESSION': 'ubuntu', 'LESSCLOSE': '/usr/bin/lesspipe %s %s', 'ROS_AUTOMATIC_DISCOVERY_RANGE': 'SUBNET', 'QT_IM_MODULE': 'ibus', 'PWD': '/home/olympusolutions/senior_ws/build/serial_motor_demo_msgs', 'LC_ALL': 'en_US.UTF-8', 'XDG_CONFIG_DIRS': '/etc/xdg/xdg-ubuntu:/etc/xdg', 'XDG_DATA_DIRS': '/usr/share/ubuntu:/usr/share/gnome:/usr/local/share/:/usr/share/:/var/lib/snapd/desktop', 'PYTHONPATH': '/opt/ros/jazzy/lib/python3.12/site-packages', 'COLCON': '1', 'MEMORY_PRESSURE_WRITE': 'c29tZSAyMDAwMDAgMjAwMDAwMAA=', 'VTE_VERSION': '7600', 'CMAKE_PREFIX_PATH': '/opt/ros/jazzy/opt/gz_sim_vendor:/opt/ros/jazzy/opt/gz_sensors_vendor:/opt/ros/jazzy/opt/gz_physics_vendor:/opt/ros/jazzy/opt/sdformat_vendor:/opt/ros/jazzy/opt/gz_gui_vendor:/opt/ros/jazzy/opt/gz_transport_vendor:/opt/ros/jazzy/opt/gz_rendering_vendor:/opt/ros/jazzy/opt/gz_plugin_vendor:/opt/ros/jazzy/opt/gz_fuel_tools_vendor:/opt/ros/jazzy/opt/gz_msgs_vendor:/opt/ros/jazzy/opt/gz_common_vendor:/opt/ros/jazzy/opt/gz_math_vendor:/opt/ros/jazzy/opt/gz_utils_vendor:/opt/ros/jazzy/opt/gz_tools_vendor:/opt/ros/jazzy/opt/gz_ogre_next_vendor:/opt/ros/jazzy/opt/gz_dartsim_vendor:/opt/ros/jazzy/opt/gz_cmake_vendor:/opt/ros/jazzy'}), 'shell': False}
[43.375738] (-) TimerEvent: {}
[43.389156] (serial_motor_demo_msgs) StdoutLine: {'line': b'-- Install configuration: ""\n'}
[43.389582] (serial_motor_demo_msgs) StdoutLine: {'line': b'-- Installing: /home/olympusolutions/senior_ws/install/serial_motor_demo_msgs/share/ament_index/resource_index/rosidl_interfaces/serial_motor_demo_msgs\n'}
[43.390447] (serial_motor_demo_msgs) StdoutLine: {'line': b'-- Installing: /home/olympusolutions/senior_ws/install/serial_motor_demo_msgs/share/serial_motor_demo_msgs/msg/MotorCommand.json\n'}
[43.391365] (serial_motor_demo_msgs) StdoutLine: {'line': b'-- Installing: /home/olympusolutions/senior_ws/install/serial_motor_demo_msgs/share/serial_motor_demo_msgs/msg/MotorVels.json\n'}
[43.391576] (serial_motor_demo_msgs) StdoutLine: {'line': b'-- Installing: /home/olympusolutions/senior_ws/install/serial_motor_demo_msgs/share/serial_motor_demo_msgs/msg/EncoderVals.json\n'}
[43.391814] (serial_motor_demo_msgs) StdoutLine: {'line': b'-- Installing: /home/olympusolutions/senior_ws/install/serial_motor_demo_msgs/include/serial_motor_demo_msgs/serial_motor_demo_msgs\n'}
[43.392566] (serial_motor_demo_msgs) StdoutLine: {'line': b'-- Installing: /home/olympusolutions/senior_ws/install/serial_motor_demo_msgs/include/serial_motor_demo_msgs/serial_motor_demo_msgs/msg\n'}
[43.393238] (serial_motor_demo_msgs) StdoutLine: {'line': b'-- Installing: /home/olympusolutions/senior_ws/install/serial_motor_demo_msgs/include/serial_motor_demo_msgs/serial_motor_demo_msgs/msg/motor_vels.h\n'}
[43.393522] (serial_motor_demo_msgs) StdoutLine: {'line': b'-- Installing: /home/olympusolutions/senior_ws/install/serial_motor_demo_msgs/include/serial_motor_demo_msgs/serial_motor_demo_msgs/msg/motor_command.h\n'}
[43.393775] (serial_motor_demo_msgs) StdoutLine: {'line': b'-- Installing: /home/olympusolutions/senior_ws/install/serial_motor_demo_msgs/include/serial_motor_demo_msgs/serial_motor_demo_msgs/msg/detail\n'}
[43.394030] (serial_motor_demo_msgs) StdoutLine: {'line': b'-- Installing: /home/olympusolutions/senior_ws/install/serial_motor_demo_msgs/include/serial_motor_demo_msgs/serial_motor_demo_msgs/msg/detail/encoder_vals__type_support.c\n'}
[43.394280] (serial_motor_demo_msgs) StdoutLine: {'line': b'-- Installing: /home/olympusolutions/senior_ws/install/serial_motor_demo_msgs/include/serial_motor_demo_msgs/serial_motor_demo_msgs/msg/detail/motor_vels__functions.h\n'}
[43.394554] (serial_motor_demo_msgs) StdoutLine: {'line': b'-- Installing: /home/olympusolutions/senior_ws/install/serial_motor_demo_msgs/include/serial_motor_demo_msgs/serial_motor_demo_msgs/msg/detail/motor_vels__description.c\n'}
[43.394738] (serial_motor_demo_msgs) StdoutLine: {'line': b'-- Installing: /home/olympusolutions/senior_ws/install/serial_motor_demo_msgs/include/serial_motor_demo_msgs/serial_motor_demo_msgs/msg/detail/motor_vels__type_support.c\n'}
[43.396941] (serial_motor_demo_msgs) StdoutLine: {'line': b'-- Installing: /home/olympusolutions/senior_ws/install/serial_motor_demo_msgs/include/serial_motor_demo_msgs/serial_motor_demo_msgs/msg/detail/motor_command__struct.h\n'}
[43.397320] (serial_motor_demo_msgs) StdoutLine: {'line': b'-- Installing: /home/olympusolutions/senior_ws/install/serial_motor_demo_msgs/include/serial_motor_demo_msgs/serial_motor_demo_msgs/msg/detail/motor_command__functions.h\n'}
[43.397959] (serial_motor_demo_msgs) StdoutLine: {'line': b'-- Installing: /home/olympusolutions/senior_ws/install/serial_motor_demo_msgs/include/serial_motor_demo_msgs/serial_motor_demo_msgs/msg/detail/encoder_vals__struct.h\n'}
[43.398216] (serial_motor_demo_msgs) StdoutLine: {'line': b'-- Installing: /home/olympusolutions/senior_ws/install/serial_motor_demo_msgs/include/serial_motor_demo_msgs/serial_motor_demo_msgs/msg/detail/motor_command__type_support.h\n'}
[43.398493] (serial_motor_demo_msgs) StdoutLine: {'line': b'-- Installing: /home/olympusolutions/senior_ws/install/serial_motor_demo_msgs/include/serial_motor_demo_msgs/serial_motor_demo_msgs/msg/detail/motor_command__functions.c\n'}
[43.398729] (serial_motor_demo_msgs) StdoutLine: {'line': b'-- Installing: /home/olympusolutions/senior_ws/install/serial_motor_demo_msgs/include/serial_motor_demo_msgs/serial_motor_demo_msgs/msg/detail/motor_vels__type_support.h\n'}
[43.398939] (serial_motor_demo_msgs) StdoutLine: {'line': b'-- Installing: /home/olympusolutions/senior_ws/install/serial_motor_demo_msgs/include/serial_motor_demo_msgs/serial_motor_demo_msgs/msg/detail/encoder_vals__functions.c\n'}
[43.399063] (serial_motor_demo_msgs) StdoutLine: {'line': b'-- Installing: /home/olympusolutions/senior_ws/install/serial_motor_demo_msgs/include/serial_motor_demo_msgs/serial_motor_demo_msgs/msg/detail/motor_vels__functions.c\n'}
[43.399343] (serial_motor_demo_msgs) StdoutLine: {'line': b'-- Installing: /home/olympusolutions/senior_ws/install/serial_motor_demo_msgs/include/serial_motor_demo_msgs/serial_motor_demo_msgs/msg/detail/motor_vels__struct.h\n'}
[43.399546] (serial_motor_demo_msgs) StdoutLine: {'line': b'-- Installing: /home/olympusolutions/senior_ws/install/serial_motor_demo_msgs/include/serial_motor_demo_msgs/serial_motor_demo_msgs/msg/detail/encoder_vals__type_support.h\n'}
[43.399747] (serial_motor_demo_msgs) StdoutLine: {'line': b'-- Installing: /home/olympusolutions/senior_ws/install/serial_motor_demo_msgs/include/serial_motor_demo_msgs/serial_motor_demo_msgs/msg/detail/encoder_vals__description.c\n'}
[43.399865] (serial_motor_demo_msgs) StdoutLine: {'line': b'-- Installing: /home/olympusolutions/senior_ws/install/serial_motor_demo_msgs/include/serial_motor_demo_msgs/serial_motor_demo_msgs/msg/detail/motor_command__type_support.c\n'}
[43.399963] (serial_motor_demo_msgs) StdoutLine: {'line': b'-- Installing: /home/olympusolutions/senior_ws/install/serial_motor_demo_msgs/include/serial_motor_demo_msgs/serial_motor_demo_msgs/msg/detail/motor_command__description.c\n'}
[43.402957] (serial_motor_demo_msgs) StdoutLine: {'line': b'-- Installing: /home/olympusolutions/senior_ws/install/serial_motor_demo_msgs/include/serial_motor_demo_msgs/serial_motor_demo_msgs/msg/detail/encoder_vals__functions.h\n'}
[43.403276] (serial_motor_demo_msgs) StdoutLine: {'line': b'-- Installing: /home/olympusolutions/senior_ws/install/serial_motor_demo_msgs/include/serial_motor_demo_msgs/serial_motor_demo_msgs/msg/rosidl_generator_c__visibility_control.h\n'}
[43.403492] (serial_motor_demo_msgs) StdoutLine: {'line': b'-- Installing: /home/olympusolutions/senior_ws/install/serial_motor_demo_msgs/include/serial_motor_demo_msgs/serial_motor_demo_msgs/msg/encoder_vals.h\n'}
[43.403850] (serial_motor_demo_msgs) StdoutLine: {'line': b'-- Installing: /home/olympusolutions/senior_ws/install/serial_motor_demo_msgs/share/serial_motor_demo_msgs/environment/library_path.sh\n'}
[43.404135] (serial_motor_demo_msgs) StdoutLine: {'line': b'-- Installing: /home/olympusolutions/senior_ws/install/serial_motor_demo_msgs/share/serial_motor_demo_msgs/environment/library_path.dsv\n'}
[43.404498] (serial_motor_demo_msgs) StdoutLine: {'line': b'-- Installing: /home/olympusolutions/senior_ws/install/serial_motor_demo_msgs/lib/libserial_motor_demo_msgs__rosidl_generator_c.so\n'}
[43.405329] (serial_motor_demo_msgs) StdoutLine: {'line': b'-- Set non-toolchain portion of runtime path of "/home/olympusolutions/senior_ws/install/serial_motor_demo_msgs/lib/libserial_motor_demo_msgs__rosidl_generator_c.so" to ""\n'}
[43.405605] (serial_motor_demo_msgs) StdoutLine: {'line': b'-- Up-to-date: /home/olympusolutions/senior_ws/install/serial_motor_demo_msgs/include/serial_motor_demo_msgs/serial_motor_demo_msgs\n'}
[43.405792] (serial_motor_demo_msgs) StdoutLine: {'line': b'-- Up-to-date: /home/olympusolutions/senior_ws/install/serial_motor_demo_msgs/include/serial_motor_demo_msgs/serial_motor_demo_msgs/msg\n'}
[43.405906] (serial_motor_demo_msgs) StdoutLine: {'line': b'-- Installing: /home/olympusolutions/senior_ws/install/serial_motor_demo_msgs/include/serial_motor_demo_msgs/serial_motor_demo_msgs/msg/rosidl_typesupport_fastrtps_c__visibility_control.h\n'}
[43.408945] (serial_motor_demo_msgs) StdoutLine: {'line': b'-- Up-to-date: /home/olympusolutions/senior_ws/install/serial_motor_demo_msgs/include/serial_motor_demo_msgs/serial_motor_demo_msgs/msg/detail\n'}
[43.409272] (serial_motor_demo_msgs) StdoutLine: {'line': b'-- Installing: /home/olympusolutions/senior_ws/install/serial_motor_demo_msgs/include/serial_motor_demo_msgs/serial_motor_demo_msgs/msg/detail/encoder_vals__rosidl_typesupport_fastrtps_c.h\n'}
[43.409429] (serial_motor_demo_msgs) StdoutLine: {'line': b'-- Installing: /home/olympusolutions/senior_ws/install/serial_motor_demo_msgs/include/serial_motor_demo_msgs/serial_motor_demo_msgs/msg/detail/motor_command__rosidl_typesupport_fastrtps_c.h\n'}
[43.409644] (serial_motor_demo_msgs) StdoutLine: {'line': b'-- Installing: /home/olympusolutions/senior_ws/install/serial_motor_demo_msgs/include/serial_motor_demo_msgs/serial_motor_demo_msgs/msg/detail/motor_vels__rosidl_typesupport_fastrtps_c.h\n'}
[43.409935] (serial_motor_demo_msgs) StdoutLine: {'line': b'-- Installing: /home/olympusolutions/senior_ws/install/serial_motor_demo_msgs/lib/libserial_motor_demo_msgs__rosidl_typesupport_fastrtps_c.so\n'}
[43.410676] (serial_motor_demo_msgs) StdoutLine: {'line': b'-- Set non-toolchain portion of runtime path of "/home/olympusolutions/senior_ws/install/serial_motor_demo_msgs/lib/libserial_motor_demo_msgs__rosidl_typesupport_fastrtps_c.so" to ""\n'}
[43.411372] (serial_motor_demo_msgs) StdoutLine: {'line': b'-- Up-to-date: /home/olympusolutions/senior_ws/install/serial_motor_demo_msgs/include/serial_motor_demo_msgs/serial_motor_demo_msgs\n'}
[43.412212] (serial_motor_demo_msgs) StdoutLine: {'line': b'-- Up-to-date: /home/olympusolutions/senior_ws/install/serial_motor_demo_msgs/include/serial_motor_demo_msgs/serial_motor_demo_msgs/msg\n'}
[43.412879] (serial_motor_demo_msgs) StdoutLine: {'line': b'-- Installing: /home/olympusolutions/senior_ws/install/serial_motor_demo_msgs/include/serial_motor_demo_msgs/serial_motor_demo_msgs/msg/rosidl_typesupport_introspection_c__visibility_control.h\n'}
[43.413032] (serial_motor_demo_msgs) StdoutLine: {'line': b'-- Up-to-date: /home/olympusolutions/senior_ws/install/serial_motor_demo_msgs/include/serial_motor_demo_msgs/serial_motor_demo_msgs/msg/detail\n'}
[43.413148] (serial_motor_demo_msgs) StdoutLine: {'line': b'-- Installing: /home/olympusolutions/senior_ws/install/serial_motor_demo_msgs/include/serial_motor_demo_msgs/serial_motor_demo_msgs/msg/detail/encoder_vals__type_support.c\n'}
[43.413254] (serial_motor_demo_msgs) StdoutLine: {'line': b'-- Installing: /home/olympusolutions/senior_ws/install/serial_motor_demo_msgs/include/serial_motor_demo_msgs/serial_motor_demo_msgs/msg/detail/motor_vels__type_support.c\n'}
[43.413353] (serial_motor_demo_msgs) StdoutLine: {'line': b'-- Installing: /home/olympusolutions/senior_ws/install/serial_motor_demo_msgs/include/serial_motor_demo_msgs/serial_motor_demo_msgs/msg/detail/motor_command__rosidl_typesupport_introspection_c.h\n'}
[43.414792] (serial_motor_demo_msgs) StdoutLine: {'line': b'-- Installing: /home/olympusolutions/senior_ws/install/serial_motor_demo_msgs/include/serial_motor_demo_msgs/serial_motor_demo_msgs/msg/detail/motor_vels__rosidl_typesupport_introspection_c.h\n'}
[43.415298] (serial_motor_demo_msgs) StdoutLine: {'line': b'-- Installing: /home/olympusolutions/senior_ws/install/serial_motor_demo_msgs/include/serial_motor_demo_msgs/serial_motor_demo_msgs/msg/detail/encoder_vals__rosidl_typesupport_introspection_c.h\n'}
[43.415580] (serial_motor_demo_msgs) StdoutLine: {'line': b'-- Installing: /home/olympusolutions/senior_ws/install/serial_motor_demo_msgs/include/serial_motor_demo_msgs/serial_motor_demo_msgs/msg/detail/motor_command__type_support.c\n'}
[43.416544] (serial_motor_demo_msgs) StdoutLine: {'line': b'-- Installing: /home/olympusolutions/senior_ws/install/serial_motor_demo_msgs/lib/libserial_motor_demo_msgs__rosidl_typesupport_introspection_c.so\n'}
[43.419016] (serial_motor_demo_msgs) StdoutLine: {'line': b'-- Set non-toolchain portion of runtime path of "/home/olympusolutions/senior_ws/install/serial_motor_demo_msgs/lib/libserial_motor_demo_msgs__rosidl_typesupport_introspection_c.so" to ""\n'}
[43.419217] (serial_motor_demo_msgs) StdoutLine: {'line': b'-- Installing: /home/olympusolutions/senior_ws/install/serial_motor_demo_msgs/lib/libserial_motor_demo_msgs__rosidl_typesupport_c.so\n'}
[43.419350] (serial_motor_demo_msgs) StdoutLine: {'line': b'-- Set non-toolchain portion of runtime path of "/home/olympusolutions/senior_ws/install/serial_motor_demo_msgs/lib/libserial_motor_demo_msgs__rosidl_typesupport_c.so" to ""\n'}
[43.419471] (serial_motor_demo_msgs) StdoutLine: {'line': b'-- Up-to-date: /home/olympusolutions/senior_ws/install/serial_motor_demo_msgs/include/serial_motor_demo_msgs/serial_motor_demo_msgs\n'}
[43.419600] (serial_motor_demo_msgs) StdoutLine: {'line': b'-- Up-to-date: /home/olympusolutions/senior_ws/install/serial_motor_demo_msgs/include/serial_motor_demo_msgs/serial_motor_demo_msgs/msg\n'}
[43.419772] (serial_motor_demo_msgs) StdoutLine: {'line': b'-- Installing: /home/olympusolutions/senior_ws/install/serial_motor_demo_msgs/include/serial_motor_demo_msgs/serial_motor_demo_msgs/msg/motor_command.hpp\n'}
[43.419927] (serial_motor_demo_msgs) StdoutLine: {'line': b'-- Installing: /home/olympusolutions/senior_ws/install/serial_motor_demo_msgs/include/serial_motor_demo_msgs/serial_motor_demo_msgs/msg/rosidl_generator_cpp__visibility_control.hpp\n'}
[43.420059] (serial_motor_demo_msgs) StdoutLine: {'line': b'-- Installing: /home/olympusolutions/senior_ws/install/serial_motor_demo_msgs/include/serial_motor_demo_msgs/serial_motor_demo_msgs/msg/motor_vels.hpp\n'}
[43.420181] (serial_motor_demo_msgs) StdoutLine: {'line': b'-- Up-to-date: /home/olympusolutions/senior_ws/install/serial_motor_demo_msgs/include/serial_motor_demo_msgs/serial_motor_demo_msgs/msg/detail\n'}
[43.420301] (serial_motor_demo_msgs) StdoutLine: {'line': b'-- Installing: /home/olympusolutions/senior_ws/install/serial_motor_demo_msgs/include/serial_motor_demo_msgs/serial_motor_demo_msgs/msg/detail/encoder_vals__traits.hpp\n'}
[43.420400] (serial_motor_demo_msgs) StdoutLine: {'line': b'-- Installing: /home/olympusolutions/senior_ws/install/serial_motor_demo_msgs/include/serial_motor_demo_msgs/serial_motor_demo_msgs/msg/detail/encoder_vals__builder.hpp\n'}
[43.420496] (serial_motor_demo_msgs) StdoutLine: {'line': b'-- Installing: /home/olympusolutions/senior_ws/install/serial_motor_demo_msgs/include/serial_motor_demo_msgs/serial_motor_demo_msgs/msg/detail/encoder_vals__struct.hpp\n'}
[43.420596] (serial_motor_demo_msgs) StdoutLine: {'line': b'-- Installing: /home/olympusolutions/senior_ws/install/serial_motor_demo_msgs/include/serial_motor_demo_msgs/serial_motor_demo_msgs/msg/detail/motor_command__type_support.hpp\n'}
[43.423731] (serial_motor_demo_msgs) StdoutLine: {'line': b'-- Installing: /home/olympusolutions/senior_ws/install/serial_motor_demo_msgs/include/serial_motor_demo_msgs/serial_motor_demo_msgs/msg/detail/motor_vels__builder.hpp\n'}
[43.424046] (serial_motor_demo_msgs) StdoutLine: {'line': b'-- Installing: /home/olympusolutions/senior_ws/install/serial_motor_demo_msgs/include/serial_motor_demo_msgs/serial_motor_demo_msgs/msg/detail/motor_command__struct.hpp\n'}
[43.424180] (serial_motor_demo_msgs) StdoutLine: {'line': b'-- Installing: /home/olympusolutions/senior_ws/install/serial_motor_demo_msgs/include/serial_motor_demo_msgs/serial_motor_demo_msgs/msg/detail/motor_command__builder.hpp\n'}
[43.424411] (serial_motor_demo_msgs) StdoutLine: {'line': b'-- Installing: /home/olympusolutions/senior_ws/install/serial_motor_demo_msgs/include/serial_motor_demo_msgs/serial_motor_demo_msgs/msg/detail/motor_vels__traits.hpp\n'}
[43.424569] (serial_motor_demo_msgs) StdoutLine: {'line': b'-- Installing: /home/olympusolutions/senior_ws/install/serial_motor_demo_msgs/include/serial_motor_demo_msgs/serial_motor_demo_msgs/msg/detail/encoder_vals__type_support.hpp\n'}
[43.424730] (serial_motor_demo_msgs) StdoutLine: {'line': b'-- Installing: /home/olympusolutions/senior_ws/install/serial_motor_demo_msgs/include/serial_motor_demo_msgs/serial_motor_demo_msgs/msg/detail/motor_vels__type_support.hpp\n'}
[43.424872] (serial_motor_demo_msgs) StdoutLine: {'line': b'-- Installing: /home/olympusolutions/senior_ws/install/serial_motor_demo_msgs/include/serial_motor_demo_msgs/serial_motor_demo_msgs/msg/detail/motor_vels__struct.hpp\n'}
[43.424999] (serial_motor_demo_msgs) StdoutLine: {'line': b'-- Installing: /home/olympusolutions/senior_ws/install/serial_motor_demo_msgs/include/serial_motor_demo_msgs/serial_motor_demo_msgs/msg/detail/motor_command__traits.hpp\n'}
[43.425105] (serial_motor_demo_msgs) StdoutLine: {'line': b'-- Installing: /home/olympusolutions/senior_ws/install/serial_motor_demo_msgs/include/serial_motor_demo_msgs/serial_motor_demo_msgs/msg/encoder_vals.hpp\n'}
[43.425239] (serial_motor_demo_msgs) StdoutLine: {'line': b'-- Up-to-date: /home/olympusolutions/senior_ws/install/serial_motor_demo_msgs/include/serial_motor_demo_msgs/serial_motor_demo_msgs\n'}
[43.425359] (serial_motor_demo_msgs) StdoutLine: {'line': b'-- Up-to-date: /home/olympusolutions/senior_ws/install/serial_motor_demo_msgs/include/serial_motor_demo_msgs/serial_motor_demo_msgs/msg\n'}
[43.425482] (serial_motor_demo_msgs) StdoutLine: {'line': b'-- Installing: /home/olympusolutions/senior_ws/install/serial_motor_demo_msgs/include/serial_motor_demo_msgs/serial_motor_demo_msgs/msg/rosidl_typesupport_fastrtps_cpp__visibility_control.h\n'}
[43.425605] (serial_motor_demo_msgs) StdoutLine: {'line': b'-- Up-to-date: /home/olympusolutions/senior_ws/install/serial_motor_demo_msgs/include/serial_motor_demo_msgs/serial_motor_demo_msgs/msg/detail\n'}
[43.425790] (serial_motor_demo_msgs) StdoutLine: {'line': b'-- Installing: /home/olympusolutions/senior_ws/install/serial_motor_demo_msgs/include/serial_motor_demo_msgs/serial_motor_demo_msgs/msg/detail/motor_command__rosidl_typesupport_fastrtps_cpp.hpp\n'}
[43.425925] (serial_motor_demo_msgs) StdoutLine: {'line': b'-- Installing: /home/olympusolutions/senior_ws/install/serial_motor_demo_msgs/include/serial_motor_demo_msgs/serial_motor_demo_msgs/msg/detail/dds_fastrtps\n'}
[43.426056] (serial_motor_demo_msgs) StdoutLine: {'line': b'-- Installing: /home/olympusolutions/senior_ws/install/serial_motor_demo_msgs/include/serial_motor_demo_msgs/serial_motor_demo_msgs/msg/detail/encoder_vals__rosidl_typesupport_fastrtps_cpp.hpp\n'}
[43.426178] (serial_motor_demo_msgs) StdoutLine: {'line': b'-- Installing: /home/olympusolutions/senior_ws/install/serial_motor_demo_msgs/include/serial_motor_demo_msgs/serial_motor_demo_msgs/msg/detail/motor_vels__rosidl_typesupport_fastrtps_cpp.hpp\n'}
[43.426309] (serial_motor_demo_msgs) StdoutLine: {'line': b'-- Installing: /home/olympusolutions/senior_ws/install/serial_motor_demo_msgs/lib/libserial_motor_demo_msgs__rosidl_typesupport_fastrtps_cpp.so\n'}
[43.426435] (serial_motor_demo_msgs) StdoutLine: {'line': b'-- Set non-toolchain portion of runtime path of "/home/olympusolutions/senior_ws/install/serial_motor_demo_msgs/lib/libserial_motor_demo_msgs__rosidl_typesupport_fastrtps_cpp.so" to ""\n'}
[43.426559] (serial_motor_demo_msgs) StdoutLine: {'line': b'-- Up-to-date: /home/olympusolutions/senior_ws/install/serial_motor_demo_msgs/include/serial_motor_demo_msgs/serial_motor_demo_msgs\n'}
[43.429813] (serial_motor_demo_msgs) StdoutLine: {'line': b'-- Up-to-date: /home/olympusolutions/senior_ws/install/serial_motor_demo_msgs/include/serial_motor_demo_msgs/serial_motor_demo_msgs/msg\n'}
[43.430081] (serial_motor_demo_msgs) StdoutLine: {'line': b'-- Up-to-date: /home/olympusolutions/senior_ws/install/serial_motor_demo_msgs/include/serial_motor_demo_msgs/serial_motor_demo_msgs/msg/detail\n'}
[43.430224] (serial_motor_demo_msgs) StdoutLine: {'line': b'-- Installing: /home/olympusolutions/senior_ws/install/serial_motor_demo_msgs/include/serial_motor_demo_msgs/serial_motor_demo_msgs/msg/detail/motor_vels__type_support.cpp\n'}
[43.430343] (serial_motor_demo_msgs) StdoutLine: {'line': b'-- Installing: /home/olympusolutions/senior_ws/install/serial_motor_demo_msgs/include/serial_motor_demo_msgs/serial_motor_demo_msgs/msg/detail/motor_vels__rosidl_typesupport_introspection_cpp.hpp\n'}
[43.430464] (serial_motor_demo_msgs) StdoutLine: {'line': b'-- Installing: /home/olympusolutions/senior_ws/install/serial_motor_demo_msgs/include/serial_motor_demo_msgs/serial_motor_demo_msgs/msg/detail/encoder_vals__rosidl_typesupport_introspection_cpp.hpp\n'}
[43.430585] (serial_motor_demo_msgs) StdoutLine: {'line': b'-- Installing: /home/olympusolutions/senior_ws/install/serial_motor_demo_msgs/include/serial_motor_demo_msgs/serial_motor_demo_msgs/msg/detail/motor_command__type_support.cpp\n'}
[43.430783] (serial_motor_demo_msgs) StdoutLine: {'line': b'-- Installing: /home/olympusolutions/senior_ws/install/serial_motor_demo_msgs/include/serial_motor_demo_msgs/serial_motor_demo_msgs/msg/detail/motor_command__rosidl_typesupport_introspection_cpp.hpp\n'}
[43.430926] (serial_motor_demo_msgs) StdoutLine: {'line': b'-- Installing: /home/olympusolutions/senior_ws/install/serial_motor_demo_msgs/include/serial_motor_demo_msgs/serial_motor_demo_msgs/msg/detail/encoder_vals__type_support.cpp\n'}
[43.431050] (serial_motor_demo_msgs) StdoutLine: {'line': b'-- Installing: /home/olympusolutions/senior_ws/install/serial_motor_demo_msgs/lib/libserial_motor_demo_msgs__rosidl_typesupport_introspection_cpp.so\n'}
[43.431174] (serial_motor_demo_msgs) StdoutLine: {'line': b'-- Set non-toolchain portion of runtime path of "/home/olympusolutions/senior_ws/install/serial_motor_demo_msgs/lib/libserial_motor_demo_msgs__rosidl_typesupport_introspection_cpp.so" to ""\n'}
[43.431505] (serial_motor_demo_msgs) StdoutLine: {'line': b'-- Installing: /home/olympusolutions/senior_ws/install/serial_motor_demo_msgs/lib/libserial_motor_demo_msgs__rosidl_typesupport_cpp.so\n'}
[43.431694] (serial_motor_demo_msgs) StdoutLine: {'line': b'-- Set non-toolchain portion of runtime path of "/home/olympusolutions/senior_ws/install/serial_motor_demo_msgs/lib/libserial_motor_demo_msgs__rosidl_typesupport_cpp.so" to ""\n'}
[43.431832] (serial_motor_demo_msgs) StdoutLine: {'line': b'-- Installing: /home/olympusolutions/senior_ws/install/serial_motor_demo_msgs/share/serial_motor_demo_msgs/environment/pythonpath.sh\n'}
[43.431935] (serial_motor_demo_msgs) StdoutLine: {'line': b'-- Installing: /home/olympusolutions/senior_ws/install/serial_motor_demo_msgs/share/serial_motor_demo_msgs/environment/pythonpath.dsv\n'}
[43.432029] (serial_motor_demo_msgs) StdoutLine: {'line': b'-- Installing: /home/olympusolutions/senior_ws/install/serial_motor_demo_msgs/lib/python3.12/site-packages/serial_motor_demo_msgs-0.0.0-py3.12.egg-info\n'}
[43.432126] (serial_motor_demo_msgs) StdoutLine: {'line': b'-- Installing: /home/olympusolutions/senior_ws/install/serial_motor_demo_msgs/lib/python3.12/site-packages/serial_motor_demo_msgs-0.0.0-py3.12.egg-info/SOURCES.txt\n'}
[43.432221] (serial_motor_demo_msgs) StdoutLine: {'line': b'-- Installing: /home/olympusolutions/senior_ws/install/serial_motor_demo_msgs/lib/python3.12/site-packages/serial_motor_demo_msgs-0.0.0-py3.12.egg-info/top_level.txt\n'}
[43.432317] (serial_motor_demo_msgs) StdoutLine: {'line': b'-- Installing: /home/olympusolutions/senior_ws/install/serial_motor_demo_msgs/lib/python3.12/site-packages/serial_motor_demo_msgs-0.0.0-py3.12.egg-info/PKG-INFO\n'}
[43.432480] (serial_motor_demo_msgs) StdoutLine: {'line': b'-- Installing: /home/olympusolutions/senior_ws/install/serial_motor_demo_msgs/lib/python3.12/site-packages/serial_motor_demo_msgs-0.0.0-py3.12.egg-info/dependency_links.txt\n'}
[43.432595] (serial_motor_demo_msgs) StdoutLine: {'line': b'-- Installing: /home/olympusolutions/senior_ws/install/serial_motor_demo_msgs/lib/python3.12/site-packages/serial_motor_demo_msgs\n'}
[43.432788] (serial_motor_demo_msgs) StdoutLine: {'line': b'-- Installing: /home/olympusolutions/senior_ws/install/serial_motor_demo_msgs/lib/python3.12/site-packages/serial_motor_demo_msgs/__init__.py\n'}
[43.432921] (serial_motor_demo_msgs) StdoutLine: {'line': b'-- Installing: /home/olympusolutions/senior_ws/install/serial_motor_demo_msgs/lib/python3.12/site-packages/serial_motor_demo_msgs/msg\n'}
[43.433041] (serial_motor_demo_msgs) StdoutLine: {'line': b'-- Installing: /home/olympusolutions/senior_ws/install/serial_motor_demo_msgs/lib/python3.12/site-packages/serial_motor_demo_msgs/msg/_encoder_vals_s.c\n'}
[43.433155] (serial_motor_demo_msgs) StdoutLine: {'line': b'-- Installing: /home/olympusolutions/senior_ws/install/serial_motor_demo_msgs/lib/python3.12/site-packages/serial_motor_demo_msgs/msg/__init__.py\n'}
[43.433261] (serial_motor_demo_msgs) StdoutLine: {'line': b'-- Installing: /home/olympusolutions/senior_ws/install/serial_motor_demo_msgs/lib/python3.12/site-packages/serial_motor_demo_msgs/msg/_motor_command.py\n'}
[43.433390] (serial_motor_demo_msgs) StdoutLine: {'line': b'-- Installing: /home/olympusolutions/senior_ws/install/serial_motor_demo_msgs/lib/python3.12/site-packages/serial_motor_demo_msgs/msg/_motor_command_s.c\n'}
[43.433502] (serial_motor_demo_msgs) StdoutLine: {'line': b'-- Installing: /home/olympusolutions/senior_ws/install/serial_motor_demo_msgs/lib/python3.12/site-packages/serial_motor_demo_msgs/msg/_encoder_vals.py\n'}
[43.433597] (serial_motor_demo_msgs) StdoutLine: {'line': b'-- Installing: /home/olympusolutions/senior_ws/install/serial_motor_demo_msgs/lib/python3.12/site-packages/serial_motor_demo_msgs/msg/_motor_vels.py\n'}
[43.433756] (serial_motor_demo_msgs) StdoutLine: {'line': b'-- Installing: /home/olympusolutions/senior_ws/install/serial_motor_demo_msgs/lib/python3.12/site-packages/serial_motor_demo_msgs/msg/_motor_vels_s.c\n'}
[43.433890] (serial_motor_demo_msgs) StdoutLine: {'line': b'-- Installing: /home/olympusolutions/senior_ws/install/serial_motor_demo_msgs/lib/python3.12/site-packages/serial_motor_demo_msgs/_serial_motor_demo_msgs_s.ep.rosidl_typesupport_introspection_c.c\n'}
[43.434004] (serial_motor_demo_msgs) StdoutLine: {'line': b'-- Installing: /home/olympusolutions/senior_ws/install/serial_motor_demo_msgs/lib/python3.12/site-packages/serial_motor_demo_msgs/_serial_motor_demo_msgs_s.ep.rosidl_typesupport_c.c\n'}
[43.434106] (serial_motor_demo_msgs) StdoutLine: {'line': b'-- Installing: /home/olympusolutions/senior_ws/install/serial_motor_demo_msgs/lib/python3.12/site-packages/serial_motor_demo_msgs/_serial_motor_demo_msgs_s.ep.rosidl_typesupport_fastrtps_c.c\n'}
[43.434209] (serial_motor_demo_msgs) StdoutLine: {'line': b'-- Installing: /home/olympusolutions/senior_ws/install/serial_motor_demo_msgs/lib/python3.12/site-packages/serial_motor_demo_msgs/serial_motor_demo_msgs_s__rosidl_typesupport_introspection_c.so\n'}
[43.434322] (serial_motor_demo_msgs) StdoutLine: {'line': b'-- Installing: /home/olympusolutions/senior_ws/install/serial_motor_demo_msgs/lib/python3.12/site-packages/serial_motor_demo_msgs/serial_motor_demo_msgs_s__rosidl_typesupport_fastrtps_c.so\n'}
[43.434433] (serial_motor_demo_msgs) StdoutLine: {'line': b'-- Installing: /home/olympusolutions/senior_ws/install/serial_motor_demo_msgs/lib/python3.12/site-packages/serial_motor_demo_msgs/serial_motor_demo_msgs_s__rosidl_typesupport_c.so\n'}
[43.480739] (-) TimerEvent: {}
[43.522840] (serial_motor_demo_msgs) StdoutLine: {'line': b"Listing '/home/olympusolutions/senior_ws/install/serial_motor_demo_msgs/lib/python3.12/site-packages/serial_motor_demo_msgs'...\n"}
[43.523254] (serial_motor_demo_msgs) StdoutLine: {'line': b"Compiling '/home/olympusolutions/senior_ws/install/serial_motor_demo_msgs/lib/python3.12/site-packages/serial_motor_demo_msgs/__init__.py'...\n"}
[43.523446] (serial_motor_demo_msgs) StdoutLine: {'line': b"Listing '/home/olympusolutions/senior_ws/install/serial_motor_demo_msgs/lib/python3.12/site-packages/serial_motor_demo_msgs/msg'...\n"}
[43.523601] (serial_motor_demo_msgs) StdoutLine: {'line': b"Compiling '/home/olympusolutions/senior_ws/install/serial_motor_demo_msgs/lib/python3.12/site-packages/serial_motor_demo_msgs/msg/__init__.py'...\n"}
[43.523875] (serial_motor_demo_msgs) StdoutLine: {'line': b"Compiling '/home/olympusolutions/senior_ws/install/serial_motor_demo_msgs/lib/python3.12/site-packages/serial_motor_demo_msgs/msg/_encoder_vals.py'...\n"}
[43.524073] (serial_motor_demo_msgs) StdoutLine: {'line': b"Compiling '/home/olympusolutions/senior_ws/install/serial_motor_demo_msgs/lib/python3.12/site-packages/serial_motor_demo_msgs/msg/_motor_command.py'...\n"}
[43.524219] (serial_motor_demo_msgs) StdoutLine: {'line': b"Compiling '/home/olympusolutions/senior_ws/install/serial_motor_demo_msgs/lib/python3.12/site-packages/serial_motor_demo_msgs/msg/_motor_vels.py'...\n"}
[43.548713] (serial_motor_demo_msgs) StdoutLine: {'line': b'-- Installing: /home/olympusolutions/senior_ws/install/serial_motor_demo_msgs/lib/python3.12/site-packages/serial_motor_demo_msgs/serial_motor_demo_msgs_s__rosidl_typesupport_fastrtps_c.so\n'}
[43.549210] (serial_motor_demo_msgs) StdoutLine: {'line': b'-- Set non-toolchain portion of runtime path of "/home/olympusolutions/senior_ws/install/serial_motor_demo_msgs/lib/python3.12/site-packages/serial_motor_demo_msgs/serial_motor_demo_msgs_s__rosidl_typesupport_fastrtps_c.so" to ""\n'}
[43.549430] (serial_motor_demo_msgs) StdoutLine: {'line': b'-- Installing: /home/olympusolutions/senior_ws/install/serial_motor_demo_msgs/lib/python3.12/site-packages/serial_motor_demo_msgs/serial_motor_demo_msgs_s__rosidl_typesupport_introspection_c.so\n'}
[43.549567] (serial_motor_demo_msgs) StdoutLine: {'line': b'-- Set non-toolchain portion of runtime path of "/home/olympusolutions/senior_ws/install/serial_motor_demo_msgs/lib/python3.12/site-packages/serial_motor_demo_msgs/serial_motor_demo_msgs_s__rosidl_typesupport_introspection_c.so" to ""\n'}
[43.549712] (serial_motor_demo_msgs) StdoutLine: {'line': b'-- Installing: /home/olympusolutions/senior_ws/install/serial_motor_demo_msgs/lib/python3.12/site-packages/serial_motor_demo_msgs/serial_motor_demo_msgs_s__rosidl_typesupport_c.so\n'}
[43.556266] (serial_motor_demo_msgs) StdoutLine: {'line': b'-- Set non-toolchain portion of runtime path of "/home/olympusolutions/senior_ws/install/serial_motor_demo_msgs/lib/python3.12/site-packages/serial_motor_demo_msgs/serial_motor_demo_msgs_s__rosidl_typesupport_c.so" to ""\n'}
[43.556620] (serial_motor_demo_msgs) StdoutLine: {'line': b'-- Installing: /home/olympusolutions/senior_ws/install/serial_motor_demo_msgs/lib/libserial_motor_demo_msgs__rosidl_generator_py.so\n'}
[43.558158] (serial_motor_demo_msgs) StdoutLine: {'line': b'-- Set non-toolchain portion of runtime path of "/home/olympusolutions/senior_ws/install/serial_motor_demo_msgs/lib/libserial_motor_demo_msgs__rosidl_generator_py.so" to ""\n'}
[43.558397] (serial_motor_demo_msgs) StdoutLine: {'line': b'-- Installing: /home/olympusolutions/senior_ws/install/serial_motor_demo_msgs/share/serial_motor_demo_msgs/msg/MotorCommand.idl\n'}
[43.558586] (serial_motor_demo_msgs) StdoutLine: {'line': b'-- Installing: /home/olympusolutions/senior_ws/install/serial_motor_demo_msgs/share/serial_motor_demo_msgs/msg/MotorVels.idl\n'}
[43.558877] (serial_motor_demo_msgs) StdoutLine: {'line': b'-- Installing: /home/olympusolutions/senior_ws/install/serial_motor_demo_msgs/share/serial_motor_demo_msgs/msg/EncoderVals.idl\n'}
[43.559110] (serial_motor_demo_msgs) StdoutLine: {'line': b'-- Installing: /home/olympusolutions/senior_ws/install/serial_motor_demo_msgs/share/serial_motor_demo_msgs/msg/MotorCommand.msg\n'}
[43.559261] (serial_motor_demo_msgs) StdoutLine: {'line': b'-- Installing: /home/olympusolutions/senior_ws/install/serial_motor_demo_msgs/share/serial_motor_demo_msgs/msg/MotorVels.msg\n'}
[43.559407] (serial_motor_demo_msgs) StdoutLine: {'line': b'-- Installing: /home/olympusolutions/senior_ws/install/serial_motor_demo_msgs/share/serial_motor_demo_msgs/msg/EncoderVals.msg\n'}
[43.559565] (serial_motor_demo_msgs) StdoutLine: {'line': b'-- Installing: /home/olympusolutions/senior_ws/install/serial_motor_demo_msgs/share/ament_index/resource_index/package_run_dependencies/serial_motor_demo_msgs\n'}
[43.566320] (serial_motor_demo_msgs) StdoutLine: {'line': b'-- Installing: /home/olympusolutions/senior_ws/install/serial_motor_demo_msgs/share/ament_index/resource_index/parent_prefix_path/serial_motor_demo_msgs\n'}
[43.566569] (serial_motor_demo_msgs) StdoutLine: {'line': b'-- Installing: /home/olympusolutions/senior_ws/install/serial_motor_demo_msgs/share/serial_motor_demo_msgs/environment/ament_prefix_path.sh\n'}
[43.567444] (serial_motor_demo_msgs) StdoutLine: {'line': b'-- Installing: /home/olympusolutions/senior_ws/install/serial_motor_demo_msgs/share/serial_motor_demo_msgs/environment/ament_prefix_path.dsv\n'}
[43.567947] (serial_motor_demo_msgs) StdoutLine: {'line': b'-- Installing: /home/olympusolutions/senior_ws/install/serial_motor_demo_msgs/share/serial_motor_demo_msgs/environment/path.sh\n'}
[43.568220] (serial_motor_demo_msgs) StdoutLine: {'line': b'-- Installing: /home/olympusolutions/senior_ws/install/serial_motor_demo_msgs/share/serial_motor_demo_msgs/environment/path.dsv\n'}
[43.568486] (serial_motor_demo_msgs) StdoutLine: {'line': b'-- Installing: /home/olympusolutions/senior_ws/install/serial_motor_demo_msgs/share/serial_motor_demo_msgs/local_setup.bash\n'}
[43.569428] (serial_motor_demo_msgs) StdoutLine: {'line': b'-- Installing: /home/olympusolutions/senior_ws/install/serial_motor_demo_msgs/share/serial_motor_demo_msgs/local_setup.sh\n'}
[43.569823] (serial_motor_demo_msgs) StdoutLine: {'line': b'-- Installing: /home/olympusolutions/senior_ws/install/serial_motor_demo_msgs/share/serial_motor_demo_msgs/local_setup.zsh\n'}
[43.570026] (serial_motor_demo_msgs) StdoutLine: {'line': b'-- Installing: /home/olympusolutions/senior_ws/install/serial_motor_demo_msgs/share/serial_motor_demo_msgs/local_setup.dsv\n'}
[43.570208] (serial_motor_demo_msgs) StdoutLine: {'line': b'-- Installing: /home/olympusolutions/senior_ws/install/serial_motor_demo_msgs/share/serial_motor_demo_msgs/package.dsv\n'}
[43.570412] (serial_motor_demo_msgs) StdoutLine: {'line': b'-- Installing: /home/olympusolutions/senior_ws/install/serial_motor_demo_msgs/share/ament_index/resource_index/packages/serial_motor_demo_msgs\n'}
[43.575345] (serial_motor_demo_msgs) StdoutLine: {'line': b'-- Installing: /home/olympusolutions/senior_ws/install/serial_motor_demo_msgs/share/serial_motor_demo_msgs/cmake/export_serial_motor_demo_msgs__rosidl_generator_cExport.cmake\n'}
[43.575498] (serial_motor_demo_msgs) StdoutLine: {'line': b'-- Installing: /home/olympusolutions/senior_ws/install/serial_motor_demo_msgs/share/serial_motor_demo_msgs/cmake/export_serial_motor_demo_msgs__rosidl_generator_cExport-noconfig.cmake\n'}
[43.575611] (serial_motor_demo_msgs) StdoutLine: {'line': b'-- Installing: /home/olympusolutions/senior_ws/install/serial_motor_demo_msgs/share/serial_motor_demo_msgs/cmake/export_serial_motor_demo_msgs__rosidl_typesupport_fastrtps_cExport.cmake\n'}
[43.575766] (serial_motor_demo_msgs) StdoutLine: {'line': b'-- Installing: /home/olympusolutions/senior_ws/install/serial_motor_demo_msgs/share/serial_motor_demo_msgs/cmake/export_serial_motor_demo_msgs__rosidl_typesupport_fastrtps_cExport-noconfig.cmake\n'}
[43.575858] (serial_motor_demo_msgs) StdoutLine: {'line': b'-- Installing: /home/olympusolutions/senior_ws/install/serial_motor_demo_msgs/share/serial_motor_demo_msgs/cmake/serial_motor_demo_msgs__rosidl_typesupport_introspection_cExport.cmake\n'}
[43.575945] (serial_motor_demo_msgs) StdoutLine: {'line': b'-- Installing: /home/olympusolutions/senior_ws/install/serial_motor_demo_msgs/share/serial_motor_demo_msgs/cmake/serial_motor_demo_msgs__rosidl_typesupport_introspection_cExport-noconfig.cmake\n'}
[43.576034] (serial_motor_demo_msgs) StdoutLine: {'line': b'-- Installing: /home/olympusolutions/senior_ws/install/serial_motor_demo_msgs/share/serial_motor_demo_msgs/cmake/serial_motor_demo_msgs__rosidl_typesupport_cExport.cmake\n'}
[43.576122] (serial_motor_demo_msgs) StdoutLine: {'line': b'-- Installing: /home/olympusolutions/senior_ws/install/serial_motor_demo_msgs/share/serial_motor_demo_msgs/cmake/serial_motor_demo_msgs__rosidl_typesupport_cExport-noconfig.cmake\n'}
[43.576208] (serial_motor_demo_msgs) StdoutLine: {'line': b'-- Installing: /home/olympusolutions/senior_ws/install/serial_motor_demo_msgs/share/serial_motor_demo_msgs/cmake/export_serial_motor_demo_msgs__rosidl_generator_cppExport.cmake\n'}
[43.576291] (serial_motor_demo_msgs) StdoutLine: {'line': b'-- Installing: /home/olympusolutions/senior_ws/install/serial_motor_demo_msgs/share/serial_motor_demo_msgs/cmake/export_serial_motor_demo_msgs__rosidl_typesupport_fastrtps_cppExport.cmake\n'}
[43.576376] (serial_motor_demo_msgs) StdoutLine: {'line': b'-- Installing: /home/olympusolutions/senior_ws/install/serial_motor_demo_msgs/share/serial_motor_demo_msgs/cmake/export_serial_motor_demo_msgs__rosidl_typesupport_fastrtps_cppExport-noconfig.cmake\n'}
[43.576458] (serial_motor_demo_msgs) StdoutLine: {'line': b'-- Installing: /home/olympusolutions/senior_ws/install/serial_motor_demo_msgs/share/serial_motor_demo_msgs/cmake/serial_motor_demo_msgs__rosidl_typesupport_introspection_cppExport.cmake\n'}
[43.576553] (serial_motor_demo_msgs) StdoutLine: {'line': b'-- Installing: /home/olympusolutions/senior_ws/install/serial_motor_demo_msgs/share/serial_motor_demo_msgs/cmake/serial_motor_demo_msgs__rosidl_typesupport_introspection_cppExport-noconfig.cmake\n'}
[43.576656] (serial_motor_demo_msgs) StdoutLine: {'line': b'-- Installing: /home/olympusolutions/senior_ws/install/serial_motor_demo_msgs/share/serial_motor_demo_msgs/cmake/serial_motor_demo_msgs__rosidl_typesupport_cppExport.cmake\n'}
[43.576803] (serial_motor_demo_msgs) StdoutLine: {'line': b'-- Installing: /home/olympusolutions/senior_ws/install/serial_motor_demo_msgs/share/serial_motor_demo_msgs/cmake/serial_motor_demo_msgs__rosidl_typesupport_cppExport-noconfig.cmake\n'}
[43.576920] (serial_motor_demo_msgs) StdoutLine: {'line': b'-- Installing: /home/olympusolutions/senior_ws/install/serial_motor_demo_msgs/share/serial_motor_demo_msgs/cmake/export_serial_motor_demo_msgs__rosidl_generator_pyExport.cmake\n'}
[43.576996] (serial_motor_demo_msgs) StdoutLine: {'line': b'-- Installing: /home/olympusolutions/senior_ws/install/serial_motor_demo_msgs/share/serial_motor_demo_msgs/cmake/export_serial_motor_demo_msgs__rosidl_generator_pyExport-noconfig.cmake\n'}
[43.577071] (serial_motor_demo_msgs) StdoutLine: {'line': b'-- Installing: /home/olympusolutions/senior_ws/install/serial_motor_demo_msgs/share/serial_motor_demo_msgs/cmake/rosidl_cmake-extras.cmake\n'}
[43.577144] (serial_motor_demo_msgs) StdoutLine: {'line': b'-- Installing: /home/olympusolutions/senior_ws/install/serial_motor_demo_msgs/share/serial_motor_demo_msgs/cmake/ament_cmake_export_include_directories-extras.cmake\n'}
[43.577222] (serial_motor_demo_msgs) StdoutLine: {'line': b'-- Installing: /home/olympusolutions/senior_ws/install/serial_motor_demo_msgs/share/serial_motor_demo_msgs/cmake/ament_cmake_export_libraries-extras.cmake\n'}
[43.577300] (serial_motor_demo_msgs) StdoutLine: {'line': b'-- Installing: /home/olympusolutions/senior_ws/install/serial_motor_demo_msgs/share/serial_motor_demo_msgs/cmake/ament_cmake_export_targets-extras.cmake\n'}
[43.577378] (serial_motor_demo_msgs) StdoutLine: {'line': b'-- Installing: /home/olympusolutions/senior_ws/install/serial_motor_demo_msgs/share/serial_motor_demo_msgs/cmake/rosidl_cmake_export_typesupport_targets-extras.cmake\n'}
[43.577455] (serial_motor_demo_msgs) StdoutLine: {'line': b'-- Installing: /home/olympusolutions/senior_ws/install/serial_motor_demo_msgs/share/serial_motor_demo_msgs/cmake/ament_cmake_export_dependencies-extras.cmake\n'}
[43.584060] (-) TimerEvent: {}
[43.584356] (serial_motor_demo_msgs) StdoutLine: {'line': b'-- Installing: /home/olympusolutions/senior_ws/install/serial_motor_demo_msgs/share/serial_motor_demo_msgs/cmake/rosidl_cmake_export_typesupport_libraries-extras.cmake\n'}
[43.584614] (serial_motor_demo_msgs) StdoutLine: {'line': b'-- Installing: /home/olympusolutions/senior_ws/install/serial_motor_demo_msgs/share/serial_motor_demo_msgs/cmake/serial_motor_demo_msgsConfig.cmake\n'}
[43.584846] (serial_motor_demo_msgs) StdoutLine: {'line': b'-- Installing: /home/olympusolutions/senior_ws/install/serial_motor_demo_msgs/share/serial_motor_demo_msgs/cmake/serial_motor_demo_msgsConfig-version.cmake\n'}
[43.585060] (serial_motor_demo_msgs) StdoutLine: {'line': b'-- Installing: /home/olympusolutions/senior_ws/install/serial_motor_demo_msgs/share/serial_motor_demo_msgs/package.xml\n'}
[43.585211] (serial_motor_demo_msgs) CommandEnded: {'returncode': 0}
[43.653740] (serial_motor_demo_msgs) JobEnded: {'identifier': 'serial_motor_demo_msgs', 'rc': 0}
[43.676014] (serial_motor_demo) JobStarted: {'identifier': 'serial_motor_demo'}
[43.684188] (-) TimerEvent: {}
[43.785267] (-) TimerEvent: {}
[43.887746] (-) TimerEvent: {}
[43.988220] (-) TimerEvent: {}
[44.088733] (-) TimerEvent: {}
[44.189135] (-) TimerEvent: {}
[44.289791] (-) TimerEvent: {}
[44.392739] (-) TimerEvent: {}
[44.493158] (-) TimerEvent: {}
[44.566199] (serial) StdoutLine: {'line': b'[ 42%] \x1b[32m\x1b[1mLinking CXX static library libgtest.a\x1b[0m\n'}
[44.595737] (-) TimerEvent: {}
[44.696126] (-) TimerEvent: {}
[44.796491] (-) TimerEvent: {}
[44.899906] (-) TimerEvent: {}
[44.907228] (serial) StdoutLine: {'line': b'[ 42%] Built target gtest\n'}
[44.958663] (serial) StdoutLine: {'line': b'[ 50%] \x1b[32mBuilding CXX object CMakeFiles/serial_example.dir/examples/serial_example.cc.o\x1b[0m\n'}
[45.000029] (-) TimerEvent: {}
[45.103108] (-) TimerEvent: {}
[45.203507] (-) TimerEvent: {}
[45.306749] (-) TimerEvent: {}
[45.407195] (-) TimerEvent: {}
[45.507710] (-) TimerEvent: {}
[45.608137] (-) TimerEvent: {}
[45.708583] (-) TimerEvent: {}
[45.809074] (-) TimerEvent: {}
[45.821141] (serial_motor_demo) Command: {'cmd': ['/usr/bin/python3', '-W', 'ignore:setup.py install is deprecated', '-W', 'ignore:easy_install command is deprecated', 'setup.py', 'egg_info', '--egg-base', '../../../build/serial_motor_demo', 'build', '--build-base', '/home/olympusolutions/senior_ws/build/serial_motor_demo/build', 'install', '--record', '/home/olympusolutions/senior_ws/build/serial_motor_demo/install.log', '--install-scripts', '$base/lib/serial_motor_demo', '--single-version-externally-managed', 'install_data'], 'cwd': '/home/olympusolutions/senior_ws/src/serial_motor_demo/serial_motor_demo', 'env': {'LESSOPEN': '| /usr/bin/lesspipe %s', 'USER': 'olympusolutions', 'GZ_CONFIG_PATH': '/opt/ros/jazzy/opt/gz_sim_vendor/share/gz:/opt/ros/jazzy/opt/sdformat_vendor/share/gz:/opt/ros/jazzy/opt/gz_gui_vendor/share/gz:/opt/ros/jazzy/opt/gz_transport_vendor/share/gz:/opt/ros/jazzy/opt/gz_rendering_vendor/share/gz:/opt/ros/jazzy/opt/gz_plugin_vendor/share/gz:/opt/ros/jazzy/opt/gz_fuel_tools_vendor/share/gz:/opt/ros/jazzy/opt/gz_msgs_vendor/share/gz:/opt/ros/jazzy/opt/gz_common_vendor/share/gz', 'XDG_SESSION_TYPE': 'wayland', 'SHLVL': '1', 'LD_LIBRARY_PATH': '/home/olympusolutions/senior_ws/install/serial_motor_demo_msgs/lib:/opt/ros/jazzy/opt/gz_sim_vendor/lib:/opt/ros/jazzy/opt/gz_sensors_vendor/lib:/opt/ros/jazzy/opt/gz_physics_vendor/lib:/opt/ros/jazzy/opt/sdformat_vendor/lib:/opt/ros/jazzy/opt/rviz_ogre_vendor/lib:/opt/ros/jazzy/lib/aarch64-linux-gnu:/opt/ros/jazzy/opt/gz_gui_vendor/lib:/opt/ros/jazzy/opt/gz_transport_vendor/lib:/opt/ros/jazzy/opt/gz_rendering_vendor/lib:/opt/ros/jazzy/opt/gz_plugin_vendor/lib:/opt/ros/jazzy/opt/gz_fuel_tools_vendor/lib:/opt/ros/jazzy/opt/gz_msgs_vendor/lib:/opt/ros/jazzy/opt/gz_common_vendor/lib:/opt/ros/jazzy/opt/gz_math_vendor/lib:/opt/ros/jazzy/opt/gz_utils_vendor/lib:/opt/ros/jazzy/opt/gz_tools_vendor/lib:/opt/ros/jazzy/opt/gz_ogre_next_vendor/lib:/opt/ros/jazzy/opt/gz_dartsim_vendor/lib:/opt/ros/jazzy/opt/gz_cmake_vendor/lib:/opt/ros/jazzy/lib', 'HOME': '/home/olympusolutions', 'OLDPWD': '/home/olympusolutions', 'DESKTOP_SESSION': 'ubuntu', 'ROS_PYTHON_VERSION': '3', 'GNOME_SHELL_SESSION_MODE': 'ubuntu', 'GTK_MODULES': 'gail:atk-bridge', 'SYSTEMD_EXEC_PID': '3022', 'GSM_SKIP_SSH_AGENT_WORKAROUND': 'true', 'DBUS_SESSION_BUS_ADDRESS': 'unix:path=/run/user/1002/bus', 'COLORTERM': 'truecolor', 'DEBUGINFOD_URLS': 'https://debuginfod.ubuntu.com', 'IM_CONFIG_PHASE': '1', 'WAYLAND_DISPLAY': 'wayland-0', 'ROS_DISTRO': 'jazzy', 'LOGNAME': 'olympusolutions', '_': '/usr/bin/colcon', 'ROS_VERSION': '2', 'MEMORY_PRESSURE_WATCH': '/sys/fs/cgroup/user.slice/user-1002.slice/user@1002.service/session.slice/org.gnome.Shell@wayland.service/memory.pressure', 'XDG_SESSION_CLASS': 'user', 'USERNAME': 'olympusolutions', 'TERM': 'xterm-256color', 'GNOME_DESKTOP_SESSION_ID': 'this-is-deprecated', 'PATH': '/opt/ros/jazzy/opt/gz_msgs_vendor/bin:/opt/ros/jazzy/opt/gz_tools_vendor/bin:/opt/ros/jazzy/opt/gz_ogre_next_vendor/bin:/opt/ros/jazzy/bin:/home/olympusolutions/.local/bin:/usr/local/sbin:/usr/local/bin:/usr/sbin:/usr/bin:/sbin:/bin:/usr/games:/usr/local/games:/snap/bin:/snap/bin', 'SESSION_MANAGER': 'local/olympusolutions-desktop:@/tmp/.ICE-unix/2977,unix/olympusolutions-desktop:/tmp/.ICE-unix/2977', 'XDG_MENU_PREFIX': 'gnome-', 'GNOME_TERMINAL_SCREEN': '/org/gnome/Terminal/screen/5426054a_44ad_4b3b_9be3_3f00634632e4', 'GNOME_SETUP_DISPLAY': ':1', 'XDG_RUNTIME_DIR': '/run/user/1002', 'DISPLAY': ':0', 'LANG': 'en_US.UTF-8', 'XDG_CURRENT_DESKTOP': 'ubuntu:GNOME', 'XMODIFIERS': '@im=ibus', 'XDG_SESSION_DESKTOP': 'ubuntu', 'XAUTHORITY': '/run/user/1002/.mutter-Xwaylandauth.ZJBY42', 'LS_COLORS': 'rs=0:di=01;34:ln=01;36:mh=00:pi=40;33:so=01;35:do=01;35:bd=40;33;01:cd=40;33;01:or=40;31;01:mi=00:su=37;41:sg=30;43:ca=00:tw=30;42:ow=34;42:st=37;44:ex=01;32:*.tar=01;31:*.tgz=01;31:*.arc=01;31:*.arj=01;31:*.taz=01;31:*.lha=01;31:*.lz4=01;31:*.lzh=01;31:*.lzma=01;31:*.tlz=01;31:*.txz=01;31:*.tzo=01;31:*.t7z=01;31:*.zip=01;31:*.z=01;31:*.dz=01;31:*.gz=01;31:*.lrz=01;31:*.lz=01;31:*.lzo=01;31:*.xz=01;31:*.zst=01;31:*.tzst=01;31:*.bz2=01;31:*.bz=01;31:*.tbz=01;31:*.tbz2=01;31:*.tz=01;31:*.deb=01;31:*.rpm=01;31:*.jar=01;31:*.war=01;31:*.ear=01;31:*.sar=01;31:*.rar=01;31:*.alz=01;31:*.ace=01;31:*.zoo=01;31:*.cpio=01;31:*.7z=01;31:*.rz=01;31:*.cab=01;31:*.wim=01;31:*.swm=01;31:*.dwm=01;31:*.esd=01;31:*.avif=01;35:*.jpg=01;35:*.jpeg=01;35:*.mjpg=01;35:*.mjpeg=01;35:*.gif=01;35:*.bmp=01;35:*.pbm=01;35:*.pgm=01;35:*.ppm=01;35:*.tga=01;35:*.xbm=01;35:*.xpm=01;35:*.tif=01;35:*.tiff=01;35:*.png=01;35:*.svg=01;35:*.svgz=01;35:*.mng=01;35:*.pcx=01;35:*.mov=01;35:*.mpg=01;35:*.mpeg=01;35:*.m2v=01;35:*.mkv=01;35:*.webm=01;35:*.webp=01;35:*.ogm=01;35:*.mp4=01;35:*.m4v=01;35:*.mp4v=01;35:*.vob=01;35:*.qt=01;35:*.nuv=01;35:*.wmv=01;35:*.asf=01;35:*.rm=01;35:*.rmvb=01;35:*.flc=01;35:*.avi=01;35:*.fli=01;35:*.flv=01;35:*.gl=01;35:*.dl=01;35:*.xcf=01;35:*.xwd=01;35:*.yuv=01;35:*.cgm=01;35:*.emf=01;35:*.ogv=01;35:*.ogx=01;35:*.aac=00;36:*.au=00;36:*.flac=00;36:*.m4a=00;36:*.mid=00;36:*.midi=00;36:*.mka=00;36:*.mp3=00;36:*.mpc=00;36:*.ogg=00;36:*.ra=00;36:*.wav=00;36:*.oga=00;36:*.opus=00;36:*.spx=00;36:*.xspf=00;36:*~=00;90:*#=00;90:*.bak=00;90:*.crdownload=00;90:*.dpkg-dist=00;90:*.dpkg-new=00;90:*.dpkg-old=00;90:*.dpkg-tmp=00;90:*.old=00;90:*.orig=00;90:*.part=00;90:*.rej=00;90:*.rpmnew=00;90:*.rpmorig=00;90:*.rpmsave=00;90:*.swp=00;90:*.tmp=00;90:*.ucf-dist=00;90:*.ucf-new=00;90:*.ucf-old=00;90:', 'GNOME_TERMINAL_SERVICE': ':1.150', 'SSH_AUTH_SOCK': '/run/user/1002/keyring/ssh', 'AMENT_PREFIX_PATH': '/home/olympusolutions/senior_ws/install/serial_motor_demo_msgs:/opt/ros/jazzy', 'SHELL': '/bin/bash', 'QT_ACCESSIBILITY': '1', 'GDMSESSION': 'ubuntu', 'LESSCLOSE': '/usr/bin/lesspipe %s %s', 'ROS_AUTOMATIC_DISCOVERY_RANGE': 'SUBNET', 'QT_IM_MODULE': 'ibus', 'PWD': '/home/olympusolutions/senior_ws/build/serial_motor_demo', 'LC_ALL': 'en_US.UTF-8', 'XDG_CONFIG_DIRS': '/etc/xdg/xdg-ubuntu:/etc/xdg', 'XDG_DATA_DIRS': '/usr/share/ubuntu:/usr/share/gnome:/usr/local/share/:/usr/share/:/var/lib/snapd/desktop', 'PYTHONPATH': '/home/olympusolutions/senior_ws/build/serial_motor_demo/prefix_override:/usr/lib/python3/dist-packages/colcon_core/task/python/colcon_distutils_commands:/home/olympusolutions/senior_ws/install/serial_motor_demo/lib/python3.12/site-packages:/home/olympusolutions/senior_ws/install/serial_motor_demo_msgs/lib/python3.12/site-packages:/opt/ros/jazzy/lib/python3.12/site-packages', 'COLCON': '1', 'MEMORY_PRESSURE_WRITE': 'c29tZSAyMDAwMDAgMjAwMDAwMAA=', 'VTE_VERSION': '7600', 'CMAKE_PREFIX_PATH': '/home/olympusolutions/senior_ws/install/serial_motor_demo_msgs:/opt/ros/jazzy/opt/gz_sim_vendor:/opt/ros/jazzy/opt/gz_sensors_vendor:/opt/ros/jazzy/opt/gz_physics_vendor:/opt/ros/jazzy/opt/sdformat_vendor:/opt/ros/jazzy/opt/gz_gui_vendor:/opt/ros/jazzy/opt/gz_transport_vendor:/opt/ros/jazzy/opt/gz_rendering_vendor:/opt/ros/jazzy/opt/gz_plugin_vendor:/opt/ros/jazzy/opt/gz_fuel_tools_vendor:/opt/ros/jazzy/opt/gz_msgs_vendor:/opt/ros/jazzy/opt/gz_common_vendor:/opt/ros/jazzy/opt/gz_math_vendor:/opt/ros/jazzy/opt/gz_utils_vendor:/opt/ros/jazzy/opt/gz_tools_vendor:/opt/ros/jazzy/opt/gz_ogre_next_vendor:/opt/ros/jazzy/opt/gz_dartsim_vendor:/opt/ros/jazzy/opt/gz_cmake_vendor'}, 'shell': False}
[45.909213] (-) TimerEvent: {}
[45.976801] (serial) StdoutLine: {'line': b'[ 57%] \x1b[32m\x1b[1mLinking CXX executable serial_example\x1b[0m\n'}
[46.009348] (-) TimerEvent: {}
[46.109826] (-) TimerEvent: {}
[46.214026] (-) TimerEvent: {}
[46.231919] (serial) StdoutLine: {'line': b'[ 57%] Built target serial_example\n'}
[46.243044] (serial_motor_demo) StderrLine: {'line': b'/usr/lib/python3/dist-packages/setuptools/dist.py:744: SetuptoolsDeprecationWarning: Invalid dash-separated options\n'}
[46.243587] (serial_motor_demo) StderrLine: {'line': b'!!\n'}
[46.244027] (serial_motor_demo) StderrLine: {'line': b'\n'}
[46.246875] (serial_motor_demo) StderrLine: {'line': b'        ********************************************************************************\n'}
[46.247177] (serial_motor_demo) StderrLine: {'line': b"        Usage of dash-separated 'script-dir' will not be supported in future\n"}
[46.247318] (serial_motor_demo) StderrLine: {'line': b"        versions. Please use the underscore name 'script_dir' instead.\n"}
[46.247441] (serial_motor_demo) StderrLine: {'line': b'\n'}
[46.247553] (serial_motor_demo) StderrLine: {'line': b'        This deprecation is overdue, please update your project and remove deprecated\n'}
[46.247687] (serial_motor_demo) StderrLine: {'line': b'        calls to avoid build errors in the future.\n'}
[46.247827] (serial_motor_demo) StderrLine: {'line': b'\n'}
[46.247956] (serial_motor_demo) StderrLine: {'line': b'        See https://setuptools.pypa.io/en/latest/userguide/declarative_config.html for details.\n'}
[46.248082] (serial_motor_demo) StderrLine: {'line': b'        ********************************************************************************\n'}
[46.248197] (serial_motor_demo) StderrLine: {'line': b'\n'}
[46.248370] (serial_motor_demo) StderrLine: {'line': b'!!\n'}
[46.248500] (serial_motor_demo) StderrLine: {'line': b'  opt = self.warn_dash_deprecation(opt, section)\n'}
[46.285765] (serial) StdoutLine: {'line': b'[ 64%] \x1b[32mBuilding CXX object gtest/CMakeFiles/gtest_main.dir/src/gtest_main.cc.o\x1b[0m\n'}
[46.315782] (-) TimerEvent: {}
[46.416347] (-) TimerEvent: {}
[46.523784] (-) TimerEvent: {}
[46.624467] (-) TimerEvent: {}
[46.725561] (-) TimerEvent: {}
[46.831372] (-) TimerEvent: {}
[46.932560] (-) TimerEvent: {}
[47.033220] (-) TimerEvent: {}
[47.141146] (-) TimerEvent: {}
[47.245204] (-) TimerEvent: {}
[47.349122] (-) TimerEvent: {}
[47.399364] (serial_motor_demo) StdoutLine: {'line': b'running egg_info\n'}
[47.400809] (serial_motor_demo) StdoutLine: {'line': b'creating ../../../build/serial_motor_demo/serial_motor_demo.egg-info\n'}
[47.449338] (-) TimerEvent: {}
[47.539024] (serial_motor_demo) StdoutLine: {'line': b'writing ../../../build/serial_motor_demo/serial_motor_demo.egg-info/PKG-INFO\n'}
[47.539475] (serial_motor_demo) StdoutLine: {'line': b'writing dependency_links to ../../../build/serial_motor_demo/serial_motor_demo.egg-info/dependency_links.txt\n'}
[47.539833] (serial_motor_demo) StdoutLine: {'line': b'writing entry points to ../../../build/serial_motor_demo/serial_motor_demo.egg-info/entry_points.txt\n'}
[47.540625] (serial_motor_demo) StdoutLine: {'line': b'writing requirements to ../../../build/serial_motor_demo/serial_motor_demo.egg-info/requires.txt\n'}
[47.542162] (serial_motor_demo) StdoutLine: {'line': b'writing top-level names to ../../../build/serial_motor_demo/serial_motor_demo.egg-info/top_level.txt\n'}
[47.542332] (serial_motor_demo) StdoutLine: {'line': b"writing manifest file '../../../build/serial_motor_demo/serial_motor_demo.egg-info/SOURCES.txt'\n"}
[47.551220] (-) TimerEvent: {}
[47.651802] (-) TimerEvent: {}
[47.752456] (-) TimerEvent: {}
[47.854691] (-) TimerEvent: {}
[47.881518] (serial_motor_demo) StdoutLine: {'line': b"reading manifest file '../../../build/serial_motor_demo/serial_motor_demo.egg-info/SOURCES.txt'\n"}
[47.886155] (serial_motor_demo) StdoutLine: {'line': b"writing manifest file '../../../build/serial_motor_demo/serial_motor_demo.egg-info/SOURCES.txt'\n"}
[47.887510] (serial_motor_demo) StdoutLine: {'line': b'running build\n'}
[47.889468] (serial_motor_demo) StdoutLine: {'line': b'running build_py\n'}
[47.890005] (serial_motor_demo) StdoutLine: {'line': b'creating /home/olympusolutions/senior_ws/build/serial_motor_demo/build\n'}
[47.890195] (serial_motor_demo) StdoutLine: {'line': b'creating /home/olympusolutions/senior_ws/build/serial_motor_demo/build/lib\n'}
[47.893257] (serial_motor_demo) StdoutLine: {'line': b'creating /home/olympusolutions/senior_ws/build/serial_motor_demo/build/lib/serial_motor_demo\n'}
[47.893486] (serial_motor_demo) StdoutLine: {'line': b'copying serial_motor_demo/__init__.py -> /home/olympusolutions/senior_ws/build/serial_motor_demo/build/lib/serial_motor_demo\n'}
[47.893686] (serial_motor_demo) StdoutLine: {'line': b'copying serial_motor_demo/driver.py -> /home/olympusolutions/senior_ws/build/serial_motor_demo/build/lib/serial_motor_demo\n'}
[47.893879] (serial_motor_demo) StdoutLine: {'line': b'copying serial_motor_demo/gui.py -> /home/olympusolutions/senior_ws/build/serial_motor_demo/build/lib/serial_motor_demo\n'}
[47.894027] (serial_motor_demo) StdoutLine: {'line': b'running install\n'}
[47.918611] (serial_motor_demo) StdoutLine: {'line': b'running install_lib\n'}
[47.956779] (-) TimerEvent: {}
[48.049800] (serial_motor_demo) StdoutLine: {'line': b'creating /home/olympusolutions/senior_ws/install/serial_motor_demo/lib/python3.12/site-packages/serial_motor_demo\n'}
[48.050481] (serial_motor_demo) StdoutLine: {'line': b'copying /home/olympusolutions/senior_ws/build/serial_motor_demo/build/lib/serial_motor_demo/__init__.py -> /home/olympusolutions/senior_ws/install/serial_motor_demo/lib/python3.12/site-packages/serial_motor_demo\n'}
[48.050873] (serial_motor_demo) StdoutLine: {'line': b'copying /home/olympusolutions/senior_ws/build/serial_motor_demo/build/lib/serial_motor_demo/driver.py -> /home/olympusolutions/senior_ws/install/serial_motor_demo/lib/python3.12/site-packages/serial_motor_demo\n'}
[48.051209] (serial_motor_demo) StdoutLine: {'line': b'copying /home/olympusolutions/senior_ws/build/serial_motor_demo/build/lib/serial_motor_demo/gui.py -> /home/olympusolutions/senior_ws/install/serial_motor_demo/lib/python3.12/site-packages/serial_motor_demo\n'}
[48.053268] (serial_motor_demo) StdoutLine: {'line': b'byte-compiling /home/olympusolutions/senior_ws/install/serial_motor_demo/lib/python3.12/site-packages/serial_motor_demo/__init__.py to __init__.cpython-312.pyc\n'}
[48.054219] (serial_motor_demo) StdoutLine: {'line': b'byte-compiling /home/olympusolutions/senior_ws/install/serial_motor_demo/lib/python3.12/site-packages/serial_motor_demo/driver.py to driver.cpython-312.pyc\n'}
[48.058819] (-) TimerEvent: {}
[48.060923] (serial_motor_demo) StdoutLine: {'line': b'byte-compiling /home/olympusolutions/senior_ws/install/serial_motor_demo/lib/python3.12/site-packages/serial_motor_demo/gui.py to gui.cpython-312.pyc\n'}
[48.071391] (serial_motor_demo) StdoutLine: {'line': b'running install_data\n'}
[48.074923] (serial_motor_demo) StdoutLine: {'line': b'creating /home/olympusolutions/senior_ws/install/serial_motor_demo/share/ament_index\n'}
[48.075409] (serial_motor_demo) StdoutLine: {'line': b'creating /home/olympusolutions/senior_ws/install/serial_motor_demo/share/ament_index/resource_index\n'}
[48.075693] (serial_motor_demo) StdoutLine: {'line': b'creating /home/olympusolutions/senior_ws/install/serial_motor_demo/share/ament_index/resource_index/packages\n'}
[48.075877] (serial_motor_demo) StdoutLine: {'line': b'copying resource/serial_motor_demo -> /home/olympusolutions/senior_ws/install/serial_motor_demo/share/ament_index/resource_index/packages\n'}
[48.077345] (serial_motor_demo) StdoutLine: {'line': b'copying package.xml -> /home/olympusolutions/senior_ws/install/serial_motor_demo/share/serial_motor_demo\n'}
[48.080978] (serial_motor_demo) StdoutLine: {'line': b'running install_egg_info\n'}
[48.158957] (-) TimerEvent: {}
[48.206396] (serial_motor_demo) StdoutLine: {'line': b'Copying ../../../build/serial_motor_demo/serial_motor_demo.egg-info to /home/olympusolutions/senior_ws/install/serial_motor_demo/lib/python3.12/site-packages/serial_motor_demo-0.0.0-py3.12.egg-info\n'}
[48.214757] (serial_motor_demo) StdoutLine: {'line': b'running install_scripts\n'}
[48.259128] (-) TimerEvent: {}
[48.362948] (-) TimerEvent: {}
[48.463583] (-) TimerEvent: {}
[48.569117] (-) TimerEvent: {}
[48.669803] (-) TimerEvent: {}
[48.770465] (-) TimerEvent: {}
[48.873810] (-) TimerEvent: {}
[48.976810] (-) TimerEvent: {}
[49.081793] (-) TimerEvent: {}
[49.182487] (-) TimerEvent: {}
[49.203940] (serial_motor_demo) StdoutLine: {'line': b'Installing driver script to /home/olympusolutions/senior_ws/install/serial_motor_demo/lib/serial_motor_demo\n'}
[49.204754] (serial_motor_demo) StdoutLine: {'line': b'Installing gui script to /home/olympusolutions/senior_ws/install/serial_motor_demo/lib/serial_motor_demo\n'}
[49.205795] (serial_motor_demo) StdoutLine: {'line': b"writing list of installed files to '/home/olympusolutions/senior_ws/build/serial_motor_demo/install.log'\n"}
[49.282712] (-) TimerEvent: {}
[49.383486] (-) TimerEvent: {}
[49.420625] (serial_motor_demo) CommandEnded: {'returncode': 0}
[49.445813] (serial_motor_demo) JobEnded: {'identifier': 'serial_motor_demo', 'rc': 0}
[49.486738] (-) TimerEvent: {}
[49.588814] (-) TimerEvent: {}
[49.689428] (-) TimerEvent: {}
[49.793058] (-) TimerEvent: {}
[49.896101] (-) TimerEvent: {}
[50.000151] (-) TimerEvent: {}
[50.101780] (-) TimerEvent: {}
[50.202994] (-) TimerEvent: {}
[50.304368] (-) TimerEvent: {}
[50.408133] (-) TimerEvent: {}
[50.508936] (-) TimerEvent: {}
[50.609743] (-) TimerEvent: {}
[50.676438] (serial) StdoutLine: {'line': b'[ 71%] \x1b[32m\x1b[1mLinking CXX static library libgtest_main.a\x1b[0m\n'}
[50.710790] (-) TimerEvent: {}
[50.759740] (sllidar_ros2) StdoutLine: {'line': b'[ 10%] \x1b[32mBuilding CXX object CMakeFiles/sllidar_node.dir/sdk/src/arch/linux/net_socket.cpp.o\x1b[0m\n'}
[50.801548] (serial) StdoutLine: {'line': b'[ 71%] Built target gtest_main\n'}
[50.810905] (-) TimerEvent: {}
[50.883573] (serial) StdoutLine: {'line': b'[ 78%] \x1b[32mBuilding CXX object tests/CMakeFiles/serial-test.dir/unix_serial_tests.cc.o\x1b[0m\n'}
[50.914207] (-) TimerEvent: {}
[51.015207] (-) TimerEvent: {}
[51.117350] (-) TimerEvent: {}
[51.219031] (-) TimerEvent: {}
[51.321479] (-) TimerEvent: {}
[51.423970] (-) TimerEvent: {}
[51.525960] (-) TimerEvent: {}
[51.628291] (-) TimerEvent: {}
[51.729050] (-) TimerEvent: {}
[51.834957] (-) TimerEvent: {}
[51.935576] (-) TimerEvent: {}
[51.984319] (sllidar_ros2) StderrLine: {'line': b'In file included from \x1b[01m\x1b[K/home/olympusolutions/senior_ws/src/sllidar_ros2/./sdk/include/rplidar_protocol.h:36\x1b[m\x1b[K,\n'}
[51.984670] (sllidar_ros2) StderrLine: {'line': b'                 from \x1b[01m\x1b[K/home/olympusolutions/senior_ws/src/sllidar_ros2/./sdk/include/rplidar.h:39\x1b[m\x1b[K,\n'}
[51.984859] (sllidar_ros2) StderrLine: {'line': b'                 from \x1b[01m\x1b[K/home/olympusolutions/senior_ws/src/sllidar_ros2/./sdk/src/sdkcommon.h:49\x1b[m\x1b[K,\n'}
[51.985003] (sllidar_ros2) StderrLine: {'line': b'                 from \x1b[01m\x1b[K/home/olympusolutions/senior_ws/src/sllidar_ros2/sdk/src/arch/linux/net_socket.cpp:10\x1b[m\x1b[K:\n'}
[51.985123] (sllidar_ros2) StderrLine: {'line': b'\x1b[01m\x1b[K/home/olympusolutions/senior_ws/src/sllidar_ros2/./sdk/include/sl_lidar_protocol.h:66:16:\x1b[m\x1b[K \x1b[01;35m\x1b[Kwarning: \x1b[m\x1b[KISO C++ forbids zero-size array \xe2\x80\x98\x1b[01m\x1b[Kdata\x1b[m\x1b[K\xe2\x80\x99 [\x1b[01;35m\x1b[K\x1b]8;;https://gcc.gnu.org/onlinedocs/gcc/Warning-Options.html#index-Wpedantic\x07-Wpedantic\x1b]8;;\x07\x1b[m\x1b[K]\n'}
[51.985254] (sllidar_ros2) StderrLine: {'line': b'   66 |     sl_u8 data[\x1b[01;35m\x1b[K0\x1b[m\x1b[K];\n'}
[51.985378] (sllidar_ros2) StderrLine: {'line': b'      |                \x1b[01;35m\x1b[K^\x1b[m\x1b[K\n'}
[51.986162] (sllidar_ros2) StderrLine: {'line': b'In file included from \x1b[01m\x1b[K/home/olympusolutions/senior_ws/src/sllidar_ros2/./sdk/include/rplidar_cmd.h:36\x1b[m\x1b[K,\n'}
[51.986723] (sllidar_ros2) StderrLine: {'line': b'                 from \x1b[01m\x1b[K/home/olympusolutions/senior_ws/src/sllidar_ros2/./sdk/include/rplidar.h:40\x1b[m\x1b[K:\n'}
[51.987010] (sllidar_ros2) StderrLine: {'line': b'\x1b[01m\x1b[K/home/olympusolutions/senior_ws/src/sllidar_ros2/./sdk/include/sl_lidar_cmd.h:324:20:\x1b[m\x1b[K \x1b[01;35m\x1b[Kwarning: \x1b[m\x1b[KISO C++ forbids zero-size array \xe2\x80\x98\x1b[01m\x1b[Kpayload\x1b[m\x1b[K\xe2\x80\x99 [\x1b[01;35m\x1b[K\x1b]8;;https://gcc.gnu.org/onlinedocs/gcc/Warning-Options.html#index-Wpedantic\x07-Wpedantic\x1b]8;;\x07\x1b[m\x1b[K]\n'}
[51.987366] (sllidar_ros2) StderrLine: {'line': b'  324 |     sl_u8  payload[\x1b[01;35m\x1b[K0\x1b[m\x1b[K];\n'}
[51.987515] (sllidar_ros2) StderrLine: {'line': b'      |                    \x1b[01;35m\x1b[K^\x1b[m\x1b[K\n'}
[52.035735] (-) TimerEvent: {}
[52.069000] (sllidar_ros2) StderrLine: {'line': b'In file included from \x1b[01m\x1b[K/home/olympusolutions/senior_ws/src/sllidar_ros2/./sdk/src/arch/linux/arch_linux.h:42\x1b[m\x1b[K,\n'}
[52.069402] (sllidar_ros2) StderrLine: {'line': b'                 from \x1b[01m\x1b[K/home/olympusolutions/senior_ws/src/sllidar_ros2/./sdk/src/sdkcommon.h:41\x1b[m\x1b[K:\n'}
[52.069579] (sllidar_ros2) StderrLine: {'line': b'\x1b[01m\x1b[K/home/olympusolutions/senior_ws/src/sllidar_ros2/sdk/src/arch/linux/net_socket.cpp:\x1b[m\x1b[K In member function \xe2\x80\x98\x1b[01m\x1b[Kvirtual u_result rp::arch::net::DGramSocketImpl::\x1b[01;32m\x1b[KsendTo\x1b[m\x1b[K(const rp::net::SocketAddress*, const void*, size_t)\x1b[m\x1b[K\xe2\x80\x99:\n'}
[52.069824] (sllidar_ros2) StderrLine: {'line': b'\x1b[01m\x1b[K/home/olympusolutions/senior_ws/src/sllidar_ros2/sdk/src/arch/linux/net_socket.cpp:733:24:\x1b[m\x1b[K \x1b[01;35m\x1b[Kwarning: \x1b[m\x1b[Kcomparison of integer expressions of different signedness: \xe2\x80\x98\x1b[01m\x1b[Kint\x1b[m\x1b[K\xe2\x80\x99 and \xe2\x80\x98\x1b[01m\x1b[Ksize_t\x1b[m\x1b[K\xe2\x80\x99 {aka \xe2\x80\x98\x1b[01m\x1b[Klong unsigned int\x1b[m\x1b[K\xe2\x80\x99} [\x1b[01;35m\x1b[K\x1b]8;;https://gcc.gnu.org/onlinedocs/gcc/Warning-Options.html#index-Wsign-compare\x07-Wsign-compare\x1b]8;;\x07\x1b[m\x1b[K]\n'}
[52.070039] (sllidar_ros2) StderrLine: {'line': b'  733 |             assert(\x1b[01;35m\x1b[Kans == len\x1b[m\x1b[K);\n'}
[52.070193] (sllidar_ros2) StderrLine: {'line': b'      |                    \x1b[01;35m\x1b[K~~~~^~~~~~\x1b[m\x1b[K\n'}
[52.136144] (-) TimerEvent: {}
[52.238065] (-) TimerEvent: {}
[52.344766] (-) TimerEvent: {}
[52.445288] (-) TimerEvent: {}
[52.467590] (sllidar_ros2) StdoutLine: {'line': b'[ 15%] \x1b[32mBuilding CXX object CMakeFiles/sllidar_node.dir/sdk/src/arch/linux/timer.cpp.o\x1b[0m\n'}
[52.545438] (-) TimerEvent: {}
[52.645913] (-) TimerEvent: {}
[52.746301] (-) TimerEvent: {}
[52.840976] (serial) StderrLine: {'line': b'In file included from \x1b[01m\x1b[K/usr/include/boost/bind/detail/requires_cxx11.hpp:9\x1b[m\x1b[K,\n'}
[52.841303] (serial) StderrLine: {'line': b'                 from \x1b[01m\x1b[K/usr/include/boost/bind/bind.hpp:24\x1b[m\x1b[K,\n'}
[52.841413] (serial) StderrLine: {'line': b'                 from \x1b[01m\x1b[K/usr/include/boost/bind.hpp:29\x1b[m\x1b[K,\n'}
[52.841499] (serial) StderrLine: {'line': b'                 from \x1b[01m\x1b[K/home/olympusolutions/senior_ws/src/serial/tests/unix_serial_tests.cc:23\x1b[m\x1b[K:\n'}
[52.841585] (serial) StderrLine: {'line': b'\x1b[01m\x1b[K/usr/include/boost/bind.hpp:36:1:\x1b[m\x1b[K \x1b[01;36m\x1b[Knote: \x1b[m\x1b[K\xe2\x80\x98\x1b[01m\x1b[K#pragma message: The practice of declaring the Bind placeholders (_1, _2, ...) in the global namespace is deprecated. Please use <boost/bind/bind.hpp> + using namespace boost::placeholders, or define BOOST_BIND_GLOBAL_PLACEHOLDERS to retain the current behavior.\x1b[m\x1b[K\xe2\x80\x99\n'}
[52.841716] (serial) StderrLine: {'line': b'   36 | \x1b[01;36m\x1b[KBOOST_PRAGMA_MESSAGE\x1b[m\x1b[K(\n'}
[52.841807] (serial) StderrLine: {'line': b'      | \x1b[01;36m\x1b[K^~~~~~~~~~~~~~~~~~~~\x1b[m\x1b[K\n'}
[52.846395] (-) TimerEvent: {}
[52.946732] (-) TimerEvent: {}
[53.047133] (-) TimerEvent: {}
[53.147541] (-) TimerEvent: {}
[53.159722] (sllidar_ros2) StdoutLine: {'line': b'[ 20%] \x1b[32mBuilding CXX object CMakeFiles/sllidar_node.dir/sdk/src/dataunpacker/dataunpacker.cpp.o\x1b[0m\n'}
[53.247683] (-) TimerEvent: {}
[53.337756] (serial) StdoutLine: {'line': b'[ 85%] \x1b[32m\x1b[1mLinking CXX executable serial-test\x1b[0m\n'}
[53.347809] (-) TimerEvent: {}
[53.448243] (-) TimerEvent: {}
[53.548719] (-) TimerEvent: {}
[53.649098] (-) TimerEvent: {}
[53.674590] (serial) StdoutLine: {'line': b'[ 85%] Built target serial-test\n'}
[53.721871] (serial) StdoutLine: {'line': b'[ 92%] \x1b[32mBuilding CXX object tests/CMakeFiles/serial-test-timer.dir/unit/unix_timer_tests.cc.o\x1b[0m\n'}
[53.749229] (-) TimerEvent: {}
[53.849638] (-) TimerEvent: {}
[53.950075] (-) TimerEvent: {}
[54.050479] (-) TimerEvent: {}
[54.105146] (sllidar_ros2) StderrLine: {'line': b'In file included from \x1b[01m\x1b[K/home/olympusolutions/senior_ws/src/sllidar_ros2/./sdk/include/rplidar_protocol.h:36\x1b[m\x1b[K,\n'}
[54.105435] (sllidar_ros2) StderrLine: {'line': b'                 from \x1b[01m\x1b[K/home/olympusolutions/senior_ws/src/sllidar_ros2/./sdk/include/rplidar.h:39\x1b[m\x1b[K,\n'}
[54.105544] (sllidar_ros2) StderrLine: {'line': b'                 from \x1b[01m\x1b[K/home/olympusolutions/senior_ws/src/sllidar_ros2/./sdk/src/sdkcommon.h:49\x1b[m\x1b[K,\n'}
[54.105639] (sllidar_ros2) StderrLine: {'line': b'                 from \x1b[01m\x1b[K/home/olympusolutions/senior_ws/src/sllidar_ros2/sdk/src/dataunpacker/dataunnpacker_commondef.h:41\x1b[m\x1b[K,\n'}
[54.105913] (sllidar_ros2) StderrLine: {'line': b'                 from \x1b[01m\x1b[K/home/olympusolutions/senior_ws/src/sllidar_ros2/sdk/src/dataunpacker/dataunpacker.cpp:39\x1b[m\x1b[K:\n'}
[54.106016] (sllidar_ros2) StderrLine: {'line': b'\x1b[01m\x1b[K/home/olympusolutions/senior_ws/src/sllidar_ros2/./sdk/include/sl_lidar_protocol.h:66:16:\x1b[m\x1b[K \x1b[01;35m\x1b[Kwarning: \x1b[m\x1b[KISO C++ forbids zero-size array \xe2\x80\x98\x1b[01m\x1b[Kdata\x1b[m\x1b[K\xe2\x80\x99 [\x1b[01;35m\x1b[K\x1b]8;;https://gcc.gnu.org/onlinedocs/gcc/Warning-Options.html#index-Wpedantic\x07-Wpedantic\x1b]8;;\x07\x1b[m\x1b[K]\n'}
[54.106131] (sllidar_ros2) StderrLine: {'line': b'   66 |     sl_u8 data[\x1b[01;35m\x1b[K0\x1b[m\x1b[K];\n'}
[54.106234] (sllidar_ros2) StderrLine: {'line': b'      |                \x1b[01;35m\x1b[K^\x1b[m\x1b[K\n'}
[54.106349] (sllidar_ros2) StderrLine: {'line': b'In file included from \x1b[01m\x1b[K/home/olympusolutions/senior_ws/src/sllidar_ros2/./sdk/include/rplidar_cmd.h:36\x1b[m\x1b[K,\n'}
[54.106440] (sllidar_ros2) StderrLine: {'line': b'                 from \x1b[01m\x1b[K/home/olympusolutions/senior_ws/src/sllidar_ros2/./sdk/include/rplidar.h:40\x1b[m\x1b[K:\n'}
[54.106519] (sllidar_ros2) StderrLine: {'line': b'\x1b[01m\x1b[K/home/olympusolutions/senior_ws/src/sllidar_ros2/./sdk/include/sl_lidar_cmd.h:324:20:\x1b[m\x1b[K \x1b[01;35m\x1b[Kwarning: \x1b[m\x1b[KISO C++ forbids zero-size array \xe2\x80\x98\x1b[01m\x1b[Kpayload\x1b[m\x1b[K\xe2\x80\x99 [\x1b[01;35m\x1b[K\x1b]8;;https://gcc.gnu.org/onlinedocs/gcc/Warning-Options.html#index-Wpedantic\x07-Wpedantic\x1b]8;;\x07\x1b[m\x1b[K]\n'}
[54.106606] (sllidar_ros2) StderrLine: {'line': b'  324 |     sl_u8  payload[\x1b[01;35m\x1b[K0\x1b[m\x1b[K];\n'}
[54.106738] (sllidar_ros2) StderrLine: {'line': b'      |                    \x1b[01;35m\x1b[K^\x1b[m\x1b[K\n'}
[54.150586] (-) TimerEvent: {}
[54.244162] (sllidar_ros2) StderrLine: {'line': b'In file included from \x1b[01m\x1b[K/home/olympusolutions/senior_ws/src/sllidar_ros2/sdk/src/dataunpacker/dataunpacker.cpp:40\x1b[m\x1b[K:\n'}
[54.244452] (sllidar_ros2) StderrLine: {'line': b'\x1b[01m\x1b[K/home/olympusolutions/senior_ws/src/sllidar_ros2/sdk/src/dataunpacker/dataunpacker.h:\x1b[m\x1b[K In member function \xe2\x80\x98\x1b[01m\x1b[Kvirtual void sl::internal::LIDARSampleDataListener::\x1b[01;32m\x1b[KonCustomSampleDataDecoded\x1b[m\x1b[K(_u8, _u32, const void*, size_t)\x1b[m\x1b[K\xe2\x80\x99:\n'}
[54.244564] (sllidar_ros2) StderrLine: {'line': b'\x1b[01m\x1b[K/home/olympusolutions/senior_ws/src/sllidar_ros2/sdk/src/dataunpacker/dataunpacker.h:54:52:\x1b[m\x1b[K \x1b[01;35m\x1b[Kwarning: \x1b[m\x1b[Kunused parameter \xe2\x80\x98\x1b[01m\x1b[KansType\x1b[m\x1b[K\xe2\x80\x99 [\x1b[01;35m\x1b[K\x1b]8;;https://gcc.gnu.org/onlinedocs/gcc/Warning-Options.html#index-Wunused-parameter\x07-Wunused-parameter\x1b]8;;\x07\x1b[m\x1b[K]\n'}
[54.244730] (sllidar_ros2) StderrLine: {'line': b'   54 |         virtual void onCustomSampleDataDecoded(\x1b[01;35m\x1b[K_u8 ansType\x1b[m\x1b[K, _u32 customCode, const void* data, size_t size) {}\n'}
[54.244829] (sllidar_ros2) StderrLine: {'line': b'      |                                                \x1b[01;35m\x1b[K~~~~^~~~~~~\x1b[m\x1b[K\n'}
[54.244912] (sllidar_ros2) StderrLine: {'line': b'\x1b[01m\x1b[K/home/olympusolutions/senior_ws/src/sllidar_ros2/sdk/src/dataunpacker/dataunpacker.h:54:66:\x1b[m\x1b[K \x1b[01;35m\x1b[Kwarning: \x1b[m\x1b[Kunused parameter \xe2\x80\x98\x1b[01m\x1b[KcustomCode\x1b[m\x1b[K\xe2\x80\x99 [\x1b[01;35m\x1b[K\x1b]8;;https://gcc.gnu.org/onlinedocs/gcc/Warning-Options.html#index-Wunused-parameter\x07-Wunused-parameter\x1b]8;;\x07\x1b[m\x1b[K]\n'}
[54.244995] (sllidar_ros2) StderrLine: {'line': b'   54 |    virtual void onCustomSampleDataDecoded(_u8 ansType, \x1b[01;35m\x1b[K_u32 customCode\x1b[m\x1b[K, const void* data, size_t size) {}\n'}
[54.245075] (sllidar_ros2) StderrLine: {'line': b'      |                                                        \x1b[01;35m\x1b[K~~~~~^~~~~~~~~~\x1b[m\x1b[K\n'}
[54.245154] (sllidar_ros2) StderrLine: {'line': b'\n'}
[54.245229] (sllidar_ros2) StderrLine: {'line': b'\x1b[01m\x1b[K/home/olympusolutions/senior_ws/src/sllidar_ros2/sdk/src/dataunpacker/dataunpacker.h:54:90:\x1b[m\x1b[K \x1b[01;35m\x1b[Kwarning: \x1b[m\x1b[Kunused parameter \xe2\x80\x98\x1b[01m\x1b[Kdata\x1b[m\x1b[K\xe2\x80\x99 [\x1b[01;35m\x1b[K\x1b]8;;https://gcc.gnu.org/onlinedocs/gcc/Warning-Options.html#index-Wunused-parameter\x07-Wunused-parameter\x1b]8;;\x07\x1b[m\x1b[K]\n'}
[54.245314] (sllidar_ros2) StderrLine: {'line': b'   54 | SampleDataDecoded(_u8 ansType, _u32 customCode, \x1b[01;35m\x1b[Kconst void* data\x1b[m\x1b[K, size_t size) {}\n'}
[54.245395] (sllidar_ros2) StderrLine: {'line': b'      |                                                 \x1b[01;35m\x1b[K~~~~~~~~~~~~^~~~\x1b[m\x1b[K\n'}
[54.245472] (sllidar_ros2) StderrLine: {'line': b'\n'}
[54.245544] (sllidar_ros2) StderrLine: {'line': b'\x1b[01m\x1b[K/home/olympusolutions/senior_ws/src/sllidar_ros2/sdk/src/dataunpacker/dataunpacker.h:54:103:\x1b[m\x1b[K \x1b[01;35m\x1b[Kwarning: \x1b[m\x1b[Kunused parameter \xe2\x80\x98\x1b[01m\x1b[Ksize\x1b[m\x1b[K\xe2\x80\x99 [\x1b[01;35m\x1b[K\x1b]8;;https://gcc.gnu.org/onlinedocs/gcc/Warning-Options.html#index-Wunused-parameter\x07-Wunused-parameter\x1b]8;;\x07\x1b[m\x1b[K]\n'}
[54.245626] (sllidar_ros2) StderrLine: {'line': b'   54 | Decoded(_u8 ansType, _u32 customCode, const void* data, \x1b[01;35m\x1b[Ksize_t size\x1b[m\x1b[K) {}\n'}
[54.245730] (sllidar_ros2) StderrLine: {'line': b'      |                                                         \x1b[01;35m\x1b[K~~~~~~~^~~~\x1b[m\x1b[K\n'}
[54.245809] (sllidar_ros2) StderrLine: {'line': b'\n'}
[54.245881] (sllidar_ros2) StderrLine: {'line': b'\x1b[01m\x1b[K/home/olympusolutions/senior_ws/src/sllidar_ros2/sdk/src/dataunpacker/dataunpacker.h:\x1b[m\x1b[K In member function \xe2\x80\x98\x1b[01m\x1b[Kvirtual void sl::internal::LIDARSampleDataListener::\x1b[01;32m\x1b[KonDecodingError\x1b[m\x1b[K(int, _u8, const void*, size_t)\x1b[m\x1b[K\xe2\x80\x99:\n'}
[54.245957] (sllidar_ros2) StderrLine: {'line': b'\x1b[01m\x1b[K/home/olympusolutions/senior_ws/src/sllidar_ros2/sdk/src/dataunpacker/dataunpacker.h:56:42:\x1b[m\x1b[K \x1b[01;35m\x1b[Kwarning: \x1b[m\x1b[Kunused parameter \xe2\x80\x98\x1b[01m\x1b[KerrMsg\x1b[m\x1b[K\xe2\x80\x99 [\x1b[01;35m\x1b[K\x1b]8;;https://gcc.gnu.org/onlinedocs/gcc/Warning-Options.html#index-Wunused-parameter\x07-Wunused-parameter\x1b]8;;\x07\x1b[m\x1b[K]\n'}
[54.246057] (sllidar_ros2) StderrLine: {'line': b'   56 |         virtual void onDecodingError(\x1b[01;35m\x1b[Kint errMsg\x1b[m\x1b[K, _u8 ansType, const void* payload, size_t size) {}\n'}
[54.246142] (sllidar_ros2) StderrLine: {'line': b'      |                                      \x1b[01;35m\x1b[K~~~~^~~~~~\x1b[m\x1b[K\n'}
[54.246218] (sllidar_ros2) StderrLine: {'line': b'\x1b[01m\x1b[K/home/olympusolutions/senior_ws/src/sllidar_ros2/sdk/src/dataunpacker/dataunpacker.h:56:54:\x1b[m\x1b[K \x1b[01;35m\x1b[Kwarning: \x1b[m\x1b[Kunused parameter \xe2\x80\x98\x1b[01m\x1b[KansType\x1b[m\x1b[K\xe2\x80\x99 [\x1b[01;35m\x1b[K\x1b]8;;https://gcc.gnu.org/onlinedocs/gcc/Warning-Options.html#index-Wunused-parameter\x07-Wunused-parameter\x1b]8;;\x07\x1b[m\x1b[K]\n'}
[54.246295] (sllidar_ros2) StderrLine: {'line': b'   56 |         virtual void onDecodingError(int errMsg, \x1b[01;35m\x1b[K_u8 ansType\x1b[m\x1b[K, const void* payload, size_t size) {}\n'}
[54.246369] (sllidar_ros2) StderrLine: {'line': b'      |                                                  \x1b[01;35m\x1b[K~~~~^~~~~~~\x1b[m\x1b[K\n'}
[54.246444] (sllidar_ros2) StderrLine: {'line': b'\x1b[01m\x1b[K/home/olympusolutions/senior_ws/src/sllidar_ros2/sdk/src/dataunpacker/dataunpacker.h:56:75:\x1b[m\x1b[K \x1b[01;35m\x1b[Kwarning: \x1b[m\x1b[Kunused parameter \xe2\x80\x98\x1b[01m\x1b[Kpayload\x1b[m\x1b[K\xe2\x80\x99 [\x1b[01;35m\x1b[K\x1b]8;;https://gcc.gnu.org/onlinedocs/gcc/Warning-Options.html#index-Wunused-parameter\x07-Wunused-parameter\x1b]8;;\x07\x1b[m\x1b[K]\n'}
[54.246524] (sllidar_ros2) StderrLine: {'line': b'   56 | l void onDecodingError(int errMsg, _u8 ansType, \x1b[01;35m\x1b[Kconst void* payload\x1b[m\x1b[K, size_t size) {}\n'}
[54.246606] (sllidar_ros2) StderrLine: {'line': b'      |                                                 \x1b[01;35m\x1b[K~~~~~~~~~~~~^~~~~~~\x1b[m\x1b[K\n'}
[54.246723] (sllidar_ros2) StderrLine: {'line': b'\n'}
[54.246805] (sllidar_ros2) StderrLine: {'line': b'\x1b[01m\x1b[K/home/olympusolutions/senior_ws/src/sllidar_ros2/sdk/src/dataunpacker/dataunpacker.h:56:91:\x1b[m\x1b[K \x1b[01;35m\x1b[Kwarning: \x1b[m\x1b[Kunused parameter \xe2\x80\x98\x1b[01m\x1b[Ksize\x1b[m\x1b[K\xe2\x80\x99 [\x1b[01;35m\x1b[K\x1b]8;;https://gcc.gnu.org/onlinedocs/gcc/Warning-Options.html#index-Wunused-parameter\x07-Wunused-parameter\x1b]8;;\x07\x1b[m\x1b[K]\n'}
[54.246883] (sllidar_ros2) StderrLine: {'line': b'   56 | dingError(int errMsg, _u8 ansType, const void* payload, \x1b[01;35m\x1b[Ksize_t size\x1b[m\x1b[K) {}\n'}
[54.246959] (sllidar_ros2) StderrLine: {'line': b'      |                                                         \x1b[01;35m\x1b[K~~~~~~~^~~~\x1b[m\x1b[K\n'}
[54.247034] (sllidar_ros2) StderrLine: {'line': b'\n'}
[54.250687] (-) TimerEvent: {}
[54.351062] (-) TimerEvent: {}
[54.451465] (-) TimerEvent: {}
[54.553740] (-) TimerEvent: {}
[54.594036] (sllidar_ros2) StdoutLine: {'line': b'[ 25%] \x1b[32mBuilding CXX object CMakeFiles/sllidar_node.dir/sdk/src/dataunpacker/unpacker/handler_capsules.cpp.o\x1b[0m\n'}
[54.653878] (-) TimerEvent: {}
[54.754270] (-) TimerEvent: {}
[54.854680] (-) TimerEvent: {}
[54.955082] (-) TimerEvent: {}
[55.055472] (-) TimerEvent: {}
[55.156260] (-) TimerEvent: {}
[55.256699] (-) TimerEvent: {}
[55.259923] (sllidar_ros2) StderrLine: {'line': b'In file included from \x1b[01m\x1b[K/home/olympusolutions/senior_ws/src/sllidar_ros2/./sdk/include/rplidar_protocol.h:36\x1b[m\x1b[K,\n'}
[55.260397] (sllidar_ros2) StderrLine: {'line': b'                 from \x1b[01m\x1b[K/home/olympusolutions/senior_ws/src/sllidar_ros2/./sdk/include/rplidar.h:39\x1b[m\x1b[K,\n'}
[55.260526] (sllidar_ros2) StderrLine: {'line': b'                 from \x1b[01m\x1b[K/home/olympusolutions/senior_ws/src/sllidar_ros2/./sdk/src/sdkcommon.h:49\x1b[m\x1b[K,\n'}
[55.260666] (sllidar_ros2) StderrLine: {'line': b'                 from \x1b[01m\x1b[K/home/olympusolutions/senior_ws/src/sllidar_ros2/sdk/src/dataunpacker/unpacker/../dataunnpacker_commondef.h:41\x1b[m\x1b[K,\n'}
[55.260836] (sllidar_ros2) StderrLine: {'line': b'                 from \x1b[01m\x1b[K/home/olympusolutions/senior_ws/src/sllidar_ros2/sdk/src/dataunpacker/unpacker/handler_capsules.cpp:39\x1b[m\x1b[K:\n'}
[55.260969] (sllidar_ros2) StderrLine: {'line': b'\x1b[01m\x1b[K/home/olympusolutions/senior_ws/src/sllidar_ros2/./sdk/include/sl_lidar_protocol.h:66:16:\x1b[m\x1b[K \x1b[01;35m\x1b[Kwarning: \x1b[m\x1b[KISO C++ forbids zero-size array \xe2\x80\x98\x1b[01m\x1b[Kdata\x1b[m\x1b[K\xe2\x80\x99 [\x1b[01;35m\x1b[K\x1b]8;;https://gcc.gnu.org/onlinedocs/gcc/Warning-Options.html#index-Wpedantic\x07-Wpedantic\x1b]8;;\x07\x1b[m\x1b[K]\n'}
[55.261193] (sllidar_ros2) StderrLine: {'line': b'   66 |     sl_u8 data[\x1b[01;35m\x1b[K0\x1b[m\x1b[K];\n'}
[55.261296] (sllidar_ros2) StderrLine: {'line': b'      |                \x1b[01;35m\x1b[K^\x1b[m\x1b[K\n'}
[55.261391] (sllidar_ros2) StderrLine: {'line': b'In file included from \x1b[01m\x1b[K/home/olympusolutions/senior_ws/src/sllidar_ros2/./sdk/include/rplidar_cmd.h:36\x1b[m\x1b[K,\n'}
[55.261492] (sllidar_ros2) StderrLine: {'line': b'                 from \x1b[01m\x1b[K/home/olympusolutions/senior_ws/src/sllidar_ros2/./sdk/include/rplidar.h:40\x1b[m\x1b[K:\n'}
[55.261593] (sllidar_ros2) StderrLine: {'line': b'\x1b[01m\x1b[K/home/olympusolutions/senior_ws/src/sllidar_ros2/./sdk/include/sl_lidar_cmd.h:324:20:\x1b[m\x1b[K \x1b[01;35m\x1b[Kwarning: \x1b[m\x1b[KISO C++ forbids zero-size array \xe2\x80\x98\x1b[01m\x1b[Kpayload\x1b[m\x1b[K\xe2\x80\x99 [\x1b[01;35m\x1b[K\x1b]8;;https://gcc.gnu.org/onlinedocs/gcc/Warning-Options.html#index-Wpedantic\x07-Wpedantic\x1b]8;;\x07\x1b[m\x1b[K]\n'}
[55.261742] (sllidar_ros2) StderrLine: {'line': b'  324 |     sl_u8  payload[\x1b[01;35m\x1b[K0\x1b[m\x1b[K];\n'}
[55.261841] (sllidar_ros2) StderrLine: {'line': b'      |                    \x1b[01;35m\x1b[K^\x1b[m\x1b[K\n'}
[55.283914] (serial) StdoutLine: {'line': b'[100%] \x1b[32m\x1b[1mLinking CXX executable serial-test-timer\x1b[0m\n'}
[55.358758] (-) TimerEvent: {}
[55.459176] (-) TimerEvent: {}
[55.490011] (sllidar_ros2) StderrLine: {'line': b'In file included from \x1b[01m\x1b[K/home/olympusolutions/senior_ws/src/sllidar_ros2/sdk/src/dataunpacker/unpacker/handler_capsules.cpp:40\x1b[m\x1b[K:\n'}
[55.490359] (sllidar_ros2) StderrLine: {'line': b'\x1b[01m\x1b[K/home/olympusolutions/senior_ws/src/sllidar_ros2/sdk/src/dataunpacker/unpacker/../dataunpacker.h:\x1b[m\x1b[K In member function \xe2\x80\x98\x1b[01m\x1b[Kvirtual void sl::internal::LIDARSampleDataListener::\x1b[01;32m\x1b[KonCustomSampleDataDecoded\x1b[m\x1b[K(_u8, _u32, const void*, size_t)\x1b[m\x1b[K\xe2\x80\x99:\n'}
[55.490532] (sllidar_ros2) StderrLine: {'line': b'\x1b[01m\x1b[K/home/olympusolutions/senior_ws/src/sllidar_ros2/sdk/src/dataunpacker/unpacker/../dataunpacker.h:54:52:\x1b[m\x1b[K \x1b[01;35m\x1b[Kwarning: \x1b[m\x1b[Kunused parameter \xe2\x80\x98\x1b[01m\x1b[KansType\x1b[m\x1b[K\xe2\x80\x99 [\x1b[01;35m\x1b[K\x1b]8;;https://gcc.gnu.org/onlinedocs/gcc/Warning-Options.html#index-Wunused-parameter\x07-Wunused-parameter\x1b]8;;\x07\x1b[m\x1b[K]\n'}
[55.490742] (sllidar_ros2) StderrLine: {'line': b'   54 |         virtual void onCustomSampleDataDecoded(\x1b[01;35m\x1b[K_u8 ansType\x1b[m\x1b[K, _u32 customCode, const void* data, size_t size) {}\n'}
[55.490894] (sllidar_ros2) StderrLine: {'line': b'      |                                                \x1b[01;35m\x1b[K~~~~^~~~~~~\x1b[m\x1b[K\n'}
[55.491032] (sllidar_ros2) StderrLine: {'line': b'\x1b[01m\x1b[K/home/olympusolutions/senior_ws/src/sllidar_ros2/sdk/src/dataunpacker/unpacker/../dataunpacker.h:54:66:\x1b[m\x1b[K \x1b[01;35m\x1b[Kwarning: \x1b[m\x1b[Kunused parameter \xe2\x80\x98\x1b[01m\x1b[KcustomCode\x1b[m\x1b[K\xe2\x80\x99 [\x1b[01;35m\x1b[K\x1b]8;;https://gcc.gnu.org/onlinedocs/gcc/Warning-Options.html#index-Wunused-parameter\x07-Wunused-parameter\x1b]8;;\x07\x1b[m\x1b[K]\n'}
[55.491167] (sllidar_ros2) StderrLine: {'line': b'   54 |    virtual void onCustomSampleDataDecoded(_u8 ansType, \x1b[01;35m\x1b[K_u32 customCode\x1b[m\x1b[K, const void* data, size_t size) {}\n'}
[55.491287] (sllidar_ros2) StderrLine: {'line': b'      |                                                        \x1b[01;35m\x1b[K~~~~~^~~~~~~~~~\x1b[m\x1b[K\n'}
[55.491421] (sllidar_ros2) StderrLine: {'line': b'\n'}
[55.491549] (sllidar_ros2) StderrLine: {'line': b'\x1b[01m\x1b[K/home/olympusolutions/senior_ws/src/sllidar_ros2/sdk/src/dataunpacker/unpacker/../dataunpacker.h:54:90:\x1b[m\x1b[K \x1b[01;35m\x1b[Kwarning: \x1b[m\x1b[Kunused parameter \xe2\x80\x98\x1b[01m\x1b[Kdata\x1b[m\x1b[K\xe2\x80\x99 [\x1b[01;35m\x1b[K\x1b]8;;https://gcc.gnu.org/onlinedocs/gcc/Warning-Options.html#index-Wunused-parameter\x07-Wunused-parameter\x1b]8;;\x07\x1b[m\x1b[K]\n'}
[55.491761] (sllidar_ros2) StderrLine: {'line': b'   54 | SampleDataDecoded(_u8 ansType, _u32 customCode, \x1b[01;35m\x1b[Kconst void* data\x1b[m\x1b[K, size_t size) {}\n'}
[55.491912] (sllidar_ros2) StderrLine: {'line': b'      |                                                 \x1b[01;35m\x1b[K~~~~~~~~~~~~^~~~\x1b[m\x1b[K\n'}
[55.492044] (sllidar_ros2) StderrLine: {'line': b'\n'}
[55.492159] (sllidar_ros2) StderrLine: {'line': b'\x1b[01m\x1b[K/home/olympusolutions/senior_ws/src/sllidar_ros2/sdk/src/dataunpacker/unpacker/../dataunpacker.h:54:103:\x1b[m\x1b[K \x1b[01;35m\x1b[Kwarning: \x1b[m\x1b[Kunused parameter \xe2\x80\x98\x1b[01m\x1b[Ksize\x1b[m\x1b[K\xe2\x80\x99 [\x1b[01;35m\x1b[K\x1b]8;;https://gcc.gnu.org/onlinedocs/gcc/Warning-Options.html#index-Wunused-parameter\x07-Wunused-parameter\x1b]8;;\x07\x1b[m\x1b[K]\n'}
[55.492299] (sllidar_ros2) StderrLine: {'line': b'   54 | Decoded(_u8 ansType, _u32 customCode, const void* data, \x1b[01;35m\x1b[Ksize_t size\x1b[m\x1b[K) {}\n'}
[55.492456] (sllidar_ros2) StderrLine: {'line': b'      |                                                         \x1b[01;35m\x1b[K~~~~~~~^~~~\x1b[m\x1b[K\n'}
[55.492608] (sllidar_ros2) StderrLine: {'line': b'\n'}
[55.492768] (sllidar_ros2) StderrLine: {'line': b'\x1b[01m\x1b[K/home/olympusolutions/senior_ws/src/sllidar_ros2/sdk/src/dataunpacker/unpacker/../dataunpacker.h:\x1b[m\x1b[K In member function \xe2\x80\x98\x1b[01m\x1b[Kvirtual void sl::internal::LIDARSampleDataListener::\x1b[01;32m\x1b[KonDecodingError\x1b[m\x1b[K(int, _u8, const void*, size_t)\x1b[m\x1b[K\xe2\x80\x99:\n'}
[55.492900] (sllidar_ros2) StderrLine: {'line': b'\x1b[01m\x1b[K/home/olympusolutions/senior_ws/src/sllidar_ros2/sdk/src/dataunpacker/unpacker/../dataunpacker.h:56:42:\x1b[m\x1b[K \x1b[01;35m\x1b[Kwarning: \x1b[m\x1b[Kunused parameter \xe2\x80\x98\x1b[01m\x1b[KerrMsg\x1b[m\x1b[K\xe2\x80\x99 [\x1b[01;35m\x1b[K\x1b]8;;https://gcc.gnu.org/onlinedocs/gcc/Warning-Options.html#index-Wunused-parameter\x07-Wunused-parameter\x1b]8;;\x07\x1b[m\x1b[K]\n'}
[55.493057] (sllidar_ros2) StderrLine: {'line': b'   56 |         virtual void onDecodingError(\x1b[01;35m\x1b[Kint errMsg\x1b[m\x1b[K, _u8 ansType, const void* payload, size_t size) {}\n'}
[55.493186] (sllidar_ros2) StderrLine: {'line': b'      |                                      \x1b[01;35m\x1b[K~~~~^~~~~~\x1b[m\x1b[K\n'}
[55.493328] (sllidar_ros2) StderrLine: {'line': b'\x1b[01m\x1b[K/home/olympusolutions/senior_ws/src/sllidar_ros2/sdk/src/dataunpacker/unpacker/../dataunpacker.h:56:54:\x1b[m\x1b[K \x1b[01;35m\x1b[Kwarning: \x1b[m\x1b[Kunused parameter \xe2\x80\x98\x1b[01m\x1b[KansType\x1b[m\x1b[K\xe2\x80\x99 [\x1b[01;35m\x1b[K\x1b]8;;https://gcc.gnu.org/onlinedocs/gcc/Warning-Options.html#index-Wunused-parameter\x07-Wunused-parameter\x1b]8;;\x07\x1b[m\x1b[K]\n'}
[55.493458] (sllidar_ros2) StderrLine: {'line': b'   56 |         virtual void onDecodingError(int errMsg, \x1b[01;35m\x1b[K_u8 ansType\x1b[m\x1b[K, const void* payload, size_t size) {}\n'}
[55.493592] (sllidar_ros2) StderrLine: {'line': b'      |                                                  \x1b[01;35m\x1b[K~~~~^~~~~~~\x1b[m\x1b[K\n'}
[55.493782] (sllidar_ros2) StderrLine: {'line': b'\x1b[01m\x1b[K/home/olympusolutions/senior_ws/src/sllidar_ros2/sdk/src/dataunpacker/unpacker/../dataunpacker.h:56:75:\x1b[m\x1b[K \x1b[01;35m\x1b[Kwarning: \x1b[m\x1b[Kunused parameter \xe2\x80\x98\x1b[01m\x1b[Kpayload\x1b[m\x1b[K\xe2\x80\x99 [\x1b[01;35m\x1b[K\x1b]8;;https://gcc.gnu.org/onlinedocs/gcc/Warning-Options.html#index-Wunused-parameter\x07-Wunused-parameter\x1b]8;;\x07\x1b[m\x1b[K]\n'}
[55.493952] (sllidar_ros2) StderrLine: {'line': b'   56 | l void onDecodingError(int errMsg, _u8 ansType, \x1b[01;35m\x1b[Kconst void* payload\x1b[m\x1b[K, size_t size) {}\n'}
[55.494099] (sllidar_ros2) StderrLine: {'line': b'      |                                                 \x1b[01;35m\x1b[K~~~~~~~~~~~~^~~~~~~\x1b[m\x1b[K\n'}
[55.494210] (sllidar_ros2) StderrLine: {'line': b'\n'}
[55.494348] (sllidar_ros2) StderrLine: {'line': b'\x1b[01m\x1b[K/home/olympusolutions/senior_ws/src/sllidar_ros2/sdk/src/dataunpacker/unpacker/../dataunpacker.h:56:91:\x1b[m\x1b[K \x1b[01;35m\x1b[Kwarning: \x1b[m\x1b[Kunused parameter \xe2\x80\x98\x1b[01m\x1b[Ksize\x1b[m\x1b[K\xe2\x80\x99 [\x1b[01;35m\x1b[K\x1b]8;;https://gcc.gnu.org/onlinedocs/gcc/Warning-Options.html#index-Wunused-parameter\x07-Wunused-parameter\x1b]8;;\x07\x1b[m\x1b[K]\n'}
[55.494534] (sllidar_ros2) StderrLine: {'line': b'   56 | dingError(int errMsg, _u8 ansType, const void* payload, \x1b[01;35m\x1b[Ksize_t size\x1b[m\x1b[K) {}\n'}
[55.494671] (sllidar_ros2) StderrLine: {'line': b'      |                                                         \x1b[01;35m\x1b[K~~~~~~~^~~~\x1b[m\x1b[K\n'}
[55.494816] (sllidar_ros2) StderrLine: {'line': b'\n'}
[55.514674] (sllidar_ros2) StderrLine: {'line': b'\x1b[01m\x1b[K/home/olympusolutions/senior_ws/src/sllidar_ros2/sdk/src/dataunpacker/unpacker/handler_capsules.cpp:\x1b[m\x1b[K In member function \xe2\x80\x98\x1b[01m\x1b[Kvoid sl::internal::unpacker::UnpackerHandler_DenseCapsuleNode::\x1b[01;32m\x1b[K_onScanNodeDenseCapsuleData\x1b[m\x1b[K(rplidar_response_dense_capsule_measurement_nodes_t&, sl::internal::LIDARSampleDataUnpackerInner*)\x1b[m\x1b[K\xe2\x80\x99:\n'}
[55.514982] (sllidar_ros2) StderrLine: {'line': b'\x1b[01m\x1b[K/home/olympusolutions/senior_ws/src/sllidar_ros2/sdk/src/dataunpacker/unpacker/handler_capsules.cpp:763:30:\x1b[m\x1b[K \x1b[01;35m\x1b[Kwarning: \x1b[m\x1b[Ktype qualifiers ignored on cast result type [\x1b[01;35m\x1b[K\x1b]8;;https://gcc.gnu.org/onlinedocs/gcc/Warning-Options.html#index-Wignored-qualifiers\x07-Wignored-qualifiers\x1b]8;;\x07\x1b[m\x1b[K]\n'}
[55.515100] (sllidar_ros2) StderrLine: {'line': b'  763 |             const int dist = \x1b[01;35m\x1b[Kstatic_cast<const int>(_cached_previous_dense_capsuledata.cabins[pos].distance)\x1b[m\x1b[K;\n'}
[55.515203] (sllidar_ros2) StderrLine: {'line': b'      |                              \x1b[01;35m\x1b[K^~~~~~~~~~~~~~~~~~~~~~~~~~~~~~~~~~~~~~~~~~~~~~~~~~~~~~~~~~~~~~~~~~~~~~~~~~~~~~~\x1b[m\x1b[K\n'}
[55.559917] (-) TimerEvent: {}
[55.627862] (serial) StdoutLine: {'line': b'[100%] Built target serial-test-timer\n'}
[55.658360] (serial) CommandEnded: {'returncode': 0}
[55.659865] (serial) JobProgress: {'identifier': 'serial', 'progress': 'install'}
[55.659974] (-) TimerEvent: {}
[55.664112] (serial) Command: {'cmd': ['/usr/bin/cmake', '--install', '/home/olympusolutions/senior_ws/build/serial'], 'cwd': '/home/olympusolutions/senior_ws/build/serial', 'env': OrderedDict({'LESSOPEN': '| /usr/bin/lesspipe %s', 'USER': 'olympusolutions', 'GZ_CONFIG_PATH': '/opt/ros/jazzy/opt/gz_sim_vendor/share/gz:/opt/ros/jazzy/opt/sdformat_vendor/share/gz:/opt/ros/jazzy/opt/gz_gui_vendor/share/gz:/opt/ros/jazzy/opt/gz_transport_vendor/share/gz:/opt/ros/jazzy/opt/gz_rendering_vendor/share/gz:/opt/ros/jazzy/opt/gz_plugin_vendor/share/gz:/opt/ros/jazzy/opt/gz_fuel_tools_vendor/share/gz:/opt/ros/jazzy/opt/gz_msgs_vendor/share/gz:/opt/ros/jazzy/opt/gz_common_vendor/share/gz', 'XDG_SESSION_TYPE': 'wayland', 'SHLVL': '1', 'LD_LIBRARY_PATH': '/opt/ros/jazzy/opt/gz_sim_vendor/lib:/opt/ros/jazzy/opt/gz_sensors_vendor/lib:/opt/ros/jazzy/opt/gz_physics_vendor/lib:/opt/ros/jazzy/opt/sdformat_vendor/lib:/opt/ros/jazzy/opt/rviz_ogre_vendor/lib:/opt/ros/jazzy/lib/aarch64-linux-gnu:/opt/ros/jazzy/opt/gz_gui_vendor/lib:/opt/ros/jazzy/opt/gz_transport_vendor/lib:/opt/ros/jazzy/opt/gz_rendering_vendor/lib:/opt/ros/jazzy/opt/gz_plugin_vendor/lib:/opt/ros/jazzy/opt/gz_fuel_tools_vendor/lib:/opt/ros/jazzy/opt/gz_msgs_vendor/lib:/opt/ros/jazzy/opt/gz_common_vendor/lib:/opt/ros/jazzy/opt/gz_math_vendor/lib:/opt/ros/jazzy/opt/gz_utils_vendor/lib:/opt/ros/jazzy/opt/gz_tools_vendor/lib:/opt/ros/jazzy/opt/gz_ogre_next_vendor/lib:/opt/ros/jazzy/opt/gz_dartsim_vendor/lib:/opt/ros/jazzy/opt/gz_cmake_vendor/lib:/opt/ros/jazzy/lib', 'HOME': '/home/olympusolutions', 'OLDPWD': '/home/olympusolutions', 'DESKTOP_SESSION': 'ubuntu', 'ROS_PYTHON_VERSION': '3', 'GNOME_SHELL_SESSION_MODE': 'ubuntu', 'GTK_MODULES': 'gail:atk-bridge', 'SYSTEMD_EXEC_PID': '3022', 'GSM_SKIP_SSH_AGENT_WORKAROUND': 'true', 'DBUS_SESSION_BUS_ADDRESS': 'unix:path=/run/user/1002/bus', 'COLORTERM': 'truecolor', 'DEBUGINFOD_URLS': 'https://debuginfod.ubuntu.com', 'IM_CONFIG_PHASE': '1', 'WAYLAND_DISPLAY': 'wayland-0', 'ROS_DISTRO': 'jazzy', 'LOGNAME': 'olympusolutions', '_': '/usr/bin/colcon', 'ROS_VERSION': '2', 'MEMORY_PRESSURE_WATCH': '/sys/fs/cgroup/user.slice/user-1002.slice/user@1002.service/session.slice/org.gnome.Shell@wayland.service/memory.pressure', 'XDG_SESSION_CLASS': 'user', 'USERNAME': 'olympusolutions', 'TERM': 'xterm-256color', 'GNOME_DESKTOP_SESSION_ID': 'this-is-deprecated', 'PATH': '/opt/ros/jazzy/opt/gz_msgs_vendor/bin:/opt/ros/jazzy/opt/gz_tools_vendor/bin:/opt/ros/jazzy/opt/gz_ogre_next_vendor/bin:/opt/ros/jazzy/bin:/home/olympusolutions/.local/bin:/usr/local/sbin:/usr/local/bin:/usr/sbin:/usr/bin:/sbin:/bin:/usr/games:/usr/local/games:/snap/bin:/snap/bin', 'SESSION_MANAGER': 'local/olympusolutions-desktop:@/tmp/.ICE-unix/2977,unix/olympusolutions-desktop:/tmp/.ICE-unix/2977', 'XDG_MENU_PREFIX': 'gnome-', 'GNOME_TERMINAL_SCREEN': '/org/gnome/Terminal/screen/5426054a_44ad_4b3b_9be3_3f00634632e4', 'GNOME_SETUP_DISPLAY': ':1', 'XDG_RUNTIME_DIR': '/run/user/1002', 'DISPLAY': ':0', 'LANG': 'en_US.UTF-8', 'XDG_CURRENT_DESKTOP': 'ubuntu:GNOME', 'XMODIFIERS': '@im=ibus', 'XDG_SESSION_DESKTOP': 'ubuntu', 'XAUTHORITY': '/run/user/1002/.mutter-Xwaylandauth.ZJBY42', 'LS_COLORS': 'rs=0:di=01;34:ln=01;36:mh=00:pi=40;33:so=01;35:do=01;35:bd=40;33;01:cd=40;33;01:or=40;31;01:mi=00:su=37;41:sg=30;43:ca=00:tw=30;42:ow=34;42:st=37;44:ex=01;32:*.tar=01;31:*.tgz=01;31:*.arc=01;31:*.arj=01;31:*.taz=01;31:*.lha=01;31:*.lz4=01;31:*.lzh=01;31:*.lzma=01;31:*.tlz=01;31:*.txz=01;31:*.tzo=01;31:*.t7z=01;31:*.zip=01;31:*.z=01;31:*.dz=01;31:*.gz=01;31:*.lrz=01;31:*.lz=01;31:*.lzo=01;31:*.xz=01;31:*.zst=01;31:*.tzst=01;31:*.bz2=01;31:*.bz=01;31:*.tbz=01;31:*.tbz2=01;31:*.tz=01;31:*.deb=01;31:*.rpm=01;31:*.jar=01;31:*.war=01;31:*.ear=01;31:*.sar=01;31:*.rar=01;31:*.alz=01;31:*.ace=01;31:*.zoo=01;31:*.cpio=01;31:*.7z=01;31:*.rz=01;31:*.cab=01;31:*.wim=01;31:*.swm=01;31:*.dwm=01;31:*.esd=01;31:*.avif=01;35:*.jpg=01;35:*.jpeg=01;35:*.mjpg=01;35:*.mjpeg=01;35:*.gif=01;35:*.bmp=01;35:*.pbm=01;35:*.pgm=01;35:*.ppm=01;35:*.tga=01;35:*.xbm=01;35:*.xpm=01;35:*.tif=01;35:*.tiff=01;35:*.png=01;35:*.svg=01;35:*.svgz=01;35:*.mng=01;35:*.pcx=01;35:*.mov=01;35:*.mpg=01;35:*.mpeg=01;35:*.m2v=01;35:*.mkv=01;35:*.webm=01;35:*.webp=01;35:*.ogm=01;35:*.mp4=01;35:*.m4v=01;35:*.mp4v=01;35:*.vob=01;35:*.qt=01;35:*.nuv=01;35:*.wmv=01;35:*.asf=01;35:*.rm=01;35:*.rmvb=01;35:*.flc=01;35:*.avi=01;35:*.fli=01;35:*.flv=01;35:*.gl=01;35:*.dl=01;35:*.xcf=01;35:*.xwd=01;35:*.yuv=01;35:*.cgm=01;35:*.emf=01;35:*.ogv=01;35:*.ogx=01;35:*.aac=00;36:*.au=00;36:*.flac=00;36:*.m4a=00;36:*.mid=00;36:*.midi=00;36:*.mka=00;36:*.mp3=00;36:*.mpc=00;36:*.ogg=00;36:*.ra=00;36:*.wav=00;36:*.oga=00;36:*.opus=00;36:*.spx=00;36:*.xspf=00;36:*~=00;90:*#=00;90:*.bak=00;90:*.crdownload=00;90:*.dpkg-dist=00;90:*.dpkg-new=00;90:*.dpkg-old=00;90:*.dpkg-tmp=00;90:*.old=00;90:*.orig=00;90:*.part=00;90:*.rej=00;90:*.rpmnew=00;90:*.rpmorig=00;90:*.rpmsave=00;90:*.swp=00;90:*.tmp=00;90:*.ucf-dist=00;90:*.ucf-new=00;90:*.ucf-old=00;90:', 'GNOME_TERMINAL_SERVICE': ':1.150', 'SSH_AUTH_SOCK': '/run/user/1002/keyring/ssh', 'AMENT_PREFIX_PATH': '/opt/ros/jazzy', 'SHELL': '/bin/bash', 'QT_ACCESSIBILITY': '1', 'GDMSESSION': 'ubuntu', 'LESSCLOSE': '/usr/bin/lesspipe %s %s', 'ROS_AUTOMATIC_DISCOVERY_RANGE': 'SUBNET', 'QT_IM_MODULE': 'ibus', 'PWD': '/home/olympusolutions/senior_ws/build/serial', 'LC_ALL': 'en_US.UTF-8', 'XDG_CONFIG_DIRS': '/etc/xdg/xdg-ubuntu:/etc/xdg', 'XDG_DATA_DIRS': '/usr/share/ubuntu:/usr/share/gnome:/usr/local/share/:/usr/share/:/var/lib/snapd/desktop', 'PYTHONPATH': '/opt/ros/jazzy/lib/python3.12/site-packages', 'COLCON': '1', 'MEMORY_PRESSURE_WRITE': 'c29tZSAyMDAwMDAgMjAwMDAwMAA=', 'VTE_VERSION': '7600', 'CMAKE_PREFIX_PATH': '/opt/ros/jazzy/opt/gz_sim_vendor:/opt/ros/jazzy/opt/gz_sensors_vendor:/opt/ros/jazzy/opt/gz_physics_vendor:/opt/ros/jazzy/opt/sdformat_vendor:/opt/ros/jazzy/opt/gz_gui_vendor:/opt/ros/jazzy/opt/gz_transport_vendor:/opt/ros/jazzy/opt/gz_rendering_vendor:/opt/ros/jazzy/opt/gz_plugin_vendor:/opt/ros/jazzy/opt/gz_fuel_tools_vendor:/opt/ros/jazzy/opt/gz_msgs_vendor:/opt/ros/jazzy/opt/gz_common_vendor:/opt/ros/jazzy/opt/gz_math_vendor:/opt/ros/jazzy/opt/gz_utils_vendor:/opt/ros/jazzy/opt/gz_tools_vendor:/opt/ros/jazzy/opt/gz_ogre_next_vendor:/opt/ros/jazzy/opt/gz_dartsim_vendor:/opt/ros/jazzy/opt/gz_cmake_vendor:/opt/ros/jazzy'}), 'shell': False}
[55.699682] (serial) StdoutLine: {'line': b'-- Install configuration: ""\n'}
[55.701388] (serial) StdoutLine: {'line': b'-- Installing: /home/olympusolutions/senior_ws/install/serial/lib/libserial.a\n'}
[55.706466] (serial) StdoutLine: {'line': b'-- Installing: /home/olympusolutions/senior_ws/install/serial/include/serial/serial.h\n'}
[55.706883] (serial) StdoutLine: {'line': b'-- Installing: /home/olympusolutions/senior_ws/install/serial/include/serial/v8stdint.h\n'}
[55.707090] (serial) StdoutLine: {'line': b'-- Installing: /home/olympusolutions/senior_ws/install/serial/share/serial/environment/library_path.sh\n'}
[55.707261] (serial) StdoutLine: {'line': b'-- Installing: /home/olympusolutions/senior_ws/install/serial/share/serial/environment/library_path.dsv\n'}
[55.709740] (serial) StdoutLine: {'line': b'-- Installing: /home/olympusolutions/senior_ws/install/serial/share/ament_index/resource_index/package_run_dependencies/serial\n'}
[55.710118] (serial) StdoutLine: {'line': b'-- Installing: /home/olympusolutions/senior_ws/install/serial/share/ament_index/resource_index/parent_prefix_path/serial\n'}
[55.710318] (serial) StdoutLine: {'line': b'-- Installing: /home/olympusolutions/senior_ws/install/serial/share/serial/environment/ament_prefix_path.sh\n'}
[55.710981] (serial) StdoutLine: {'line': b'-- Installing: /home/olympusolutions/senior_ws/install/serial/share/serial/environment/ament_prefix_path.dsv\n'}
[55.711428] (serial) StdoutLine: {'line': b'-- Installing: /home/olympusolutions/senior_ws/install/serial/share/serial/environment/path.sh\n'}
[55.712606] (serial) StdoutLine: {'line': b'-- Installing: /home/olympusolutions/senior_ws/install/serial/share/serial/environment/path.dsv\n'}
[55.713706] (serial) StdoutLine: {'line': b'-- Installing: /home/olympusolutions/senior_ws/install/serial/share/serial/local_setup.bash\n'}
[55.715858] (serial) StdoutLine: {'line': b'-- Installing: /home/olympusolutions/senior_ws/install/serial/share/serial/local_setup.sh\n'}
[55.717031] (serial) StdoutLine: {'line': b'-- Installing: /home/olympusolutions/senior_ws/install/serial/share/serial/local_setup.zsh\n'}
[55.717330] (serial) StdoutLine: {'line': b'-- Installing: /home/olympusolutions/senior_ws/install/serial/share/serial/local_setup.dsv\n'}
[55.719772] (serial) StdoutLine: {'line': b'-- Installing: /home/olympusolutions/senior_ws/install/serial/share/serial/package.dsv\n'}
[55.720277] (serial) StdoutLine: {'line': b'-- Installing: /home/olympusolutions/senior_ws/install/serial/share/ament_index/resource_index/packages/serial\n'}
[55.723807] (serial) StdoutLine: {'line': b'-- Installing: /home/olympusolutions/senior_ws/install/serial/share/serial/cmake/ament_cmake_export_include_directories-extras.cmake\n'}
[55.724185] (serial) StdoutLine: {'line': b'-- Installing: /home/olympusolutions/senior_ws/install/serial/share/serial/cmake/ament_cmake_export_libraries-extras.cmake\n'}
[55.724483] (serial) StdoutLine: {'line': b'-- Installing: /home/olympusolutions/senior_ws/install/serial/share/serial/cmake/serialConfig.cmake\n'}
[55.724873] (serial) StdoutLine: {'line': b'-- Installing: /home/olympusolutions/senior_ws/install/serial/share/serial/cmake/serialConfig-version.cmake\n'}
[55.726103] (serial) StdoutLine: {'line': b'-- Installing: /home/olympusolutions/senior_ws/install/serial/share/serial/package.xml\n'}
[55.733318] (serial) CommandEnded: {'returncode': 0}
[55.760242] (-) TimerEvent: {}
[55.809327] (serial) JobEnded: {'identifier': 'serial', 'rc': 0}
[55.860341] (-) TimerEvent: {}
[55.909605] (sllidar_ros2) StdoutLine: {'line': b'[ 30%] \x1b[32mBuilding CXX object CMakeFiles/sllidar_node.dir/sdk/src/dataunpacker/unpacker/handler_hqnode.cpp.o\x1b[0m\n'}
[55.961623] (-) TimerEvent: {}
[56.062049] (-) TimerEvent: {}
[56.162412] (-) TimerEvent: {}
[56.262787] (-) TimerEvent: {}
[56.363207] (-) TimerEvent: {}
[56.467000] (-) TimerEvent: {}
[56.567481] (-) TimerEvent: {}
[56.602863] (sllidar_ros2) StderrLine: {'line': b'In file included from \x1b[01m\x1b[K/home/olympusolutions/senior_ws/src/sllidar_ros2/./sdk/include/rplidar_protocol.h:36\x1b[m\x1b[K,\n'}
[56.603351] (sllidar_ros2) StderrLine: {'line': b'                 from \x1b[01m\x1b[K/home/olympusolutions/senior_ws/src/sllidar_ros2/./sdk/include/rplidar.h:39\x1b[m\x1b[K,\n'}
[56.603677] (sllidar_ros2) StderrLine: {'line': b'                 from \x1b[01m\x1b[K/home/olympusolutions/senior_ws/src/sllidar_ros2/./sdk/src/sdkcommon.h:49\x1b[m\x1b[K,\n'}
[56.603986] (sllidar_ros2) StderrLine: {'line': b'                 from \x1b[01m\x1b[K/home/olympusolutions/senior_ws/src/sllidar_ros2/sdk/src/dataunpacker/unpacker/../dataunnpacker_commondef.h:41\x1b[m\x1b[K,\n'}
[56.604252] (sllidar_ros2) StderrLine: {'line': b'                 from \x1b[01m\x1b[K/home/olympusolutions/senior_ws/src/sllidar_ros2/sdk/src/dataunpacker/unpacker/handler_hqnode.cpp:39\x1b[m\x1b[K:\n'}
[56.604559] (sllidar_ros2) StderrLine: {'line': b'\x1b[01m\x1b[K/home/olympusolutions/senior_ws/src/sllidar_ros2/./sdk/include/sl_lidar_protocol.h:66:16:\x1b[m\x1b[K \x1b[01;35m\x1b[Kwarning: \x1b[m\x1b[KISO C++ forbids zero-size array \xe2\x80\x98\x1b[01m\x1b[Kdata\x1b[m\x1b[K\xe2\x80\x99 [\x1b[01;35m\x1b[K\x1b]8;;https://gcc.gnu.org/onlinedocs/gcc/Warning-Options.html#index-Wpedantic\x07-Wpedantic\x1b]8;;\x07\x1b[m\x1b[K]\n'}
[56.604862] (sllidar_ros2) StderrLine: {'line': b'   66 |     sl_u8 data[\x1b[01;35m\x1b[K0\x1b[m\x1b[K];\n'}
[56.605719] (sllidar_ros2) StderrLine: {'line': b'      |                \x1b[01;35m\x1b[K^\x1b[m\x1b[K\n'}
[56.608883] (sllidar_ros2) StderrLine: {'line': b'In file included from \x1b[01m\x1b[K/home/olympusolutions/senior_ws/src/sllidar_ros2/./sdk/include/rplidar_cmd.h:36\x1b[m\x1b[K,\n'}
[56.609190] (sllidar_ros2) StderrLine: {'line': b'                 from \x1b[01m\x1b[K/home/olympusolutions/senior_ws/src/sllidar_ros2/./sdk/include/rplidar.h:40\x1b[m\x1b[K:\n'}
[56.609315] (sllidar_ros2) StderrLine: {'line': b'\x1b[01m\x1b[K/home/olympusolutions/senior_ws/src/sllidar_ros2/./sdk/include/sl_lidar_cmd.h:324:20:\x1b[m\x1b[K \x1b[01;35m\x1b[Kwarning: \x1b[m\x1b[KISO C++ forbids zero-size array \xe2\x80\x98\x1b[01m\x1b[Kpayload\x1b[m\x1b[K\xe2\x80\x99 [\x1b[01;35m\x1b[K\x1b]8;;https://gcc.gnu.org/onlinedocs/gcc/Warning-Options.html#index-Wpedantic\x07-Wpedantic\x1b]8;;\x07\x1b[m\x1b[K]\n'}
[56.609424] (sllidar_ros2) StderrLine: {'line': b'  324 |     sl_u8  payload[\x1b[01;35m\x1b[K0\x1b[m\x1b[K];\n'}
[56.609550] (sllidar_ros2) StderrLine: {'line': b'      |                    \x1b[01;35m\x1b[K^\x1b[m\x1b[K\n'}
[56.668147] (-) TimerEvent: {}
[56.768753] (-) TimerEvent: {}
[56.832746] (sllidar_ros2) StderrLine: {'line': b'In file included from \x1b[01m\x1b[K/home/olympusolutions/senior_ws/src/sllidar_ros2/sdk/src/dataunpacker/unpacker/handler_hqnode.cpp:40\x1b[m\x1b[K:\n'}
[56.833014] (sllidar_ros2) StderrLine: {'line': b'\x1b[01m\x1b[K/home/olympusolutions/senior_ws/src/sllidar_ros2/sdk/src/dataunpacker/unpacker/../dataunpacker.h:\x1b[m\x1b[K In member function \xe2\x80\x98\x1b[01m\x1b[Kvirtual void sl::internal::LIDARSampleDataListener::\x1b[01;32m\x1b[KonCustomSampleDataDecoded\x1b[m\x1b[K(_u8, _u32, const void*, size_t)\x1b[m\x1b[K\xe2\x80\x99:\n'}
[56.833140] (sllidar_ros2) StderrLine: {'line': b'\x1b[01m\x1b[K/home/olympusolutions/senior_ws/src/sllidar_ros2/sdk/src/dataunpacker/unpacker/../dataunpacker.h:54:52:\x1b[m\x1b[K \x1b[01;35m\x1b[Kwarning: \x1b[m\x1b[Kunused parameter \xe2\x80\x98\x1b[01m\x1b[KansType\x1b[m\x1b[K\xe2\x80\x99 [\x1b[01;35m\x1b[K\x1b]8;;https://gcc.gnu.org/onlinedocs/gcc/Warning-Options.html#index-Wunused-parameter\x07-Wunused-parameter\x1b]8;;\x07\x1b[m\x1b[K]\n'}
[56.833242] (sllidar_ros2) StderrLine: {'line': b'   54 |         virtual void onCustomSampleDataDecoded(\x1b[01;35m\x1b[K_u8 ansType\x1b[m\x1b[K, _u32 customCode, const void* data, size_t size) {}\n'}
[56.833324] (sllidar_ros2) StderrLine: {'line': b'      |                                                \x1b[01;35m\x1b[K~~~~^~~~~~~\x1b[m\x1b[K\n'}
[56.833400] (sllidar_ros2) StderrLine: {'line': b'\x1b[01m\x1b[K/home/olympusolutions/senior_ws/src/sllidar_ros2/sdk/src/dataunpacker/unpacker/../dataunpacker.h:54:66:\x1b[m\x1b[K \x1b[01;35m\x1b[Kwarning: \x1b[m\x1b[Kunused parameter \xe2\x80\x98\x1b[01m\x1b[KcustomCode\x1b[m\x1b[K\xe2\x80\x99 [\x1b[01;35m\x1b[K\x1b]8;;https://gcc.gnu.org/onlinedocs/gcc/Warning-Options.html#index-Wunused-parameter\x07-Wunused-parameter\x1b]8;;\x07\x1b[m\x1b[K]\n'}
[56.833479] (sllidar_ros2) StderrLine: {'line': b'   54 |    virtual void onCustomSampleDataDecoded(_u8 ansType, \x1b[01;35m\x1b[K_u32 customCode\x1b[m\x1b[K, const void* data, size_t size) {}\n'}
[56.833566] (sllidar_ros2) StderrLine: {'line': b'      |                                                        \x1b[01;35m\x1b[K~~~~~^~~~~~~~~~\x1b[m\x1b[K\n'}
[56.833638] (sllidar_ros2) StderrLine: {'line': b'\n'}
[56.833761] (sllidar_ros2) StderrLine: {'line': b'\x1b[01m\x1b[K/home/olympusolutions/senior_ws/src/sllidar_ros2/sdk/src/dataunpacker/unpacker/../dataunpacker.h:54:90:\x1b[m\x1b[K \x1b[01;35m\x1b[Kwarning: \x1b[m\x1b[Kunused parameter \xe2\x80\x98\x1b[01m\x1b[Kdata\x1b[m\x1b[K\xe2\x80\x99 [\x1b[01;35m\x1b[K\x1b]8;;https://gcc.gnu.org/onlinedocs/gcc/Warning-Options.html#index-Wunused-parameter\x07-Wunused-parameter\x1b]8;;\x07\x1b[m\x1b[K]\n'}
[56.833844] (sllidar_ros2) StderrLine: {'line': b'   54 | SampleDataDecoded(_u8 ansType, _u32 customCode, \x1b[01;35m\x1b[Kconst void* data\x1b[m\x1b[K, size_t size) {}\n'}
[56.833916] (sllidar_ros2) StderrLine: {'line': b'      |                                                 \x1b[01;35m\x1b[K~~~~~~~~~~~~^~~~\x1b[m\x1b[K\n'}
[56.833988] (sllidar_ros2) StderrLine: {'line': b'\n'}
[56.834058] (sllidar_ros2) StderrLine: {'line': b'\x1b[01m\x1b[K/home/olympusolutions/senior_ws/src/sllidar_ros2/sdk/src/dataunpacker/unpacker/../dataunpacker.h:54:103:\x1b[m\x1b[K \x1b[01;35m\x1b[Kwarning: \x1b[m\x1b[Kunused parameter \xe2\x80\x98\x1b[01m\x1b[Ksize\x1b[m\x1b[K\xe2\x80\x99 [\x1b[01;35m\x1b[K\x1b]8;;https://gcc.gnu.org/onlinedocs/gcc/Warning-Options.html#index-Wunused-parameter\x07-Wunused-parameter\x1b]8;;\x07\x1b[m\x1b[K]\n'}
[56.834134] (sllidar_ros2) StderrLine: {'line': b'   54 | Decoded(_u8 ansType, _u32 customCode, const void* data, \x1b[01;35m\x1b[Ksize_t size\x1b[m\x1b[K) {}\n'}
[56.834206] (sllidar_ros2) StderrLine: {'line': b'      |                                                         \x1b[01;35m\x1b[K~~~~~~~^~~~\x1b[m\x1b[K\n'}
[56.834276] (sllidar_ros2) StderrLine: {'line': b'\n'}
[56.834345] (sllidar_ros2) StderrLine: {'line': b'\x1b[01m\x1b[K/home/olympusolutions/senior_ws/src/sllidar_ros2/sdk/src/dataunpacker/unpacker/../dataunpacker.h:\x1b[m\x1b[K In member function \xe2\x80\x98\x1b[01m\x1b[Kvirtual void sl::internal::LIDARSampleDataListener::\x1b[01;32m\x1b[KonDecodingError\x1b[m\x1b[K(int, _u8, const void*, size_t)\x1b[m\x1b[K\xe2\x80\x99:\n'}
[56.834418] (sllidar_ros2) StderrLine: {'line': b'\x1b[01m\x1b[K/home/olympusolutions/senior_ws/src/sllidar_ros2/sdk/src/dataunpacker/unpacker/../dataunpacker.h:56:42:\x1b[m\x1b[K \x1b[01;35m\x1b[Kwarning: \x1b[m\x1b[Kunused parameter \xe2\x80\x98\x1b[01m\x1b[KerrMsg\x1b[m\x1b[K\xe2\x80\x99 [\x1b[01;35m\x1b[K\x1b]8;;https://gcc.gnu.org/onlinedocs/gcc/Warning-Options.html#index-Wunused-parameter\x07-Wunused-parameter\x1b]8;;\x07\x1b[m\x1b[K]\n'}
[56.834505] (sllidar_ros2) StderrLine: {'line': b'   56 |         virtual void onDecodingError(\x1b[01;35m\x1b[Kint errMsg\x1b[m\x1b[K, _u8 ansType, const void* payload, size_t size) {}\n'}
[56.834585] (sllidar_ros2) StderrLine: {'line': b'      |                                      \x1b[01;35m\x1b[K~~~~^~~~~~\x1b[m\x1b[K\n'}
[56.834668] (sllidar_ros2) StderrLine: {'line': b'\x1b[01m\x1b[K/home/olympusolutions/senior_ws/src/sllidar_ros2/sdk/src/dataunpacker/unpacker/../dataunpacker.h:56:54:\x1b[m\x1b[K \x1b[01;35m\x1b[Kwarning: \x1b[m\x1b[Kunused parameter \xe2\x80\x98\x1b[01m\x1b[KansType\x1b[m\x1b[K\xe2\x80\x99 [\x1b[01;35m\x1b[K\x1b]8;;https://gcc.gnu.org/onlinedocs/gcc/Warning-Options.html#index-Wunused-parameter\x07-Wunused-parameter\x1b]8;;\x07\x1b[m\x1b[K]\n'}
[56.834769] (sllidar_ros2) StderrLine: {'line': b'   56 |         virtual void onDecodingError(int errMsg, \x1b[01;35m\x1b[K_u8 ansType\x1b[m\x1b[K, const void* payload, size_t size) {}\n'}
[56.834843] (sllidar_ros2) StderrLine: {'line': b'      |                                                  \x1b[01;35m\x1b[K~~~~^~~~~~~\x1b[m\x1b[K\n'}
[56.834914] (sllidar_ros2) StderrLine: {'line': b'\x1b[01m\x1b[K/home/olympusolutions/senior_ws/src/sllidar_ros2/sdk/src/dataunpacker/unpacker/../dataunpacker.h:56:75:\x1b[m\x1b[K \x1b[01;35m\x1b[Kwarning: \x1b[m\x1b[Kunused parameter \xe2\x80\x98\x1b[01m\x1b[Kpayload\x1b[m\x1b[K\xe2\x80\x99 [\x1b[01;35m\x1b[K\x1b]8;;https://gcc.gnu.org/onlinedocs/gcc/Warning-Options.html#index-Wunused-parameter\x07-Wunused-parameter\x1b]8;;\x07\x1b[m\x1b[K]\n'}
[56.834988] (sllidar_ros2) StderrLine: {'line': b'   56 | l void onDecodingError(int errMsg, _u8 ansType, \x1b[01;35m\x1b[Kconst void* payload\x1b[m\x1b[K, size_t size) {}\n'}
[56.835067] (sllidar_ros2) StderrLine: {'line': b'      |                                                 \x1b[01;35m\x1b[K~~~~~~~~~~~~^~~~~~~\x1b[m\x1b[K\n'}
[56.835139] (sllidar_ros2) StderrLine: {'line': b'\n'}
[56.835210] (sllidar_ros2) StderrLine: {'line': b'\x1b[01m\x1b[K/home/olympusolutions/senior_ws/src/sllidar_ros2/sdk/src/dataunpacker/unpacker/../dataunpacker.h:56:91:\x1b[m\x1b[K \x1b[01;35m\x1b[Kwarning: \x1b[m\x1b[Kunused parameter \xe2\x80\x98\x1b[01m\x1b[Ksize\x1b[m\x1b[K\xe2\x80\x99 [\x1b[01;35m\x1b[K\x1b]8;;https://gcc.gnu.org/onlinedocs/gcc/Warning-Options.html#index-Wunused-parameter\x07-Wunused-parameter\x1b]8;;\x07\x1b[m\x1b[K]\n'}
[56.835283] (sllidar_ros2) StderrLine: {'line': b'   56 | dingError(int errMsg, _u8 ansType, const void* payload, \x1b[01;35m\x1b[Ksize_t size\x1b[m\x1b[K) {}\n'}
[56.835353] (sllidar_ros2) StderrLine: {'line': b'      |                                                         \x1b[01;35m\x1b[K~~~~~~~^~~~\x1b[m\x1b[K\n'}
[56.835422] (sllidar_ros2) StderrLine: {'line': b'\n'}
[56.868835] (-) TimerEvent: {}
[56.969155] (-) TimerEvent: {}
[57.014813] (sllidar_ros2) StdoutLine: {'line': b'[ 35%] \x1b[32mBuilding CXX object CMakeFiles/sllidar_node.dir/sdk/src/dataunpacker/unpacker/handler_normalnode.cpp.o\x1b[0m\n'}
[57.069267] (-) TimerEvent: {}
[57.169613] (-) TimerEvent: {}
[57.269985] (-) TimerEvent: {}
[57.370358] (-) TimerEvent: {}
[57.470723] (-) TimerEvent: {}
[57.571085] (-) TimerEvent: {}
[57.609375] (sllidar_ros2) StderrLine: {'line': b'In file included from \x1b[01m\x1b[K/home/olympusolutions/senior_ws/src/sllidar_ros2/./sdk/include/rplidar_protocol.h:36\x1b[m\x1b[K,\n'}
[57.609621] (sllidar_ros2) StderrLine: {'line': b'                 from \x1b[01m\x1b[K/home/olympusolutions/senior_ws/src/sllidar_ros2/./sdk/include/rplidar.h:39\x1b[m\x1b[K,\n'}
[57.609733] (sllidar_ros2) StderrLine: {'line': b'                 from \x1b[01m\x1b[K/home/olympusolutions/senior_ws/src/sllidar_ros2/./sdk/src/sdkcommon.h:49\x1b[m\x1b[K,\n'}
[57.609816] (sllidar_ros2) StderrLine: {'line': b'                 from \x1b[01m\x1b[K/home/olympusolutions/senior_ws/src/sllidar_ros2/sdk/src/dataunpacker/unpacker/../dataunnpacker_commondef.h:41\x1b[m\x1b[K,\n'}
[57.609939] (sllidar_ros2) StderrLine: {'line': b'                 from \x1b[01m\x1b[K/home/olympusolutions/senior_ws/src/sllidar_ros2/sdk/src/dataunpacker/unpacker/handler_normalnode.cpp:39\x1b[m\x1b[K:\n'}
[57.610050] (sllidar_ros2) StderrLine: {'line': b'\x1b[01m\x1b[K/home/olympusolutions/senior_ws/src/sllidar_ros2/./sdk/include/sl_lidar_protocol.h:66:16:\x1b[m\x1b[K \x1b[01;35m\x1b[Kwarning: \x1b[m\x1b[KISO C++ forbids zero-size array \xe2\x80\x98\x1b[01m\x1b[Kdata\x1b[m\x1b[K\xe2\x80\x99 [\x1b[01;35m\x1b[K\x1b]8;;https://gcc.gnu.org/onlinedocs/gcc/Warning-Options.html#index-Wpedantic\x07-Wpedantic\x1b]8;;\x07\x1b[m\x1b[K]\n'}
[57.610135] (sllidar_ros2) StderrLine: {'line': b'   66 |     sl_u8 data[\x1b[01;35m\x1b[K0\x1b[m\x1b[K];\n'}
[57.610210] (sllidar_ros2) StderrLine: {'line': b'      |                \x1b[01;35m\x1b[K^\x1b[m\x1b[K\n'}
[57.610282] (sllidar_ros2) StderrLine: {'line': b'In file included from \x1b[01m\x1b[K/home/olympusolutions/senior_ws/src/sllidar_ros2/./sdk/include/rplidar_cmd.h:36\x1b[m\x1b[K,\n'}
[57.610356] (sllidar_ros2) StderrLine: {'line': b'                 from \x1b[01m\x1b[K/home/olympusolutions/senior_ws/src/sllidar_ros2/./sdk/include/rplidar.h:40\x1b[m\x1b[K:\n'}
[57.610428] (sllidar_ros2) StderrLine: {'line': b'\x1b[01m\x1b[K/home/olympusolutions/senior_ws/src/sllidar_ros2/./sdk/include/sl_lidar_cmd.h:324:20:\x1b[m\x1b[K \x1b[01;35m\x1b[Kwarning: \x1b[m\x1b[KISO C++ forbids zero-size array \xe2\x80\x98\x1b[01m\x1b[Kpayload\x1b[m\x1b[K\xe2\x80\x99 [\x1b[01;35m\x1b[K\x1b]8;;https://gcc.gnu.org/onlinedocs/gcc/Warning-Options.html#index-Wpedantic\x07-Wpedantic\x1b]8;;\x07\x1b[m\x1b[K]\n'}
[57.610504] (sllidar_ros2) StderrLine: {'line': b'  324 |     sl_u8  payload[\x1b[01;35m\x1b[K0\x1b[m\x1b[K];\n'}
[57.610575] (sllidar_ros2) StderrLine: {'line': b'      |                    \x1b[01;35m\x1b[K^\x1b[m\x1b[K\n'}
[57.671198] (-) TimerEvent: {}
[57.731906] (sllidar_ros2) StderrLine: {'line': b'In file included from \x1b[01m\x1b[K/home/olympusolutions/senior_ws/src/sllidar_ros2/sdk/src/dataunpacker/unpacker/handler_normalnode.cpp:40\x1b[m\x1b[K:\n'}
[57.732274] (sllidar_ros2) StderrLine: {'line': b'\x1b[01m\x1b[K/home/olympusolutions/senior_ws/src/sllidar_ros2/sdk/src/dataunpacker/unpacker/../dataunpacker.h:\x1b[m\x1b[K In member function \xe2\x80\x98\x1b[01m\x1b[Kvirtual void sl::internal::LIDARSampleDataListener::\x1b[01;32m\x1b[KonCustomSampleDataDecoded\x1b[m\x1b[K(_u8, _u32, const void*, size_t)\x1b[m\x1b[K\xe2\x80\x99:\n'}
[57.732369] (sllidar_ros2) StderrLine: {'line': b'\x1b[01m\x1b[K/home/olympusolutions/senior_ws/src/sllidar_ros2/sdk/src/dataunpacker/unpacker/../dataunpacker.h:54:52:\x1b[m\x1b[K \x1b[01;35m\x1b[Kwarning: \x1b[m\x1b[Kunused parameter \xe2\x80\x98\x1b[01m\x1b[KansType\x1b[m\x1b[K\xe2\x80\x99 [\x1b[01;35m\x1b[K\x1b]8;;https://gcc.gnu.org/onlinedocs/gcc/Warning-Options.html#index-Wunused-parameter\x07-Wunused-parameter\x1b]8;;\x07\x1b[m\x1b[K]\n'}
[57.732480] (sllidar_ros2) StderrLine: {'line': b'   54 |         virtual void onCustomSampleDataDecoded(\x1b[01;35m\x1b[K_u8 ansType\x1b[m\x1b[K, _u32 customCode, const void* data, size_t size) {}\n'}
[57.732561] (sllidar_ros2) StderrLine: {'line': b'      |                                                \x1b[01;35m\x1b[K~~~~^~~~~~~\x1b[m\x1b[K\n'}
[57.732635] (sllidar_ros2) StderrLine: {'line': b'\x1b[01m\x1b[K/home/olympusolutions/senior_ws/src/sllidar_ros2/sdk/src/dataunpacker/unpacker/../dataunpacker.h:54:66:\x1b[m\x1b[K \x1b[01;35m\x1b[Kwarning: \x1b[m\x1b[Kunused parameter \xe2\x80\x98\x1b[01m\x1b[KcustomCode\x1b[m\x1b[K\xe2\x80\x99 [\x1b[01;35m\x1b[K\x1b]8;;https://gcc.gnu.org/onlinedocs/gcc/Warning-Options.html#index-Wunused-parameter\x07-Wunused-parameter\x1b]8;;\x07\x1b[m\x1b[K]\n'}
[57.732740] (sllidar_ros2) StderrLine: {'line': b'   54 |    virtual void onCustomSampleDataDecoded(_u8 ansType, \x1b[01;35m\x1b[K_u32 customCode\x1b[m\x1b[K, const void* data, size_t size) {}\n'}
[57.732818] (sllidar_ros2) StderrLine: {'line': b'      |                                                        \x1b[01;35m\x1b[K~~~~~^~~~~~~~~~\x1b[m\x1b[K\n'}
[57.732901] (sllidar_ros2) StderrLine: {'line': b'\n'}
[57.732974] (sllidar_ros2) StderrLine: {'line': b'\x1b[01m\x1b[K/home/olympusolutions/senior_ws/src/sllidar_ros2/sdk/src/dataunpacker/unpacker/../dataunpacker.h:54:90:\x1b[m\x1b[K \x1b[01;35m\x1b[Kwarning: \x1b[m\x1b[Kunused parameter \xe2\x80\x98\x1b[01m\x1b[Kdata\x1b[m\x1b[K\xe2\x80\x99 [\x1b[01;35m\x1b[K\x1b]8;;https://gcc.gnu.org/onlinedocs/gcc/Warning-Options.html#index-Wunused-parameter\x07-Wunused-parameter\x1b]8;;\x07\x1b[m\x1b[K]\n'}
[57.733058] (sllidar_ros2) StderrLine: {'line': b'   54 | SampleDataDecoded(_u8 ansType, _u32 customCode, \x1b[01;35m\x1b[Kconst void* data\x1b[m\x1b[K, size_t size) {}\n'}
[57.733130] (sllidar_ros2) StderrLine: {'line': b'      |                                                 \x1b[01;35m\x1b[K~~~~~~~~~~~~^~~~\x1b[m\x1b[K\n'}
[57.733201] (sllidar_ros2) StderrLine: {'line': b'\n'}
[57.733271] (sllidar_ros2) StderrLine: {'line': b'\x1b[01m\x1b[K/home/olympusolutions/senior_ws/src/sllidar_ros2/sdk/src/dataunpacker/unpacker/../dataunpacker.h:54:103:\x1b[m\x1b[K \x1b[01;35m\x1b[Kwarning: \x1b[m\x1b[Kunused parameter \xe2\x80\x98\x1b[01m\x1b[Ksize\x1b[m\x1b[K\xe2\x80\x99 [\x1b[01;35m\x1b[K\x1b]8;;https://gcc.gnu.org/onlinedocs/gcc/Warning-Options.html#index-Wunused-parameter\x07-Wunused-parameter\x1b]8;;\x07\x1b[m\x1b[K]\n'}
[57.733345] (sllidar_ros2) StderrLine: {'line': b'   54 | Decoded(_u8 ansType, _u32 customCode, const void* data, \x1b[01;35m\x1b[Ksize_t size\x1b[m\x1b[K) {}\n'}
[57.733416] (sllidar_ros2) StderrLine: {'line': b'      |                                                         \x1b[01;35m\x1b[K~~~~~~~^~~~\x1b[m\x1b[K\n'}
[57.733486] (sllidar_ros2) StderrLine: {'line': b'\n'}
[57.733554] (sllidar_ros2) StderrLine: {'line': b'\x1b[01m\x1b[K/home/olympusolutions/senior_ws/src/sllidar_ros2/sdk/src/dataunpacker/unpacker/../dataunpacker.h:\x1b[m\x1b[K In member function \xe2\x80\x98\x1b[01m\x1b[Kvirtual void sl::internal::LIDARSampleDataListener::\x1b[01;32m\x1b[KonDecodingError\x1b[m\x1b[K(int, _u8, const void*, size_t)\x1b[m\x1b[K\xe2\x80\x99:\n'}
[57.733628] (sllidar_ros2) StderrLine: {'line': b'\x1b[01m\x1b[K/home/olympusolutions/senior_ws/src/sllidar_ros2/sdk/src/dataunpacker/unpacker/../dataunpacker.h:56:42:\x1b[m\x1b[K \x1b[01;35m\x1b[Kwarning: \x1b[m\x1b[Kunused parameter \xe2\x80\x98\x1b[01m\x1b[KerrMsg\x1b[m\x1b[K\xe2\x80\x99 [\x1b[01;35m\x1b[K\x1b]8;;https://gcc.gnu.org/onlinedocs/gcc/Warning-Options.html#index-Wunused-parameter\x07-Wunused-parameter\x1b]8;;\x07\x1b[m\x1b[K]\n'}
[57.733735] (sllidar_ros2) StderrLine: {'line': b'   56 |         virtual void onDecodingError(\x1b[01;35m\x1b[Kint errMsg\x1b[m\x1b[K, _u8 ansType, const void* payload, size_t size) {}\n'}
[57.733811] (sllidar_ros2) StderrLine: {'line': b'      |                                      \x1b[01;35m\x1b[K~~~~^~~~~~\x1b[m\x1b[K\n'}
[57.733882] (sllidar_ros2) StderrLine: {'line': b'\x1b[01m\x1b[K/home/olympusolutions/senior_ws/src/sllidar_ros2/sdk/src/dataunpacker/unpacker/../dataunpacker.h:56:54:\x1b[m\x1b[K \x1b[01;35m\x1b[Kwarning: \x1b[m\x1b[Kunused parameter \xe2\x80\x98\x1b[01m\x1b[KansType\x1b[m\x1b[K\xe2\x80\x99 [\x1b[01;35m\x1b[K\x1b]8;;https://gcc.gnu.org/onlinedocs/gcc/Warning-Options.html#index-Wunused-parameter\x07-Wunused-parameter\x1b]8;;\x07\x1b[m\x1b[K]\n'}
[57.733955] (sllidar_ros2) StderrLine: {'line': b'   56 |         virtual void onDecodingError(int errMsg, \x1b[01;35m\x1b[K_u8 ansType\x1b[m\x1b[K, const void* payload, size_t size) {}\n'}
[57.734025] (sllidar_ros2) StderrLine: {'line': b'      |                                                  \x1b[01;35m\x1b[K~~~~^~~~~~~\x1b[m\x1b[K\n'}
[57.734094] (sllidar_ros2) StderrLine: {'line': b'\x1b[01m\x1b[K/home/olympusolutions/senior_ws/src/sllidar_ros2/sdk/src/dataunpacker/unpacker/../dataunpacker.h:56:75:\x1b[m\x1b[K \x1b[01;35m\x1b[Kwarning: \x1b[m\x1b[Kunused parameter \xe2\x80\x98\x1b[01m\x1b[Kpayload\x1b[m\x1b[K\xe2\x80\x99 [\x1b[01;35m\x1b[K\x1b]8;;https://gcc.gnu.org/onlinedocs/gcc/Warning-Options.html#index-Wunused-parameter\x07-Wunused-parameter\x1b]8;;\x07\x1b[m\x1b[K]\n'}
[57.734167] (sllidar_ros2) StderrLine: {'line': b'   56 | l void onDecodingError(int errMsg, _u8 ansType, \x1b[01;35m\x1b[Kconst void* payload\x1b[m\x1b[K, size_t size) {}\n'}
[57.734247] (sllidar_ros2) StderrLine: {'line': b'      |                                                 \x1b[01;35m\x1b[K~~~~~~~~~~~~^~~~~~~\x1b[m\x1b[K\n'}
[57.734319] (sllidar_ros2) StderrLine: {'line': b'\n'}
[57.734388] (sllidar_ros2) StderrLine: {'line': b'\x1b[01m\x1b[K/home/olympusolutions/senior_ws/src/sllidar_ros2/sdk/src/dataunpacker/unpacker/../dataunpacker.h:56:91:\x1b[m\x1b[K \x1b[01;35m\x1b[Kwarning: \x1b[m\x1b[Kunused parameter \xe2\x80\x98\x1b[01m\x1b[Ksize\x1b[m\x1b[K\xe2\x80\x99 [\x1b[01;35m\x1b[K\x1b]8;;https://gcc.gnu.org/onlinedocs/gcc/Warning-Options.html#index-Wunused-parameter\x07-Wunused-parameter\x1b]8;;\x07\x1b[m\x1b[K]\n'}
[57.734469] (sllidar_ros2) StderrLine: {'line': b'   56 | dingError(int errMsg, _u8 ansType, const void* payload, \x1b[01;35m\x1b[Ksize_t size\x1b[m\x1b[K) {}\n'}
[57.734539] (sllidar_ros2) StderrLine: {'line': b'      |                                                         \x1b[01;35m\x1b[K~~~~~~~^~~~\x1b[m\x1b[K\n'}
[57.734608] (sllidar_ros2) StderrLine: {'line': b'\n'}
[57.771295] (-) TimerEvent: {}
[57.871620] (-) TimerEvent: {}
[57.910389] (sllidar_ros2) StdoutLine: {'line': b'[ 40%] \x1b[32mBuilding CXX object CMakeFiles/sllidar_node.dir/sdk/src/hal/thread.cpp.o\x1b[0m\n'}
[57.971754] (-) TimerEvent: {}
[58.072112] (-) TimerEvent: {}
[58.172468] (-) TimerEvent: {}
[58.272873] (-) TimerEvent: {}
[58.373244] (-) TimerEvent: {}
[58.473599] (-) TimerEvent: {}
[58.502594] (sllidar_ros2) StderrLine: {'line': b'In file included from \x1b[01m\x1b[K/home/olympusolutions/senior_ws/src/sllidar_ros2/./sdk/include/rplidar_protocol.h:36\x1b[m\x1b[K,\n'}
[58.502861] (sllidar_ros2) StderrLine: {'line': b'                 from \x1b[01m\x1b[K/home/olympusolutions/senior_ws/src/sllidar_ros2/./sdk/include/rplidar.h:39\x1b[m\x1b[K,\n'}
[58.502949] (sllidar_ros2) StderrLine: {'line': b'                 from \x1b[01m\x1b[K/home/olympusolutions/senior_ws/src/sllidar_ros2/./sdk/src/sdkcommon.h:49\x1b[m\x1b[K,\n'}
[58.503049] (sllidar_ros2) StderrLine: {'line': b'                 from \x1b[01m\x1b[K/home/olympusolutions/senior_ws/src/sllidar_ros2/sdk/src/hal/thread.cpp:35\x1b[m\x1b[K:\n'}
[58.503138] (sllidar_ros2) StderrLine: {'line': b'\x1b[01m\x1b[K/home/olympusolutions/senior_ws/src/sllidar_ros2/./sdk/include/sl_lidar_protocol.h:66:16:\x1b[m\x1b[K \x1b[01;35m\x1b[Kwarning: \x1b[m\x1b[KISO C++ forbids zero-size array \xe2\x80\x98\x1b[01m\x1b[Kdata\x1b[m\x1b[K\xe2\x80\x99 [\x1b[01;35m\x1b[K\x1b]8;;https://gcc.gnu.org/onlinedocs/gcc/Warning-Options.html#index-Wpedantic\x07-Wpedantic\x1b]8;;\x07\x1b[m\x1b[K]\n'}
[58.503229] (sllidar_ros2) StderrLine: {'line': b'   66 |     sl_u8 data[\x1b[01;35m\x1b[K0\x1b[m\x1b[K];\n'}
[58.503309] (sllidar_ros2) StderrLine: {'line': b'      |                \x1b[01;35m\x1b[K^\x1b[m\x1b[K\n'}
[58.503444] (sllidar_ros2) StderrLine: {'line': b'In file included from \x1b[01m\x1b[K/home/olympusolutions/senior_ws/src/sllidar_ros2/./sdk/include/rplidar_cmd.h:36\x1b[m\x1b[K,\n'}
[58.503528] (sllidar_ros2) StderrLine: {'line': b'                 from \x1b[01m\x1b[K/home/olympusolutions/senior_ws/src/sllidar_ros2/./sdk/include/rplidar.h:40\x1b[m\x1b[K:\n'}
[58.503602] (sllidar_ros2) StderrLine: {'line': b'\x1b[01m\x1b[K/home/olympusolutions/senior_ws/src/sllidar_ros2/./sdk/include/sl_lidar_cmd.h:324:20:\x1b[m\x1b[K \x1b[01;35m\x1b[Kwarning: \x1b[m\x1b[KISO C++ forbids zero-size array \xe2\x80\x98\x1b[01m\x1b[Kpayload\x1b[m\x1b[K\xe2\x80\x99 [\x1b[01;35m\x1b[K\x1b]8;;https://gcc.gnu.org/onlinedocs/gcc/Warning-Options.html#index-Wpedantic\x07-Wpedantic\x1b]8;;\x07\x1b[m\x1b[K]\n'}
[58.503698] (sllidar_ros2) StderrLine: {'line': b'  324 |     sl_u8  payload[\x1b[01;35m\x1b[K0\x1b[m\x1b[K];\n'}
[58.503774] (sllidar_ros2) StderrLine: {'line': b'      |                    \x1b[01;35m\x1b[K^\x1b[m\x1b[K\n'}
[58.539177] (sllidar_ros2) StderrLine: {'line': b'In file included from \x1b[01m\x1b[K/home/olympusolutions/senior_ws/src/sllidar_ros2/sdk/src/hal/thread.cpp:43\x1b[m\x1b[K:\n'}
[58.539359] (sllidar_ros2) StderrLine: {'line': b'\x1b[01m\x1b[K/home/olympusolutions/senior_ws/src/sllidar_ros2/./sdk/src/arch/linux/thread.hpp:\x1b[m\x1b[K In static member function \xe2\x80\x98\x1b[01m\x1b[Kstatic rp::hal::Thread rp::hal::Thread::\x1b[01;32m\x1b[Kcreate\x1b[m\x1b[K(thread_proc_t, void*)\x1b[m\x1b[K\xe2\x80\x99:\n'}
[58.539467] (sllidar_ros2) StderrLine: {'line': b'\x1b[01m\x1b[K/home/olympusolutions/senior_ws/src/sllidar_ros2/./sdk/src/arch/linux/thread.hpp:52:57:\x1b[m\x1b[K \x1b[01;35m\x1b[Kwarning: \x1b[m\x1b[Kcast between incompatible function types from \xe2\x80\x98\x1b[01m\x1b[Kthread_proc_t\x1b[m\x1b[K\xe2\x80\x99 {aka \xe2\x80\x98\x1b[01m\x1b[Klong unsigned int (*)(void*)\x1b[m\x1b[K\xe2\x80\x99} to \xe2\x80\x98\x1b[01m\x1b[Kvoid* (*)(void*)\x1b[m\x1b[K\xe2\x80\x99 [\x1b[01;35m\x1b[K\x1b]8;;https://gcc.gnu.org/onlinedocs/gcc/Warning-Options.html#index-Wcast-function-type\x07-Wcast-function-type\x1b]8;;\x07\x1b[m\x1b[K]\n'}
[58.539559] (sllidar_ros2) StderrLine: {'line': b'   52 |     pthread_create((pthread_t *)&newborn._handle, NULL, \x1b[01;35m\x1b[K(void * (*)(void *))proc\x1b[m\x1b[K, data);\n'}
[58.539631] (sllidar_ros2) StderrLine: {'line': b'      |                                                         \x1b[01;35m\x1b[K^~~~~~~~~~~~~~~~~~~~~~~~\x1b[m\x1b[K\n'}
[58.540247] (sllidar_ros2) StderrLine: {'line': b'\x1b[01m\x1b[K/home/olympusolutions/senior_ws/src/sllidar_ros2/./sdk/src/arch/linux/thread.hpp:\x1b[m\x1b[K In member function \xe2\x80\x98\x1b[01m\x1b[Ku_result rp::hal::Thread::\x1b[01;32m\x1b[Kjoin\x1b[m\x1b[K(long unsigned int)\x1b[m\x1b[K\xe2\x80\x99:\n'}
[58.540345] (sllidar_ros2) StderrLine: {'line': b'\x1b[01m\x1b[K/home/olympusolutions/senior_ws/src/sllidar_ros2/./sdk/src/arch/linux/thread.hpp:176:37:\x1b[m\x1b[K \x1b[01;35m\x1b[Kwarning: \x1b[m\x1b[Kunused parameter \xe2\x80\x98\x1b[01m\x1b[Ktimeout\x1b[m\x1b[K\xe2\x80\x99 [\x1b[01;35m\x1b[K\x1b]8;;https://gcc.gnu.org/onlinedocs/gcc/Warning-Options.html#index-Wunused-parameter\x07-Wunused-parameter\x1b]8;;\x07\x1b[m\x1b[K]\n'}
[58.540427] (sllidar_ros2) StderrLine: {'line': b'  176 | u_result Thread::join(\x1b[01;35m\x1b[Kunsigned long timeout\x1b[m\x1b[K)\n'}
[58.540499] (sllidar_ros2) StderrLine: {'line': b'      |                       \x1b[01;35m\x1b[K~~~~~~~~~~~~~~^~~~~~~\x1b[m\x1b[K\n'}
[58.573677] (-) TimerEvent: {}
[58.666450] (sllidar_ros2) StdoutLine: {'line': b'[ 45%] \x1b[32mBuilding CXX object CMakeFiles/sllidar_node.dir/sdk/src/rplidar_driver.cpp.o\x1b[0m\n'}
[58.673801] (-) TimerEvent: {}
[58.774167] (-) TimerEvent: {}
[58.874525] (-) TimerEvent: {}
[58.974907] (-) TimerEvent: {}
[59.075258] (-) TimerEvent: {}
[59.175591] (-) TimerEvent: {}
[59.257036] (sllidar_ros2) StderrLine: {'line': b'In file included from \x1b[01m\x1b[K/home/olympusolutions/senior_ws/src/sllidar_ros2/./sdk/include/rplidar_protocol.h:36\x1b[m\x1b[K,\n'}
[59.257298] (sllidar_ros2) StderrLine: {'line': b'                 from \x1b[01m\x1b[K/home/olympusolutions/senior_ws/src/sllidar_ros2/./sdk/include/rplidar.h:39\x1b[m\x1b[K,\n'}
[59.257393] (sllidar_ros2) StderrLine: {'line': b'                 from \x1b[01m\x1b[K/home/olympusolutions/senior_ws/src/sllidar_ros2/sdk/src/sdkcommon.h:49\x1b[m\x1b[K,\n'}
[59.257483] (sllidar_ros2) StderrLine: {'line': b'                 from \x1b[01m\x1b[K/home/olympusolutions/senior_ws/src/sllidar_ros2/sdk/src/rplidar_driver.cpp:33\x1b[m\x1b[K:\n'}
[59.257626] (sllidar_ros2) StderrLine: {'line': b'\x1b[01m\x1b[K/home/olympusolutions/senior_ws/src/sllidar_ros2/./sdk/include/sl_lidar_protocol.h:66:16:\x1b[m\x1b[K \x1b[01;35m\x1b[Kwarning: \x1b[m\x1b[KISO C++ forbids zero-size array \xe2\x80\x98\x1b[01m\x1b[Kdata\x1b[m\x1b[K\xe2\x80\x99 [\x1b[01;35m\x1b[K\x1b]8;;https://gcc.gnu.org/onlinedocs/gcc/Warning-Options.html#index-Wpedantic\x07-Wpedantic\x1b]8;;\x07\x1b[m\x1b[K]\n'}
[59.257767] (sllidar_ros2) StderrLine: {'line': b'   66 |     sl_u8 data[\x1b[01;35m\x1b[K0\x1b[m\x1b[K];\n'}
[59.257855] (sllidar_ros2) StderrLine: {'line': b'      |                \x1b[01;35m\x1b[K^\x1b[m\x1b[K\n'}
[59.257931] (sllidar_ros2) StderrLine: {'line': b'In file included from \x1b[01m\x1b[K/home/olympusolutions/senior_ws/src/sllidar_ros2/./sdk/include/rplidar_cmd.h:36\x1b[m\x1b[K,\n'}
[59.258026] (sllidar_ros2) StderrLine: {'line': b'                 from \x1b[01m\x1b[K/home/olympusolutions/senior_ws/src/sllidar_ros2/./sdk/include/rplidar.h:40\x1b[m\x1b[K:\n'}
[59.258102] (sllidar_ros2) StderrLine: {'line': b'\x1b[01m\x1b[K/home/olympusolutions/senior_ws/src/sllidar_ros2/./sdk/include/sl_lidar_cmd.h:324:20:\x1b[m\x1b[K \x1b[01;35m\x1b[Kwarning: \x1b[m\x1b[KISO C++ forbids zero-size array \xe2\x80\x98\x1b[01m\x1b[Kpayload\x1b[m\x1b[K\xe2\x80\x99 [\x1b[01;35m\x1b[K\x1b]8;;https://gcc.gnu.org/onlinedocs/gcc/Warning-Options.html#index-Wpedantic\x07-Wpedantic\x1b]8;;\x07\x1b[m\x1b[K]\n'}
[59.258181] (sllidar_ros2) StderrLine: {'line': b'  324 |     sl_u8  payload[\x1b[01;35m\x1b[K0\x1b[m\x1b[K];\n'}
[59.258255] (sllidar_ros2) StderrLine: {'line': b'      |                    \x1b[01;35m\x1b[K^\x1b[m\x1b[K\n'}
[59.275687] (-) TimerEvent: {}
[59.325768] (sllidar_ros2) StderrLine: {'line': b'\x1b[01m\x1b[K/home/olympusolutions/senior_ws/src/sllidar_ros2/sdk/src/rplidar_driver.cpp:\x1b[m\x1b[K In member function \xe2\x80\x98\x1b[01m\x1b[Ku_result rp::standalone::rplidar::RPlidarDriver::\x1b[01;32m\x1b[Kconnect\x1b[m\x1b[K(const char*, _u32, _u32)\x1b[m\x1b[K\xe2\x80\x99:\n'}
[59.326062] (sllidar_ros2) StderrLine: {'line': b'\x1b[01m\x1b[K/home/olympusolutions/senior_ws/src/sllidar_ros2/sdk/src/rplidar_driver.cpp:67:77:\x1b[m\x1b[K \x1b[01;35m\x1b[Kwarning: \x1b[m\x1b[Kunused parameter \xe2\x80\x98\x1b[01m\x1b[Kflag\x1b[m\x1b[K\xe2\x80\x99 [\x1b[01;35m\x1b[K\x1b]8;;https://gcc.gnu.org/onlinedocs/gcc/Warning-Options.html#index-Wunused-parameter\x07-Wunused-parameter\x1b]8;;\x07\x1b[m\x1b[K]\n'}
[59.326159] (sllidar_ros2) StderrLine: {'line': b'   67 | lt RPlidarDriver::connect(const char *path, _u32 portOrBaud, \x1b[01;35m\x1b[K_u32 flag\x1b[m\x1b[K)\n'}
[59.326236] (sllidar_ros2) StderrLine: {'line': b'      |                                                              \x1b[01;35m\x1b[K~~~~~^~~~\x1b[m\x1b[K\n'}
[59.326309] (sllidar_ros2) StderrLine: {'line': b'\n'}
[59.326381] (sllidar_ros2) StderrLine: {'line': b'\x1b[01m\x1b[K/home/olympusolutions/senior_ws/src/sllidar_ros2/sdk/src/rplidar_driver.cpp:\x1b[m\x1b[K In member function \xe2\x80\x98\x1b[01m\x1b[Ku_result rp::standalone::rplidar::RPlidarDriver::\x1b[01;32m\x1b[Kreset\x1b[m\x1b[K(_u32)\x1b[m\x1b[K\xe2\x80\x99:\n'}
[59.326456] (sllidar_ros2) StderrLine: {'line': b'\x1b[01m\x1b[K/home/olympusolutions/senior_ws/src/sllidar_ros2/sdk/src/rplidar_driver.cpp:101:40:\x1b[m\x1b[K \x1b[01;35m\x1b[Kwarning: \x1b[m\x1b[Kunused parameter \xe2\x80\x98\x1b[01m\x1b[Ktimeout\x1b[m\x1b[K\xe2\x80\x99 [\x1b[01;35m\x1b[K\x1b]8;;https://gcc.gnu.org/onlinedocs/gcc/Warning-Options.html#index-Wunused-parameter\x07-Wunused-parameter\x1b]8;;\x07\x1b[m\x1b[K]\n'}
[59.326531] (sllidar_ros2) StderrLine: {'line': b'  101 |     u_result RPlidarDriver::reset(\x1b[01;35m\x1b[K_u32 timeout\x1b[m\x1b[K)\n'}
[59.326603] (sllidar_ros2) StderrLine: {'line': b'      |                                   \x1b[01;35m\x1b[K~~~~~^~~~~~~\x1b[m\x1b[K\n'}
[59.327139] (sllidar_ros2) StderrLine: {'line': b'\x1b[01m\x1b[K/home/olympusolutions/senior_ws/src/sllidar_ros2/sdk/src/rplidar_driver.cpp:\x1b[m\x1b[K In member function \xe2\x80\x98\x1b[01m\x1b[Ku_result rp::standalone::rplidar::RPlidarDriver::\x1b[01;32m\x1b[KgetScanDataWithInterval\x1b[m\x1b[K(rplidar_response_measurement_node_t*, size_t&)\x1b[m\x1b[K\xe2\x80\x99:\n'}
[59.327287] (sllidar_ros2) StderrLine: {'line': b'\x1b[01m\x1b[K/home/olympusolutions/senior_ws/src/sllidar_ros2/sdk/src/rplidar_driver.cpp:180:91:\x1b[m\x1b[K \x1b[01;35m\x1b[Kwarning: \x1b[m\x1b[Kunused parameter \xe2\x80\x98\x1b[01m\x1b[Knodebuffer\x1b[m\x1b[K\xe2\x80\x99 [\x1b[01;35m\x1b[K\x1b]8;;https://gcc.gnu.org/onlinedocs/gcc/Warning-Options.html#index-Wunused-parameter\x07-Wunused-parameter\x1b]8;;\x07\x1b[m\x1b[K]\n'}
[59.327407] (sllidar_ros2) StderrLine: {'line': b'  180 | tScanDataWithInterval(\x1b[01;35m\x1b[Krplidar_response_measurement_node_t * nodebuffer\x1b[m\x1b[K, size_t & count)\n'}
[59.327498] (sllidar_ros2) StderrLine: {'line': b'      |                       \x1b[01;35m\x1b[K~~~~~~~~~~~~~~~~~~~~~~~~~~~~~~~~~~~~~~^~~~~~~~~~\x1b[m\x1b[K\n'}
[59.327574] (sllidar_ros2) StderrLine: {'line': b'\n'}
[59.327655] (sllidar_ros2) StderrLine: {'line': b'\x1b[01m\x1b[K/home/olympusolutions/senior_ws/src/sllidar_ros2/sdk/src/rplidar_driver.cpp:180:112:\x1b[m\x1b[K \x1b[01;35m\x1b[Kwarning: \x1b[m\x1b[Kunused parameter \xe2\x80\x98\x1b[01m\x1b[Kcount\x1b[m\x1b[K\xe2\x80\x99 [\x1b[01;35m\x1b[K\x1b]8;;https://gcc.gnu.org/onlinedocs/gcc/Warning-Options.html#index-Wunused-parameter\x07-Wunused-parameter\x1b]8;;\x07\x1b[m\x1b[K]\n'}
[59.327745] (sllidar_ros2) StderrLine: {'line': b'  180 | erval(rplidar_response_measurement_node_t * nodebuffer, \x1b[01;35m\x1b[Ksize_t & count\x1b[m\x1b[K)\n'}
[59.327818] (sllidar_ros2) StderrLine: {'line': b'      |                                                         \x1b[01;35m\x1b[K~~~~~~~~~^~~~~\x1b[m\x1b[K\n'}
[59.327890] (sllidar_ros2) StderrLine: {'line': b'\n'}
[59.375772] (-) TimerEvent: {}
[59.476087] (-) TimerEvent: {}
[59.483078] (sllidar_ros2) StdoutLine: {'line': b'[ 50%] \x1b[32mBuilding CXX object CMakeFiles/sllidar_node.dir/sdk/src/sl_async_transceiver.cpp.o\x1b[0m\n'}
[59.576208] (-) TimerEvent: {}
[59.676566] (-) TimerEvent: {}
[59.776961] (-) TimerEvent: {}
[59.877363] (-) TimerEvent: {}
[59.977762] (-) TimerEvent: {}
[60.078110] (-) TimerEvent: {}
[60.178455] (-) TimerEvent: {}
[60.255565] (sllidar_ros2) StderrLine: {'line': b'In file included from \x1b[01m\x1b[K/home/olympusolutions/senior_ws/src/sllidar_ros2/./sdk/include/rplidar_protocol.h:36\x1b[m\x1b[K,\n'}
[60.255839] (sllidar_ros2) StderrLine: {'line': b'                 from \x1b[01m\x1b[K/home/olympusolutions/senior_ws/src/sllidar_ros2/./sdk/include/rplidar.h:39\x1b[m\x1b[K,\n'}
[60.255933] (sllidar_ros2) StderrLine: {'line': b'                 from \x1b[01m\x1b[K/home/olympusolutions/senior_ws/src/sllidar_ros2/sdk/src/sdkcommon.h:49\x1b[m\x1b[K,\n'}
[60.256019] (sllidar_ros2) StderrLine: {'line': b'                 from \x1b[01m\x1b[K/home/olympusolutions/senior_ws/src/sllidar_ros2/sdk/src/sl_async_transceiver.cpp:35\x1b[m\x1b[K:\n'}
[60.256186] (sllidar_ros2) StderrLine: {'line': b'\x1b[01m\x1b[K/home/olympusolutions/senior_ws/src/sllidar_ros2/./sdk/include/sl_lidar_protocol.h:66:16:\x1b[m\x1b[K \x1b[01;35m\x1b[Kwarning: \x1b[m\x1b[KISO C++ forbids zero-size array \xe2\x80\x98\x1b[01m\x1b[Kdata\x1b[m\x1b[K\xe2\x80\x99 [\x1b[01;35m\x1b[K\x1b]8;;https://gcc.gnu.org/onlinedocs/gcc/Warning-Options.html#index-Wpedantic\x07-Wpedantic\x1b]8;;\x07\x1b[m\x1b[K]\n'}
[60.256295] (sllidar_ros2) StderrLine: {'line': b'   66 |     sl_u8 data[\x1b[01;35m\x1b[K0\x1b[m\x1b[K];\n'}
[60.256374] (sllidar_ros2) StderrLine: {'line': b'      |                \x1b[01;35m\x1b[K^\x1b[m\x1b[K\n'}
[60.256447] (sllidar_ros2) StderrLine: {'line': b'In file included from \x1b[01m\x1b[K/home/olympusolutions/senior_ws/src/sllidar_ros2/./sdk/include/rplidar_cmd.h:36\x1b[m\x1b[K,\n'}
[60.256521] (sllidar_ros2) StderrLine: {'line': b'                 from \x1b[01m\x1b[K/home/olympusolutions/senior_ws/src/sllidar_ros2/./sdk/include/rplidar.h:40\x1b[m\x1b[K:\n'}
[60.256594] (sllidar_ros2) StderrLine: {'line': b'\x1b[01m\x1b[K/home/olympusolutions/senior_ws/src/sllidar_ros2/./sdk/include/sl_lidar_cmd.h:324:20:\x1b[m\x1b[K \x1b[01;35m\x1b[Kwarning: \x1b[m\x1b[KISO C++ forbids zero-size array \xe2\x80\x98\x1b[01m\x1b[Kpayload\x1b[m\x1b[K\xe2\x80\x99 [\x1b[01;35m\x1b[K\x1b]8;;https://gcc.gnu.org/onlinedocs/gcc/Warning-Options.html#index-Wpedantic\x07-Wpedantic\x1b]8;;\x07\x1b[m\x1b[K]\n'}
[60.256686] (sllidar_ros2) StderrLine: {'line': b'  324 |     sl_u8  payload[\x1b[01;35m\x1b[K0\x1b[m\x1b[K];\n'}
[60.256768] (sllidar_ros2) StderrLine: {'line': b'      |                    \x1b[01;35m\x1b[K^\x1b[m\x1b[K\n'}
[60.278532] (-) TimerEvent: {}
[60.365362] (sllidar_ros2) StderrLine: {'line': b'In file included from \x1b[01m\x1b[K/home/olympusolutions/senior_ws/src/sllidar_ros2/sdk/src/sl_async_transceiver.cpp:44\x1b[m\x1b[K:\n'}
[60.365639] (sllidar_ros2) StderrLine: {'line': b'\x1b[01m\x1b[K/home/olympusolutions/senior_ws/src/sllidar_ros2/sdk/src/sl_async_transceiver.h:\x1b[m\x1b[K In member function \xe2\x80\x98\x1b[01m\x1b[Kvirtual void sl::internal::IAsyncProtocolCodec::\x1b[01;32m\x1b[KonChannelError\x1b[m\x1b[K(u_result)\x1b[m\x1b[K\xe2\x80\x99:\n'}
[60.365759] (sllidar_ros2) StderrLine: {'line': b'\x1b[01m\x1b[K/home/olympusolutions/senior_ws/src/sllidar_ros2/sdk/src/sl_async_transceiver.h:90:48:\x1b[m\x1b[K \x1b[01;35m\x1b[Kwarning: \x1b[m\x1b[Kunused parameter \xe2\x80\x98\x1b[01m\x1b[KerrCode\x1b[m\x1b[K\xe2\x80\x99 [\x1b[01;35m\x1b[K\x1b]8;;https://gcc.gnu.org/onlinedocs/gcc/Warning-Options.html#index-Wunused-parameter\x07-Wunused-parameter\x1b]8;;\x07\x1b[m\x1b[K]\n'}
[60.365845] (sllidar_ros2) StderrLine: {'line': b'   90 |         virtual void   onChannelError(\x1b[01;35m\x1b[Ku_result errCode\x1b[m\x1b[K) {}\n'}
[60.365919] (sllidar_ros2) StderrLine: {'line': b'      |                                       \x1b[01;35m\x1b[K~~~~~~~~~^~~~~~~\x1b[m\x1b[K\n'}
[60.378626] (-) TimerEvent: {}
[60.478960] (-) TimerEvent: {}
[60.579321] (-) TimerEvent: {}
[60.637805] (sllidar_ros2) StdoutLine: {'line': b'[ 55%] \x1b[32mBuilding CXX object CMakeFiles/sllidar_node.dir/sdk/src/sl_crc.cpp.o\x1b[0m\n'}
[60.671044] (sllidar_ros2) StderrLine: {'line': b'In file included from \x1b[01m\x1b[K/home/olympusolutions/senior_ws/src/sllidar_ros2/./sdk/include/sl_lidar_cmd.h:41\x1b[m\x1b[K,\n'}
[60.671286] (sllidar_ros2) StderrLine: {'line': b'                 from \x1b[01m\x1b[K/home/olympusolutions/senior_ws/src/sllidar_ros2/./sdk/include/sl_crc.h:36\x1b[m\x1b[K,\n'}
[60.671371] (sllidar_ros2) StderrLine: {'line': b'                 from \x1b[01m\x1b[K/home/olympusolutions/senior_ws/src/sllidar_ros2/sdk/src/sl_crc.cpp:33\x1b[m\x1b[K:\n'}
[60.671458] (sllidar_ros2) StderrLine: {'line': b'\x1b[01m\x1b[K/home/olympusolutions/senior_ws/src/sllidar_ros2/./sdk/include/sl_lidar_protocol.h:66:16:\x1b[m\x1b[K \x1b[01;35m\x1b[Kwarning: \x1b[m\x1b[KISO C++ forbids zero-size array \xe2\x80\x98\x1b[01m\x1b[Kdata\x1b[m\x1b[K\xe2\x80\x99 [\x1b[01;35m\x1b[K\x1b]8;;https://gcc.gnu.org/onlinedocs/gcc/Warning-Options.html#index-Wpedantic\x07-Wpedantic\x1b]8;;\x07\x1b[m\x1b[K]\n'}
[60.671554] (sllidar_ros2) StderrLine: {'line': b'   66 |     sl_u8 data[\x1b[01;35m\x1b[K0\x1b[m\x1b[K];\n'}
[60.671636] (sllidar_ros2) StderrLine: {'line': b'      |                \x1b[01;35m\x1b[K^\x1b[m\x1b[K\n'}
[60.671784] (sllidar_ros2) StderrLine: {'line': b'\x1b[01m\x1b[K/home/olympusolutions/senior_ws/src/sllidar_ros2/./sdk/include/sl_lidar_cmd.h:324:20:\x1b[m\x1b[K \x1b[01;35m\x1b[Kwarning: \x1b[m\x1b[KISO C++ forbids zero-size array \xe2\x80\x98\x1b[01m\x1b[Kpayload\x1b[m\x1b[K\xe2\x80\x99 [\x1b[01;35m\x1b[K\x1b]8;;https://gcc.gnu.org/onlinedocs/gcc/Warning-Options.html#index-Wpedantic\x07-Wpedantic\x1b]8;;\x07\x1b[m\x1b[K]\n'}
[60.671892] (sllidar_ros2) StderrLine: {'line': b'  324 |     sl_u8  payload[\x1b[01;35m\x1b[K0\x1b[m\x1b[K];\n'}
[60.671968] (sllidar_ros2) StderrLine: {'line': b'      |                    \x1b[01;35m\x1b[K^\x1b[m\x1b[K\n'}
[60.679393] (-) TimerEvent: {}
[60.711447] (sllidar_ros2) StdoutLine: {'line': b'[ 60%] \x1b[32mBuilding CXX object CMakeFiles/sllidar_node.dir/sdk/src/sl_lidar_driver.cpp.o\x1b[0m\n'}
[60.779536] (-) TimerEvent: {}
[60.879947] (-) TimerEvent: {}
[60.980301] (-) TimerEvent: {}
[61.080671] (-) TimerEvent: {}
[61.181029] (-) TimerEvent: {}
[61.281374] (-) TimerEvent: {}
[61.313904] (sllidar_ros2) StderrLine: {'line': b'In file included from \x1b[01m\x1b[K/home/olympusolutions/senior_ws/src/sllidar_ros2/./sdk/include/rplidar_protocol.h:36\x1b[m\x1b[K,\n'}
[61.314154] (sllidar_ros2) StderrLine: {'line': b'                 from \x1b[01m\x1b[K/home/olympusolutions/senior_ws/src/sllidar_ros2/./sdk/include/rplidar.h:39\x1b[m\x1b[K,\n'}
[61.314238] (sllidar_ros2) StderrLine: {'line': b'                 from \x1b[01m\x1b[K/home/olympusolutions/senior_ws/src/sllidar_ros2/sdk/src/sdkcommon.h:49\x1b[m\x1b[K,\n'}
[61.314340] (sllidar_ros2) StderrLine: {'line': b'                 from \x1b[01m\x1b[K/home/olympusolutions/senior_ws/src/sllidar_ros2/sdk/src/sl_lidar_driver.cpp:33\x1b[m\x1b[K:\n'}
[61.314427] (sllidar_ros2) StderrLine: {'line': b'\x1b[01m\x1b[K/home/olympusolutions/senior_ws/src/sllidar_ros2/./sdk/include/sl_lidar_protocol.h:66:16:\x1b[m\x1b[K \x1b[01;35m\x1b[Kwarning: \x1b[m\x1b[KISO C++ forbids zero-size array \xe2\x80\x98\x1b[01m\x1b[Kdata\x1b[m\x1b[K\xe2\x80\x99 [\x1b[01;35m\x1b[K\x1b]8;;https://gcc.gnu.org/onlinedocs/gcc/Warning-Options.html#index-Wpedantic\x07-Wpedantic\x1b]8;;\x07\x1b[m\x1b[K]\n'}
[61.314573] (sllidar_ros2) StderrLine: {'line': b'   66 |     sl_u8 data[\x1b[01;35m\x1b[K0\x1b[m\x1b[K];\n'}
[61.314668] (sllidar_ros2) StderrLine: {'line': b'      |                \x1b[01;35m\x1b[K^\x1b[m\x1b[K\n'}
[61.314759] (sllidar_ros2) StderrLine: {'line': b'In file included from \x1b[01m\x1b[K/home/olympusolutions/senior_ws/src/sllidar_ros2/./sdk/include/rplidar_cmd.h:36\x1b[m\x1b[K,\n'}
[61.314844] (sllidar_ros2) StderrLine: {'line': b'                 from \x1b[01m\x1b[K/home/olympusolutions/senior_ws/src/sllidar_ros2/./sdk/include/rplidar.h:40\x1b[m\x1b[K:\n'}
[61.314918] (sllidar_ros2) StderrLine: {'line': b'\x1b[01m\x1b[K/home/olympusolutions/senior_ws/src/sllidar_ros2/./sdk/include/sl_lidar_cmd.h:324:20:\x1b[m\x1b[K \x1b[01;35m\x1b[Kwarning: \x1b[m\x1b[KISO C++ forbids zero-size array \xe2\x80\x98\x1b[01m\x1b[Kpayload\x1b[m\x1b[K\xe2\x80\x99 [\x1b[01;35m\x1b[K\x1b]8;;https://gcc.gnu.org/onlinedocs/gcc/Warning-Options.html#index-Wpedantic\x07-Wpedantic\x1b]8;;\x07\x1b[m\x1b[K]\n'}
[61.314995] (sllidar_ros2) StderrLine: {'line': b'  324 |     sl_u8  payload[\x1b[01;35m\x1b[K0\x1b[m\x1b[K];\n'}
[61.315066] (sllidar_ros2) StderrLine: {'line': b'      |                    \x1b[01;35m\x1b[K^\x1b[m\x1b[K\n'}
[61.381462] (-) TimerEvent: {}
[61.471368] (sllidar_ros2) StderrLine: {'line': b'In file included from \x1b[01m\x1b[K/home/olympusolutions/senior_ws/src/sllidar_ros2/sdk/src/sl_lidar_driver.cpp:50\x1b[m\x1b[K:\n'}
[61.471638] (sllidar_ros2) StderrLine: {'line': b'\x1b[01m\x1b[K/home/olympusolutions/senior_ws/src/sllidar_ros2/sdk/src/dataunpacker/dataunpacker.h:\x1b[m\x1b[K In member function \xe2\x80\x98\x1b[01m\x1b[Kvirtual void sl::internal::LIDARSampleDataListener::\x1b[01;32m\x1b[KonCustomSampleDataDecoded\x1b[m\x1b[K(_u8, _u32, const void*, size_t)\x1b[m\x1b[K\xe2\x80\x99:\n'}
[61.471763] (sllidar_ros2) StderrLine: {'line': b'\x1b[01m\x1b[K/home/olympusolutions/senior_ws/src/sllidar_ros2/sdk/src/dataunpacker/dataunpacker.h:54:52:\x1b[m\x1b[K \x1b[01;35m\x1b[Kwarning: \x1b[m\x1b[Kunused parameter \xe2\x80\x98\x1b[01m\x1b[KansType\x1b[m\x1b[K\xe2\x80\x99 [\x1b[01;35m\x1b[K\x1b]8;;https://gcc.gnu.org/onlinedocs/gcc/Warning-Options.html#index-Wunused-parameter\x07-Wunused-parameter\x1b]8;;\x07\x1b[m\x1b[K]\n'}
[61.471854] (sllidar_ros2) StderrLine: {'line': b'   54 |         virtual void onCustomSampleDataDecoded(\x1b[01;35m\x1b[K_u8 ansType\x1b[m\x1b[K, _u32 customCode, const void* data, size_t size) {}\n'}
[61.471940] (sllidar_ros2) StderrLine: {'line': b'      |                                                \x1b[01;35m\x1b[K~~~~^~~~~~~\x1b[m\x1b[K\n'}
[61.472022] (sllidar_ros2) StderrLine: {'line': b'\x1b[01m\x1b[K/home/olympusolutions/senior_ws/src/sllidar_ros2/sdk/src/dataunpacker/dataunpacker.h:54:66:\x1b[m\x1b[K \x1b[01;35m\x1b[Kwarning: \x1b[m\x1b[Kunused parameter \xe2\x80\x98\x1b[01m\x1b[KcustomCode\x1b[m\x1b[K\xe2\x80\x99 [\x1b[01;35m\x1b[K\x1b]8;;https://gcc.gnu.org/onlinedocs/gcc/Warning-Options.html#index-Wunused-parameter\x07-Wunused-parameter\x1b]8;;\x07\x1b[m\x1b[K]\n'}
[61.472103] (sllidar_ros2) StderrLine: {'line': b'   54 |    virtual void onCustomSampleDataDecoded(_u8 ansType, \x1b[01;35m\x1b[K_u32 customCode\x1b[m\x1b[K, const void* data, size_t size) {}\n'}
[61.472177] (sllidar_ros2) StderrLine: {'line': b'      |                                                        \x1b[01;35m\x1b[K~~~~~^~~~~~~~~~\x1b[m\x1b[K\n'}
[61.472249] (sllidar_ros2) StderrLine: {'line': b'\n'}
[61.472325] (sllidar_ros2) StderrLine: {'line': b'\x1b[01m\x1b[K/home/olympusolutions/senior_ws/src/sllidar_ros2/sdk/src/dataunpacker/dataunpacker.h:54:90:\x1b[m\x1b[K \x1b[01;35m\x1b[Kwarning: \x1b[m\x1b[Kunused parameter \xe2\x80\x98\x1b[01m\x1b[Kdata\x1b[m\x1b[K\xe2\x80\x99 [\x1b[01;35m\x1b[K\x1b]8;;https://gcc.gnu.org/onlinedocs/gcc/Warning-Options.html#index-Wunused-parameter\x07-Wunused-parameter\x1b]8;;\x07\x1b[m\x1b[K]\n'}
[61.472439] (sllidar_ros2) StderrLine: {'line': b'   54 | SampleDataDecoded(_u8 ansType, _u32 customCode, \x1b[01;35m\x1b[Kconst void* data\x1b[m\x1b[K, size_t size) {}\n'}
[61.472512] (sllidar_ros2) StderrLine: {'line': b'      |                                                 \x1b[01;35m\x1b[K~~~~~~~~~~~~^~~~\x1b[m\x1b[K\n'}
[61.472582] (sllidar_ros2) StderrLine: {'line': b'\n'}
[61.472661] (sllidar_ros2) StderrLine: {'line': b'\x1b[01m\x1b[K/home/olympusolutions/senior_ws/src/sllidar_ros2/sdk/src/dataunpacker/dataunpacker.h:54:103:\x1b[m\x1b[K \x1b[01;35m\x1b[Kwarning: \x1b[m\x1b[Kunused parameter \xe2\x80\x98\x1b[01m\x1b[Ksize\x1b[m\x1b[K\xe2\x80\x99 [\x1b[01;35m\x1b[K\x1b]8;;https://gcc.gnu.org/onlinedocs/gcc/Warning-Options.html#index-Wunused-parameter\x07-Wunused-parameter\x1b]8;;\x07\x1b[m\x1b[K]\n'}
[61.472752] (sllidar_ros2) StderrLine: {'line': b'   54 | Decoded(_u8 ansType, _u32 customCode, const void* data, \x1b[01;35m\x1b[Ksize_t size\x1b[m\x1b[K) {}\n'}
[61.472824] (sllidar_ros2) StderrLine: {'line': b'      |                                                         \x1b[01;35m\x1b[K~~~~~~~^~~~\x1b[m\x1b[K\n'}
[61.472906] (sllidar_ros2) StderrLine: {'line': b'\n'}
[61.472976] (sllidar_ros2) StderrLine: {'line': b'\x1b[01m\x1b[K/home/olympusolutions/senior_ws/src/sllidar_ros2/sdk/src/dataunpacker/dataunpacker.h:\x1b[m\x1b[K In member function \xe2\x80\x98\x1b[01m\x1b[Kvirtual void sl::internal::LIDARSampleDataListener::\x1b[01;32m\x1b[KonDecodingError\x1b[m\x1b[K(int, _u8, const void*, size_t)\x1b[m\x1b[K\xe2\x80\x99:\n'}
[61.473053] (sllidar_ros2) StderrLine: {'line': b'\x1b[01m\x1b[K/home/olympusolutions/senior_ws/src/sllidar_ros2/sdk/src/dataunpacker/dataunpacker.h:56:42:\x1b[m\x1b[K \x1b[01;35m\x1b[Kwarning: \x1b[m\x1b[Kunused parameter \xe2\x80\x98\x1b[01m\x1b[KerrMsg\x1b[m\x1b[K\xe2\x80\x99 [\x1b[01;35m\x1b[K\x1b]8;;https://gcc.gnu.org/onlinedocs/gcc/Warning-Options.html#index-Wunused-parameter\x07-Wunused-parameter\x1b]8;;\x07\x1b[m\x1b[K]\n'}
[61.473133] (sllidar_ros2) StderrLine: {'line': b'   56 |         virtual void onDecodingError(\x1b[01;35m\x1b[Kint errMsg\x1b[m\x1b[K, _u8 ansType, const void* payload, size_t size) {}\n'}
[61.473215] (sllidar_ros2) StderrLine: {'line': b'      |                                      \x1b[01;35m\x1b[K~~~~^~~~~~\x1b[m\x1b[K\n'}
[61.473287] (sllidar_ros2) StderrLine: {'line': b'\x1b[01m\x1b[K/home/olympusolutions/senior_ws/src/sllidar_ros2/sdk/src/dataunpacker/dataunpacker.h:56:54:\x1b[m\x1b[K \x1b[01;35m\x1b[Kwarning: \x1b[m\x1b[Kunused parameter \xe2\x80\x98\x1b[01m\x1b[KansType\x1b[m\x1b[K\xe2\x80\x99 [\x1b[01;35m\x1b[K\x1b]8;;https://gcc.gnu.org/onlinedocs/gcc/Warning-Options.html#index-Wunused-parameter\x07-Wunused-parameter\x1b]8;;\x07\x1b[m\x1b[K]\n'}
[61.473361] (sllidar_ros2) StderrLine: {'line': b'   56 |         virtual void onDecodingError(int errMsg, \x1b[01;35m\x1b[K_u8 ansType\x1b[m\x1b[K, const void* payload, size_t size) {}\n'}
[61.473448] (sllidar_ros2) StderrLine: {'line': b'      |                                                  \x1b[01;35m\x1b[K~~~~^~~~~~~\x1b[m\x1b[K\n'}
[61.473525] (sllidar_ros2) StderrLine: {'line': b'\x1b[01m\x1b[K/home/olympusolutions/senior_ws/src/sllidar_ros2/sdk/src/dataunpacker/dataunpacker.h:56:75:\x1b[m\x1b[K \x1b[01;35m\x1b[Kwarning: \x1b[m\x1b[Kunused parameter \xe2\x80\x98\x1b[01m\x1b[Kpayload\x1b[m\x1b[K\xe2\x80\x99 [\x1b[01;35m\x1b[K\x1b]8;;https://gcc.gnu.org/onlinedocs/gcc/Warning-Options.html#index-Wunused-parameter\x07-Wunused-parameter\x1b]8;;\x07\x1b[m\x1b[K]\n'}
[61.473601] (sllidar_ros2) StderrLine: {'line': b'   56 | l void onDecodingError(int errMsg, _u8 ansType, \x1b[01;35m\x1b[Kconst void* payload\x1b[m\x1b[K, size_t size) {}\n'}
[61.473699] (sllidar_ros2) StderrLine: {'line': b'      |                                                 \x1b[01;35m\x1b[K~~~~~~~~~~~~^~~~~~~\x1b[m\x1b[K\n'}
[61.473775] (sllidar_ros2) StderrLine: {'line': b'\n'}
[61.473844] (sllidar_ros2) StderrLine: {'line': b'\x1b[01m\x1b[K/home/olympusolutions/senior_ws/src/sllidar_ros2/sdk/src/dataunpacker/dataunpacker.h:56:91:\x1b[m\x1b[K \x1b[01;35m\x1b[Kwarning: \x1b[m\x1b[Kunused parameter \xe2\x80\x98\x1b[01m\x1b[Ksize\x1b[m\x1b[K\xe2\x80\x99 [\x1b[01;35m\x1b[K\x1b]8;;https://gcc.gnu.org/onlinedocs/gcc/Warning-Options.html#index-Wunused-parameter\x07-Wunused-parameter\x1b]8;;\x07\x1b[m\x1b[K]\n'}
[61.473917] (sllidar_ros2) StderrLine: {'line': b'   56 | dingError(int errMsg, _u8 ansType, const void* payload, \x1b[01;35m\x1b[Ksize_t size\x1b[m\x1b[K) {}\n'}
[61.473987] (sllidar_ros2) StderrLine: {'line': b'      |                                                         \x1b[01;35m\x1b[K~~~~~~~^~~~\x1b[m\x1b[K\n'}
[61.474057] (sllidar_ros2) StderrLine: {'line': b'\n'}
[61.481545] (-) TimerEvent: {}
[61.486009] (sllidar_ros2) StderrLine: {'line': b'In file included from \x1b[01m\x1b[K/home/olympusolutions/senior_ws/src/sllidar_ros2/sdk/src/sl_lidar_driver.cpp:51\x1b[m\x1b[K:\n'}
[61.487184] (sllidar_ros2) StderrLine: {'line': b'\x1b[01m\x1b[K/home/olympusolutions/senior_ws/src/sllidar_ros2/sdk/src/sl_async_transceiver.h:\x1b[m\x1b[K In member function \xe2\x80\x98\x1b[01m\x1b[Kvirtual void sl::internal::IAsyncProtocolCodec::\x1b[01;32m\x1b[KonChannelError\x1b[m\x1b[K(u_result)\x1b[m\x1b[K\xe2\x80\x99:\n'}
[61.487467] (sllidar_ros2) StderrLine: {'line': b'\x1b[01m\x1b[K/home/olympusolutions/senior_ws/src/sllidar_ros2/sdk/src/sl_async_transceiver.h:90:48:\x1b[m\x1b[K \x1b[01;35m\x1b[Kwarning: \x1b[m\x1b[Kunused parameter \xe2\x80\x98\x1b[01m\x1b[KerrCode\x1b[m\x1b[K\xe2\x80\x99 [\x1b[01;35m\x1b[K\x1b]8;;https://gcc.gnu.org/onlinedocs/gcc/Warning-Options.html#index-Wunused-parameter\x07-Wunused-parameter\x1b]8;;\x07\x1b[m\x1b[K]\n'}
[61.487642] (sllidar_ros2) StderrLine: {'line': b'   90 |         virtual void   onChannelError(\x1b[01;35m\x1b[Ku_result errCode\x1b[m\x1b[K) {}\n'}
[61.487796] (sllidar_ros2) StderrLine: {'line': b'      |                                       \x1b[01;35m\x1b[K~~~~~~~~~^~~~~~~\x1b[m\x1b[K\n'}
[61.521610] (sllidar_ros2) StderrLine: {'line': b'\x1b[01m\x1b[K/home/olympusolutions/senior_ws/src/sllidar_ros2/sdk/src/sl_lidar_driver.cpp:\x1b[m\x1b[K In member function \xe2\x80\x98\x1b[01m\x1b[Kvirtual sl_result sl::SlamtecLidarDriver::\x1b[01;32m\x1b[Kreset\x1b[m\x1b[K(sl_u32)\x1b[m\x1b[K\xe2\x80\x99:\n'}
[61.521881] (sllidar_ros2) StderrLine: {'line': b'\x1b[01m\x1b[K/home/olympusolutions/senior_ws/src/sllidar_ros2/sdk/src/sl_lidar_driver.cpp:511:32:\x1b[m\x1b[K \x1b[01;35m\x1b[Kwarning: \x1b[m\x1b[Kunused parameter \xe2\x80\x98\x1b[01m\x1b[KtimeoutInMs\x1b[m\x1b[K\xe2\x80\x99 [\x1b[01;35m\x1b[K\x1b]8;;https://gcc.gnu.org/onlinedocs/gcc/Warning-Options.html#index-Wunused-parameter\x07-Wunused-parameter\x1b]8;;\x07\x1b[m\x1b[K]\n'}
[61.521976] (sllidar_ros2) StderrLine: {'line': b'  511 |         sl_result reset(\x1b[01;35m\x1b[Ksl_u32 timeoutInMs = DEFAULT_TIMEOUT\x1b[m\x1b[K)\n'}
[61.522053] (sllidar_ros2) StderrLine: {'line': b'      |                         \x1b[01;35m\x1b[K~~~~~~~^~~~~~~~~~~~~~~~~~~~~~~~~~~~~\x1b[m\x1b[K\n'}
[61.526033] (sllidar_ros2) StderrLine: {'line': b'\x1b[01m\x1b[K/home/olympusolutions/senior_ws/src/sllidar_ros2/sdk/src/sl_lidar_driver.cpp:\x1b[m\x1b[K In member function \xe2\x80\x98\x1b[01m\x1b[Kvirtual sl_result sl::SlamtecLidarDriver::\x1b[01;32m\x1b[KstartScan\x1b[m\x1b[K(bool, bool, sl_u32, sl::LidarScanMode*)\x1b[m\x1b[K\xe2\x80\x99:\n'}
[61.526164] (sllidar_ros2) StderrLine: {'line': b'\x1b[01m\x1b[K/home/olympusolutions/senior_ws/src/sllidar_ros2/sdk/src/sl_lidar_driver.cpp:586:69:\x1b[m\x1b[K \x1b[01;35m\x1b[Kwarning: \x1b[m\x1b[Kunused parameter \xe2\x80\x98\x1b[01m\x1b[Koptions\x1b[m\x1b[K\xe2\x80\x99 [\x1b[01;35m\x1b[K\x1b]8;;https://gcc.gnu.org/onlinedocs/gcc/Warning-Options.html#index-Wunused-parameter\x07-Wunused-parameter\x1b]8;;\x07\x1b[m\x1b[K]\n'}
[61.526277] (sllidar_ros2) StderrLine: {'line': b'  586 | sl_result startScan(bool force, bool useTypicalScan, \x1b[01;35m\x1b[Ksl_u32 options = 0\x1b[m\x1b[K, LidarScanMode* outUsedScanMode = nullptr)\n'}
[61.526355] (sllidar_ros2) StderrLine: {'line': b'      |                                                      \x1b[01;35m\x1b[K~~~~~~~^~~~~~~~~~~\x1b[m\x1b[K\n'}
[61.526436] (sllidar_ros2) StderrLine: {'line': b'\n'}
[61.528544] (sllidar_ros2) StderrLine: {'line': b'\x1b[01m\x1b[K/home/olympusolutions/senior_ws/src/sllidar_ros2/sdk/src/sl_lidar_driver.cpp:\x1b[m\x1b[K In member function \xe2\x80\x98\x1b[01m\x1b[Kvirtual sl_result sl::SlamtecLidarDriver::\x1b[01;32m\x1b[Kstop\x1b[m\x1b[K(sl_u32)\x1b[m\x1b[K\xe2\x80\x99:\n'}
[61.528667] (sllidar_ros2) StderrLine: {'line': b'\x1b[01m\x1b[K/home/olympusolutions/senior_ws/src/sllidar_ros2/sdk/src/sl_lidar_driver.cpp:763:31:\x1b[m\x1b[K \x1b[01;35m\x1b[Kwarning: \x1b[m\x1b[Kunused parameter \xe2\x80\x98\x1b[01m\x1b[Ktimeout\x1b[m\x1b[K\xe2\x80\x99 [\x1b[01;35m\x1b[K\x1b]8;;https://gcc.gnu.org/onlinedocs/gcc/Warning-Options.html#index-Wunused-parameter\x07-Wunused-parameter\x1b]8;;\x07\x1b[m\x1b[K]\n'}
[61.528758] (sllidar_ros2) StderrLine: {'line': b'  763 |         sl_result stop(\x1b[01;35m\x1b[Ksl_u32 timeout = DEFAULT_TIMEOUT\x1b[m\x1b[K)\n'}
[61.528831] (sllidar_ros2) StderrLine: {'line': b'      |                        \x1b[01;35m\x1b[K~~~~~~~^~~~~~~~~~~~~~~~~~~~~~~~~\x1b[m\x1b[K\n'}
[61.531089] (sllidar_ros2) StderrLine: {'line': b'\x1b[01m\x1b[K/home/olympusolutions/senior_ws/src/sllidar_ros2/sdk/src/sl_lidar_driver.cpp:\x1b[m\x1b[K In member function \xe2\x80\x98\x1b[01m\x1b[Kvirtual sl_result sl::SlamtecLidarDriver::\x1b[01;32m\x1b[KgetFrequency\x1b[m\x1b[K(const sl::LidarScanMode&, const sl_lidar_response_measurement_node_hq_t*, size_t, float&)\x1b[m\x1b[K\xe2\x80\x99:\n'}
[61.531198] (sllidar_ros2) StderrLine: {'line': b'\x1b[01m\x1b[K/home/olympusolutions/senior_ws/src/sllidar_ros2/sdk/src/sl_lidar_driver.cpp:880:110:\x1b[m\x1b[K \x1b[01;35m\x1b[Kwarning: \x1b[m\x1b[Kunused parameter \xe2\x80\x98\x1b[01m\x1b[Knodes\x1b[m\x1b[K\xe2\x80\x99 [\x1b[01;35m\x1b[K\x1b]8;;https://gcc.gnu.org/onlinedocs/gcc/Warning-Options.html#index-Wunused-parameter\x07-Wunused-parameter\x1b]8;;\x07\x1b[m\x1b[K]\n'}
[61.531278] (sllidar_ros2) StderrLine: {'line': b'  880 | e& scanMode, \x1b[01;35m\x1b[Kconst sl_lidar_response_measurement_node_hq_t* nodes\x1b[m\x1b[K, size_t count, float& frequency)\n'}
[61.531351] (sllidar_ros2) StderrLine: {'line': b'      |              \x1b[01;35m\x1b[K~~~~~~~~~~~~~~~~~~~~~~~~~~~~~~~~~~~~~~~~~~~~~~~^~~~~\x1b[m\x1b[K\n'}
[61.531424] (sllidar_ros2) StderrLine: {'line': b'\n'}
[61.534117] (sllidar_ros2) StderrLine: {'line': b'\x1b[01m\x1b[K/home/olympusolutions/senior_ws/src/sllidar_ros2/sdk/src/sl_lidar_driver.cpp:\x1b[m\x1b[K In member function \xe2\x80\x98\x1b[01m\x1b[Kvirtual sl_result sl::SlamtecLidarDriver::\x1b[01;32m\x1b[KgetMotorInfo\x1b[m\x1b[K(sl::LidarMotorInfo&, sl_u32)\x1b[m\x1b[K\xe2\x80\x99:\n'}
[61.534222] (sllidar_ros2) StderrLine: {'line': b'\x1b[01m\x1b[K/home/olympusolutions/senior_ws/src/sllidar_ros2/sdk/src/sl_lidar_driver.cpp:1023:66:\x1b[m\x1b[K \x1b[01;35m\x1b[Kwarning: \x1b[m\x1b[Kunused parameter \xe2\x80\x98\x1b[01m\x1b[KtimeoutInMs\x1b[m\x1b[K\xe2\x80\x99 [\x1b[01;35m\x1b[K\x1b]8;;https://gcc.gnu.org/onlinedocs/gcc/Warning-Options.html#index-Wunused-parameter\x07-Wunused-parameter\x1b]8;;\x07\x1b[m\x1b[K]\n'}
[61.534299] (sllidar_ros2) StderrLine: {'line': b' 1023 |    sl_result getMotorInfo(LidarMotorInfo &motorInfo, \x1b[01;35m\x1b[Ksl_u32 timeoutInMs\x1b[m\x1b[K)\n'}
[61.534371] (sllidar_ros2) StderrLine: {'line': b'      |                                                      \x1b[01;35m\x1b[K~~~~~~~^~~~~~~~~~~\x1b[m\x1b[K\n'}
[61.534441] (sllidar_ros2) StderrLine: {'line': b'\n'}
[61.535779] (sllidar_ros2) StderrLine: {'line': b'\x1b[01m\x1b[K/home/olympusolutions/senior_ws/src/sllidar_ros2/sdk/src/sl_lidar_driver.cpp:\x1b[m\x1b[K In member function \xe2\x80\x98\x1b[01m\x1b[Ku_result sl::SlamtecLidarDriver::\x1b[01;32m\x1b[KgetScanModeCount\x1b[m\x1b[K(sl_u16&, sl_u32)\x1b[m\x1b[K\xe2\x80\x99:\n'}
[61.535896] (sllidar_ros2) StderrLine: {'line': b'\x1b[01m\x1b[K/home/olympusolutions/senior_ws/src/sllidar_ros2/sdk/src/sl_lidar_driver.cpp:1199:61:\x1b[m\x1b[K \x1b[01;35m\x1b[Kwarning: \x1b[m\x1b[Kunused parameter \xe2\x80\x98\x1b[01m\x1b[KtimeoutInMs\x1b[m\x1b[K\xe2\x80\x99 [\x1b[01;35m\x1b[K\x1b]8;;https://gcc.gnu.org/onlinedocs/gcc/Warning-Options.html#index-Wunused-parameter\x07-Wunused-parameter\x1b]8;;\x07\x1b[m\x1b[K]\n'}
[61.535976] (sllidar_ros2) StderrLine: {'line': b' 1199 |         u_result getScanModeCount(sl_u16& modeCount, \x1b[01;35m\x1b[Ksl_u32 timeoutInMs = DEFAULT_TIMEOUT\x1b[m\x1b[K)\n'}
[61.536049] (sllidar_ros2) StderrLine: {'line': b'      |                                                      \x1b[01;35m\x1b[K~~~~~~~^~~~~~~~~~~~~~~~~~~~~~~~~~~~~\x1b[m\x1b[K\n'}
[61.581635] (-) TimerEvent: {}
[61.594214] (sllidar_ros2) StderrLine: {'line': b'/home/olympusolutions/senior_ws/src/sllidar_ros2/sdk/src/sl_lidar_driver.cpp: In instantiation of \xe2\x80\x98\x1b[01m\x1b[Kvoid sl::RawSampleNodeHolder<T>::\x1b[01;32m\x1b[KpushNode\x1b[m\x1b[K(_u64, const T*) \x1b[35m\x1b[K[with T = sl_lidar_response_measurement_node_hq_t; _u64 = long unsigned int]\x1b[m\x1b[K\x1b[m\x1b[K\xe2\x80\x99:\n'}
[61.594455] (sllidar_ros2) StderrLine: {'line': b'\x1b[01m\x1b[K/home/olympusolutions/senior_ws/src/sllidar_ros2/sdk/src/sl_lidar_driver.cpp:1648:42:\x1b[m\x1b[K   required from here\n'}
[61.594540] (sllidar_ros2) StderrLine: {'line': b'\x1b[01m\x1b[K/home/olympusolutions/senior_ws/src/sllidar_ros2/sdk/src/sl_lidar_driver.cpp:202:28:\x1b[m\x1b[K \x1b[01;35m\x1b[Kwarning: \x1b[m\x1b[Kunused parameter \xe2\x80\x98\x1b[01m\x1b[Ktimestamp_uS\x1b[m\x1b[K\xe2\x80\x99 [\x1b[01;35m\x1b[K\x1b]8;;https://gcc.gnu.org/onlinedocs/gcc/Warning-Options.html#index-Wunused-parameter\x07-Wunused-parameter\x1b]8;;\x07\x1b[m\x1b[K]\n'}
[61.594642] (sllidar_ros2) StderrLine: {'line': b'  202 |         void pushNode(\x1b[01;35m\x1b[K_u64 timestamp_uS\x1b[m\x1b[K, const T* node)\n'}
[61.594753] (sllidar_ros2) StderrLine: {'line': b'      |                       \x1b[01;35m\x1b[K~~~~~^~~~~~~~~~~~\x1b[m\x1b[K\n'}
[61.681754] (-) TimerEvent: {}
[61.745829] (sllidar_ros2) StderrLine: {'line': b'\x1b[01m\x1b[K/home/olympusolutions/senior_ws/src/sllidar_ros2/sdk/src/sl_lidar_driver.cpp:\x1b[m\x1b[K At global scope:\n'}
[61.746118] (sllidar_ros2) StderrLine: {'line': b'\x1b[01m\x1b[K/home/olympusolutions/senior_ws/src/sllidar_ros2/sdk/src/sl_lidar_driver.cpp:83:17:\x1b[m\x1b[K \x1b[01;35m\x1b[Kwarning: \x1b[m\x1b[K\xe2\x80\x98\x1b[01m\x1b[Kvoid sl::\x1b[01;32m\x1b[Kconvert\x1b[m\x1b[K(const sl_lidar_response_measurement_node_hq_t&, sl_lidar_response_measurement_node_t&)\x1b[m\x1b[K\xe2\x80\x99 defined but not used [\x1b[01;35m\x1b[K\x1b]8;;https://gcc.gnu.org/onlinedocs/gcc/Warning-Options.html#index-Wunused-function\x07-Wunused-function\x1b]8;;\x07\x1b[m\x1b[K]\n'}
[61.746216] (sllidar_ros2) StderrLine: {'line': b'   83 |     static void \x1b[01;35m\x1b[Kconvert\x1b[m\x1b[K(const sl_lidar_response_measurement_node_hq_t& from, sl_lidar_response_measurement_node_t& to)\n'}
[61.746298] (sllidar_ros2) StderrLine: {'line': b'      |                 \x1b[01;35m\x1b[K^~~~~~~\x1b[m\x1b[K\n'}
[61.746371] (sllidar_ros2) StderrLine: {'line': b'\x1b[01m\x1b[K/home/olympusolutions/senior_ws/src/sllidar_ros2/sdk/src/sl_lidar_driver.cpp:75:17:\x1b[m\x1b[K \x1b[01;35m\x1b[Kwarning: \x1b[m\x1b[K\xe2\x80\x98\x1b[01m\x1b[Kvoid sl::\x1b[01;32m\x1b[Kconvert\x1b[m\x1b[K(const sl_lidar_response_measurement_node_t&, sl_lidar_response_measurement_node_hq_t&)\x1b[m\x1b[K\xe2\x80\x99 defined but not used [\x1b[01;35m\x1b[K\x1b]8;;https://gcc.gnu.org/onlinedocs/gcc/Warning-Options.html#index-Wunused-function\x07-Wunused-function\x1b]8;;\x07\x1b[m\x1b[K]\n'}
[61.746499] (sllidar_ros2) StderrLine: {'line': b'   75 |     static void \x1b[01;35m\x1b[Kconvert\x1b[m\x1b[K(const sl_lidar_response_measurement_node_t& from, sl_lidar_response_measurement_node_hq_t& to)\n'}
[61.746590] (sllidar_ros2) StderrLine: {'line': b'      |                 \x1b[01;35m\x1b[K^~~~~~~\x1b[m\x1b[K\n'}
[61.746706] (sllidar_ros2) StderrLine: {'line': b'\x1b[01m\x1b[K/home/olympusolutions/senior_ws/src/sllidar_ros2/sdk/src/sl_lidar_driver.cpp:70:17:\x1b[m\x1b[K \x1b[01;35m\x1b[Kwarning: \x1b[m\x1b[K\xe2\x80\x98\x1b[01m\x1b[Kvoid sl::\x1b[01;32m\x1b[KprintDeprecationWarn\x1b[m\x1b[K(const char*, const char*)\x1b[m\x1b[K\xe2\x80\x99 defined but not used [\x1b[01;35m\x1b[K\x1b]8;;https://gcc.gnu.org/onlinedocs/gcc/Warning-Options.html#index-Wunused-function\x07-Wunused-function\x1b]8;;\x07\x1b[m\x1b[K]\n'}
[61.746845] (sllidar_ros2) StderrLine: {'line': b'   70 |     static void \x1b[01;35m\x1b[KprintDeprecationWarn\x1b[m\x1b[K(const char* fn, const char* replacement)\n'}
[61.746932] (sllidar_ros2) StderrLine: {'line': b'      |                 \x1b[01;35m\x1b[K^~~~~~~~~~~~~~~~~~~~\x1b[m\x1b[K\n'}
[61.781859] (-) TimerEvent: {}
[61.882199] (-) TimerEvent: {}
[61.982543] (-) TimerEvent: {}
[62.082890] (-) TimerEvent: {}
[62.183244] (-) TimerEvent: {}
[62.283621] (-) TimerEvent: {}
[62.307584] (sllidar_ros2) StdoutLine: {'line': b'[ 65%] \x1b[32mBuilding CXX object CMakeFiles/sllidar_node.dir/sdk/src/sl_lidarprotocol_codec.cpp.o\x1b[0m\n'}
[62.383742] (-) TimerEvent: {}
[62.484107] (-) TimerEvent: {}
[62.584453] (-) TimerEvent: {}
[62.684853] (-) TimerEvent: {}
[62.785216] (-) TimerEvent: {}
[62.885585] (-) TimerEvent: {}
[62.920365] (sllidar_ros2) StderrLine: {'line': b'In file included from \x1b[01m\x1b[K/home/olympusolutions/senior_ws/src/sllidar_ros2/./sdk/include/rplidar_protocol.h:36\x1b[m\x1b[K,\n'}
[62.920616] (sllidar_ros2) StderrLine: {'line': b'                 from \x1b[01m\x1b[K/home/olympusolutions/senior_ws/src/sllidar_ros2/./sdk/include/rplidar.h:39\x1b[m\x1b[K,\n'}
[62.920724] (sllidar_ros2) StderrLine: {'line': b'                 from \x1b[01m\x1b[K/home/olympusolutions/senior_ws/src/sllidar_ros2/sdk/src/sdkcommon.h:49\x1b[m\x1b[K,\n'}
[62.920807] (sllidar_ros2) StderrLine: {'line': b'                 from \x1b[01m\x1b[K/home/olympusolutions/senior_ws/src/sllidar_ros2/sdk/src/sl_lidarprotocol_codec.cpp:35\x1b[m\x1b[K:\n'}
[62.920946] (sllidar_ros2) StderrLine: {'line': b'\x1b[01m\x1b[K/home/olympusolutions/senior_ws/src/sllidar_ros2/./sdk/include/sl_lidar_protocol.h:66:16:\x1b[m\x1b[K \x1b[01;35m\x1b[Kwarning: \x1b[m\x1b[KISO C++ forbids zero-size array \xe2\x80\x98\x1b[01m\x1b[Kdata\x1b[m\x1b[K\xe2\x80\x99 [\x1b[01;35m\x1b[K\x1b]8;;https://gcc.gnu.org/onlinedocs/gcc/Warning-Options.html#index-Wpedantic\x07-Wpedantic\x1b]8;;\x07\x1b[m\x1b[K]\n'}
[62.921032] (sllidar_ros2) StderrLine: {'line': b'   66 |     sl_u8 data[\x1b[01;35m\x1b[K0\x1b[m\x1b[K];\n'}
[62.921105] (sllidar_ros2) StderrLine: {'line': b'      |                \x1b[01;35m\x1b[K^\x1b[m\x1b[K\n'}
[62.921177] (sllidar_ros2) StderrLine: {'line': b'In file included from \x1b[01m\x1b[K/home/olympusolutions/senior_ws/src/sllidar_ros2/./sdk/include/rplidar_cmd.h:36\x1b[m\x1b[K,\n'}
[62.921251] (sllidar_ros2) StderrLine: {'line': b'                 from \x1b[01m\x1b[K/home/olympusolutions/senior_ws/src/sllidar_ros2/./sdk/include/rplidar.h:40\x1b[m\x1b[K:\n'}
[62.921323] (sllidar_ros2) StderrLine: {'line': b'\x1b[01m\x1b[K/home/olympusolutions/senior_ws/src/sllidar_ros2/./sdk/include/sl_lidar_cmd.h:324:20:\x1b[m\x1b[K \x1b[01;35m\x1b[Kwarning: \x1b[m\x1b[KISO C++ forbids zero-size array \xe2\x80\x98\x1b[01m\x1b[Kpayload\x1b[m\x1b[K\xe2\x80\x99 [\x1b[01;35m\x1b[K\x1b]8;;https://gcc.gnu.org/onlinedocs/gcc/Warning-Options.html#index-Wpedantic\x07-Wpedantic\x1b]8;;\x07\x1b[m\x1b[K]\n'}
[62.921401] (sllidar_ros2) StderrLine: {'line': b'  324 |     sl_u8  payload[\x1b[01;35m\x1b[K0\x1b[m\x1b[K];\n'}
[62.921472] (sllidar_ros2) StderrLine: {'line': b'      |                    \x1b[01;35m\x1b[K^\x1b[m\x1b[K\n'}
[62.985681] (-) TimerEvent: {}
[63.058892] (sllidar_ros2) StderrLine: {'line': b'In file included from \x1b[01m\x1b[K/home/olympusolutions/senior_ws/src/sllidar_ros2/sdk/src/sl_lidarprotocol_codec.cpp:49\x1b[m\x1b[K:\n'}
[63.059157] (sllidar_ros2) StderrLine: {'line': b'\x1b[01m\x1b[K/home/olympusolutions/senior_ws/src/sllidar_ros2/sdk/src/sl_async_transceiver.h:\x1b[m\x1b[K In member function \xe2\x80\x98\x1b[01m\x1b[Kvirtual void sl::internal::IAsyncProtocolCodec::\x1b[01;32m\x1b[KonChannelError\x1b[m\x1b[K(u_result)\x1b[m\x1b[K\xe2\x80\x99:\n'}
[63.059242] (sllidar_ros2) StderrLine: {'line': b'\x1b[01m\x1b[K/home/olympusolutions/senior_ws/src/sllidar_ros2/sdk/src/sl_async_transceiver.h:90:48:\x1b[m\x1b[K \x1b[01;35m\x1b[Kwarning: \x1b[m\x1b[Kunused parameter \xe2\x80\x98\x1b[01m\x1b[KerrCode\x1b[m\x1b[K\xe2\x80\x99 [\x1b[01;35m\x1b[K\x1b]8;;https://gcc.gnu.org/onlinedocs/gcc/Warning-Options.html#index-Wunused-parameter\x07-Wunused-parameter\x1b]8;;\x07\x1b[m\x1b[K]\n'}
[63.059343] (sllidar_ros2) StderrLine: {'line': b'   90 |         virtual void   onChannelError(\x1b[01;35m\x1b[Ku_result errCode\x1b[m\x1b[K) {}\n'}
[63.059417] (sllidar_ros2) StderrLine: {'line': b'      |                                       \x1b[01;35m\x1b[K~~~~~~~~~^~~~~~~\x1b[m\x1b[K\n'}
[63.085770] (-) TimerEvent: {}
[63.186054] (-) TimerEvent: {}
[63.222259] (sllidar_ros2) StdoutLine: {'line': b'[ 70%] \x1b[32mBuilding CXX object CMakeFiles/sllidar_node.dir/sdk/src/sl_serial_channel.cpp.o\x1b[0m\n'}
[63.286192] (-) TimerEvent: {}
[63.386559] (-) TimerEvent: {}
[63.486936] (-) TimerEvent: {}
[63.568422] (sllidar_ros2) StderrLine: {'line': b'In file included from \x1b[01m\x1b[K/home/olympusolutions/senior_ws/src/sllidar_ros2/./sdk/include/sl_lidar_cmd.h:41\x1b[m\x1b[K,\n'}
[63.568692] (sllidar_ros2) StderrLine: {'line': b'                 from \x1b[01m\x1b[K/home/olympusolutions/senior_ws/src/sllidar_ros2/./sdk/include/sl_lidar_driver.h:54\x1b[m\x1b[K,\n'}
[63.568791] (sllidar_ros2) StderrLine: {'line': b'                 from \x1b[01m\x1b[K/home/olympusolutions/senior_ws/src/sllidar_ros2/sdk/src/sl_serial_channel.cpp:33\x1b[m\x1b[K:\n'}
[63.568870] (sllidar_ros2) StderrLine: {'line': b'\x1b[01m\x1b[K/home/olympusolutions/senior_ws/src/sllidar_ros2/./sdk/include/sl_lidar_protocol.h:66:16:\x1b[m\x1b[K \x1b[01;35m\x1b[Kwarning: \x1b[m\x1b[KISO C++ forbids zero-size array \xe2\x80\x98\x1b[01m\x1b[Kdata\x1b[m\x1b[K\xe2\x80\x99 [\x1b[01;35m\x1b[K\x1b]8;;https://gcc.gnu.org/onlinedocs/gcc/Warning-Options.html#index-Wpedantic\x07-Wpedantic\x1b]8;;\x07\x1b[m\x1b[K]\n'}
[63.569012] (sllidar_ros2) StderrLine: {'line': b'   66 |     sl_u8 data[\x1b[01;35m\x1b[K0\x1b[m\x1b[K];\n'}
[63.569092] (sllidar_ros2) StderrLine: {'line': b'      |                \x1b[01;35m\x1b[K^\x1b[m\x1b[K\n'}
[63.569165] (sllidar_ros2) StderrLine: {'line': b'\x1b[01m\x1b[K/home/olympusolutions/senior_ws/src/sllidar_ros2/./sdk/include/sl_lidar_cmd.h:324:20:\x1b[m\x1b[K \x1b[01;35m\x1b[Kwarning: \x1b[m\x1b[KISO C++ forbids zero-size array \xe2\x80\x98\x1b[01m\x1b[Kpayload\x1b[m\x1b[K\xe2\x80\x99 [\x1b[01;35m\x1b[K\x1b]8;;https://gcc.gnu.org/onlinedocs/gcc/Warning-Options.html#index-Wpedantic\x07-Wpedantic\x1b]8;;\x07\x1b[m\x1b[K]\n'}
[63.569241] (sllidar_ros2) StderrLine: {'line': b'  324 |     sl_u8  payload[\x1b[01;35m\x1b[K0\x1b[m\x1b[K];\n'}
[63.569314] (sllidar_ros2) StderrLine: {'line': b'      |                    \x1b[01;35m\x1b[K^\x1b[m\x1b[K\n'}
[63.587008] (-) TimerEvent: {}
[63.668535] (sllidar_ros2) StdoutLine: {'line': b'[ 75%] \x1b[32mBuilding CXX object CMakeFiles/sllidar_node.dir/sdk/src/sl_tcp_channel.cpp.o\x1b[0m\n'}
[63.687128] (-) TimerEvent: {}
[63.787532] (-) TimerEvent: {}
[63.887935] (-) TimerEvent: {}
[63.988309] (-) TimerEvent: {}
[64.012788] (sllidar_ros2) StderrLine: {'line': b'In file included from \x1b[01m\x1b[K/home/olympusolutions/senior_ws/src/sllidar_ros2/./sdk/include/sl_lidar_cmd.h:41\x1b[m\x1b[K,\n'}
[64.013050] (sllidar_ros2) StderrLine: {'line': b'                 from \x1b[01m\x1b[K/home/olympusolutions/senior_ws/src/sllidar_ros2/./sdk/include/sl_lidar_driver.h:54\x1b[m\x1b[K,\n'}
[64.013139] (sllidar_ros2) StderrLine: {'line': b'                 from \x1b[01m\x1b[K/home/olympusolutions/senior_ws/src/sllidar_ros2/sdk/src/sl_tcp_channel.cpp:33\x1b[m\x1b[K:\n'}
[64.013250] (sllidar_ros2) StderrLine: {'line': b'\x1b[01m\x1b[K/home/olympusolutions/senior_ws/src/sllidar_ros2/./sdk/include/sl_lidar_protocol.h:66:16:\x1b[m\x1b[K \x1b[01;35m\x1b[Kwarning: \x1b[m\x1b[KISO C++ forbids zero-size array \xe2\x80\x98\x1b[01m\x1b[Kdata\x1b[m\x1b[K\xe2\x80\x99 [\x1b[01;35m\x1b[K\x1b]8;;https://gcc.gnu.org/onlinedocs/gcc/Warning-Options.html#index-Wpedantic\x07-Wpedantic\x1b]8;;\x07\x1b[m\x1b[K]\n'}
[64.013348] (sllidar_ros2) StderrLine: {'line': b'   66 |     sl_u8 data[\x1b[01;35m\x1b[K0\x1b[m\x1b[K];\n'}
[64.013430] (sllidar_ros2) StderrLine: {'line': b'      |                \x1b[01;35m\x1b[K^\x1b[m\x1b[K\n'}
[64.013549] (sllidar_ros2) StderrLine: {'line': b'\x1b[01m\x1b[K/home/olympusolutions/senior_ws/src/sllidar_ros2/./sdk/include/sl_lidar_cmd.h:324:20:\x1b[m\x1b[K \x1b[01;35m\x1b[Kwarning: \x1b[m\x1b[KISO C++ forbids zero-size array \xe2\x80\x98\x1b[01m\x1b[Kpayload\x1b[m\x1b[K\xe2\x80\x99 [\x1b[01;35m\x1b[K\x1b]8;;https://gcc.gnu.org/onlinedocs/gcc/Warning-Options.html#index-Wpedantic\x07-Wpedantic\x1b]8;;\x07\x1b[m\x1b[K]\n'}
[64.013638] (sllidar_ros2) StderrLine: {'line': b'  324 |     sl_u8  payload[\x1b[01;35m\x1b[K0\x1b[m\x1b[K];\n'}
[64.013734] (sllidar_ros2) StderrLine: {'line': b'      |                    \x1b[01;35m\x1b[K^\x1b[m\x1b[K\n'}
[64.018579] (sllidar_ros2) StderrLine: {'line': b'\x1b[01m\x1b[K/home/olympusolutions/senior_ws/src/sllidar_ros2/sdk/src/sl_tcp_channel.cpp:\x1b[m\x1b[K In member function \xe2\x80\x98\x1b[01m\x1b[Kvoid sl::TcpChannel::\x1b[01;32m\x1b[KsetStatus\x1b[m\x1b[K(_u32)\x1b[m\x1b[K\xe2\x80\x99:\n'}
[64.018724] (sllidar_ros2) StderrLine: {'line': b'\x1b[01m\x1b[K/home/olympusolutions/senior_ws/src/sllidar_ros2/sdk/src/sl_tcp_channel.cpp:109:29:\x1b[m\x1b[K \x1b[01;35m\x1b[Kwarning: \x1b[m\x1b[Kunused parameter \xe2\x80\x98\x1b[01m\x1b[Kflag\x1b[m\x1b[K\xe2\x80\x99 [\x1b[01;35m\x1b[K\x1b]8;;https://gcc.gnu.org/onlinedocs/gcc/Warning-Options.html#index-Wunused-parameter\x07-Wunused-parameter\x1b]8;;\x07\x1b[m\x1b[K]\n'}
[64.018808] (sllidar_ros2) StderrLine: {'line': b'  109 |         void setStatus(\x1b[01;35m\x1b[K_u32 flag\x1b[m\x1b[K){}\n'}
[64.018884] (sllidar_ros2) StderrLine: {'line': b'      |                        \x1b[01;35m\x1b[K~~~~~^~~~\x1b[m\x1b[K\n'}
[64.088421] (-) TimerEvent: {}
[64.106051] (sllidar_ros2) StdoutLine: {'line': b'[ 80%] \x1b[32mBuilding CXX object CMakeFiles/sllidar_node.dir/sdk/src/sl_udp_channel.cpp.o\x1b[0m\n'}
[64.188535] (-) TimerEvent: {}
[64.288910] (-) TimerEvent: {}
[64.389284] (-) TimerEvent: {}
[64.453111] (sllidar_ros2) StderrLine: {'line': b'In file included from \x1b[01m\x1b[K/home/olympusolutions/senior_ws/src/sllidar_ros2/./sdk/include/sl_lidar_cmd.h:41\x1b[m\x1b[K,\n'}
[64.453359] (sllidar_ros2) StderrLine: {'line': b'                 from \x1b[01m\x1b[K/home/olympusolutions/senior_ws/src/sllidar_ros2/./sdk/include/sl_lidar_driver.h:54\x1b[m\x1b[K,\n'}
[64.453469] (sllidar_ros2) StderrLine: {'line': b'                 from \x1b[01m\x1b[K/home/olympusolutions/senior_ws/src/sllidar_ros2/sdk/src/sl_udp_channel.cpp:33\x1b[m\x1b[K:\n'}
[64.453555] (sllidar_ros2) StderrLine: {'line': b'\x1b[01m\x1b[K/home/olympusolutions/senior_ws/src/sllidar_ros2/./sdk/include/sl_lidar_protocol.h:66:16:\x1b[m\x1b[K \x1b[01;35m\x1b[Kwarning: \x1b[m\x1b[KISO C++ forbids zero-size array \xe2\x80\x98\x1b[01m\x1b[Kdata\x1b[m\x1b[K\xe2\x80\x99 [\x1b[01;35m\x1b[K\x1b]8;;https://gcc.gnu.org/onlinedocs/gcc/Warning-Options.html#index-Wpedantic\x07-Wpedantic\x1b]8;;\x07\x1b[m\x1b[K]\n'}
[64.453668] (sllidar_ros2) StderrLine: {'line': b'   66 |     sl_u8 data[\x1b[01;35m\x1b[K0\x1b[m\x1b[K];\n'}
[64.453800] (sllidar_ros2) StderrLine: {'line': b'      |                \x1b[01;35m\x1b[K^\x1b[m\x1b[K\n'}
[64.453876] (sllidar_ros2) StderrLine: {'line': b'\x1b[01m\x1b[K/home/olympusolutions/senior_ws/src/sllidar_ros2/./sdk/include/sl_lidar_cmd.h:324:20:\x1b[m\x1b[K \x1b[01;35m\x1b[Kwarning: \x1b[m\x1b[KISO C++ forbids zero-size array \xe2\x80\x98\x1b[01m\x1b[Kpayload\x1b[m\x1b[K\xe2\x80\x99 [\x1b[01;35m\x1b[K\x1b]8;;https://gcc.gnu.org/onlinedocs/gcc/Warning-Options.html#index-Wpedantic\x07-Wpedantic\x1b]8;;\x07\x1b[m\x1b[K]\n'}
[64.453984] (sllidar_ros2) StderrLine: {'line': b'  324 |     sl_u8  payload[\x1b[01;35m\x1b[K0\x1b[m\x1b[K];\n'}
[64.454059] (sllidar_ros2) StderrLine: {'line': b'      |                    \x1b[01;35m\x1b[K^\x1b[m\x1b[K\n'}
[64.459266] (sllidar_ros2) StderrLine: {'line': b'\x1b[01m\x1b[K/home/olympusolutions/senior_ws/src/sllidar_ros2/sdk/src/sl_udp_channel.cpp:\x1b[m\x1b[K In member function \xe2\x80\x98\x1b[01m\x1b[Kvoid sl::UdpChannel::\x1b[01;32m\x1b[KsetStatus\x1b[m\x1b[K(_u32)\x1b[m\x1b[K\xe2\x80\x99:\n'}
[64.459427] (sllidar_ros2) StderrLine: {'line': b'\x1b[01m\x1b[K/home/olympusolutions/senior_ws/src/sllidar_ros2/sdk/src/sl_udp_channel.cpp:112:29:\x1b[m\x1b[K \x1b[01;35m\x1b[Kwarning: \x1b[m\x1b[Kunused parameter \xe2\x80\x98\x1b[01m\x1b[Kflag\x1b[m\x1b[K\xe2\x80\x99 [\x1b[01;35m\x1b[K\x1b]8;;https://gcc.gnu.org/onlinedocs/gcc/Warning-Options.html#index-Wunused-parameter\x07-Wunused-parameter\x1b]8;;\x07\x1b[m\x1b[K]\n'}
[64.459514] (sllidar_ros2) StderrLine: {'line': b'  112 |         void setStatus(\x1b[01;35m\x1b[K_u32 flag\x1b[m\x1b[K){}\n'}
[64.459589] (sllidar_ros2) StderrLine: {'line': b'      |                        \x1b[01;35m\x1b[K~~~~~^~~~\x1b[m\x1b[K\n'}
[64.489384] (-) TimerEvent: {}
[64.550230] (sllidar_ros2) StdoutLine: {'line': b'[ 85%] \x1b[32mBuilding CXX object CMakeFiles/sllidar_node.dir/sdk/src/arch/linux/net_serial.cpp.o\x1b[0m\n'}
[64.589498] (-) TimerEvent: {}
[64.689865] (-) TimerEvent: {}
[64.790226] (-) TimerEvent: {}
[64.890629] (-) TimerEvent: {}
[64.991026] (-) TimerEvent: {}
[65.091394] (-) TimerEvent: {}
[65.123343] (sllidar_ros2) StderrLine: {'line': b'\x1b[01m\x1b[K/home/olympusolutions/senior_ws/src/sllidar_ros2/sdk/src/arch/linux/net_serial.cpp:\x1b[m\x1b[K In member function \xe2\x80\x98\x1b[01m\x1b[Kbool rp::arch::net::raw_serial::\x1b[01;32m\x1b[Kopen\x1b[m\x1b[K(const char*, uint32_t, uint32_t)\x1b[m\x1b[K\xe2\x80\x99:\n'}
[65.123614] (sllidar_ros2) StderrLine: {'line': b'\x1b[01m\x1b[K/home/olympusolutions/senior_ws/src/sllidar_ros2/sdk/src/arch/linux/net_serial.cpp:97:74:\x1b[m\x1b[K \x1b[01;35m\x1b[Kwarning: \x1b[m\x1b[Kunused parameter \xe2\x80\x98\x1b[01m\x1b[Kflags\x1b[m\x1b[K\xe2\x80\x99 [\x1b[01;35m\x1b[K\x1b]8;;https://gcc.gnu.org/onlinedocs/gcc/Warning-Options.html#index-Wunused-parameter\x07-Wunused-parameter\x1b]8;;\x07\x1b[m\x1b[K]\n'}
[65.123737] (sllidar_ros2) StderrLine: {'line': b'   97 | _serial::open(const char * portname, uint32_t baudrate, \x1b[01;35m\x1b[Kuint32_t flags\x1b[m\x1b[K)\n'}
[65.123821] (sllidar_ros2) StderrLine: {'line': b'      |                                                         \x1b[01;35m\x1b[K~~~~~~~~~^~~~~\x1b[m\x1b[K\n'}
[65.123913] (sllidar_ros2) StderrLine: {'line': b'\n'}
[65.124094] (sllidar_ros2) StderrLine: {'line': b'\x1b[01m\x1b[K/home/olympusolutions/senior_ws/src/sllidar_ros2/sdk/src/arch/linux/net_serial.cpp:\x1b[m\x1b[K In member function \xe2\x80\x98\x1b[01m\x1b[Kvirtual void rp::arch::net::raw_serial::\x1b[01;32m\x1b[Kflush\x1b[m\x1b[K(_u32)\x1b[m\x1b[K\xe2\x80\x99:\n'}
[65.124193] (sllidar_ros2) StderrLine: {'line': b'\x1b[01m\x1b[K/home/olympusolutions/senior_ws/src/sllidar_ros2/sdk/src/arch/linux/net_serial.cpp:281:30:\x1b[m\x1b[K \x1b[01;35m\x1b[Kwarning: \x1b[m\x1b[Kunused parameter \xe2\x80\x98\x1b[01m\x1b[Kflags\x1b[m\x1b[K\xe2\x80\x99 [\x1b[01;35m\x1b[K\x1b]8;;https://gcc.gnu.org/onlinedocs/gcc/Warning-Options.html#index-Wunused-parameter\x07-Wunused-parameter\x1b]8;;\x07\x1b[m\x1b[K]\n'}
[65.124282] (sllidar_ros2) StderrLine: {'line': b'  281 | void raw_serial::flush( \x1b[01;35m\x1b[K_u32 flags\x1b[m\x1b[K)\n'}
[65.124361] (sllidar_ros2) StderrLine: {'line': b'      |                         \x1b[01;35m\x1b[K~~~~~^~~~~\x1b[m\x1b[K\n'}
[65.124440] (sllidar_ros2) StderrLine: {'line': b'\x1b[01m\x1b[K/home/olympusolutions/senior_ws/src/sllidar_ros2/sdk/src/arch/linux/net_serial.cpp:\x1b[m\x1b[K In member function \xe2\x80\x98\x1b[01m\x1b[Kvirtual int rp::arch::net::raw_serial::\x1b[01;32m\x1b[Kwaitforsent\x1b[m\x1b[K(_u32, size_t*)\x1b[m\x1b[K\xe2\x80\x99:\n'}
[65.124549] (sllidar_ros2) StderrLine: {'line': b'\x1b[01m\x1b[K/home/olympusolutions/senior_ws/src/sllidar_ros2/sdk/src/arch/linux/net_serial.cpp:286:34:\x1b[m\x1b[K \x1b[01;35m\x1b[Kwarning: \x1b[m\x1b[Kunused parameter \xe2\x80\x98\x1b[01m\x1b[Ktimeout\x1b[m\x1b[K\xe2\x80\x99 [\x1b[01;35m\x1b[K\x1b]8;;https://gcc.gnu.org/onlinedocs/gcc/Warning-Options.html#index-Wunused-parameter\x07-Wunused-parameter\x1b]8;;\x07\x1b[m\x1b[K]\n'}
[65.124628] (sllidar_ros2) StderrLine: {'line': b'  286 | int raw_serial::waitforsent(\x1b[01;35m\x1b[K_u32 timeout\x1b[m\x1b[K, size_t * returned_size)\n'}
[65.124722] (sllidar_ros2) StderrLine: {'line': b'      |                             \x1b[01;35m\x1b[K~~~~~^~~~~~~\x1b[m\x1b[K\n'}
[65.124797] (sllidar_ros2) StderrLine: {'line': b'\x1b[01m\x1b[K/home/olympusolutions/senior_ws/src/sllidar_ros2/sdk/src/arch/linux/net_serial.cpp:\x1b[m\x1b[K In member function \xe2\x80\x98\x1b[01m\x1b[Kvirtual int rp::arch::net::raw_serial::\x1b[01;32m\x1b[Kwaitforrecv\x1b[m\x1b[K(_u32, size_t*)\x1b[m\x1b[K\xe2\x80\x99:\n'}
[65.124881] (sllidar_ros2) StderrLine: {'line': b'\x1b[01m\x1b[K/home/olympusolutions/senior_ws/src/sllidar_ros2/sdk/src/arch/linux/net_serial.cpp:292:34:\x1b[m\x1b[K \x1b[01;35m\x1b[Kwarning: \x1b[m\x1b[Kunused parameter \xe2\x80\x98\x1b[01m\x1b[Ktimeout\x1b[m\x1b[K\xe2\x80\x99 [\x1b[01;35m\x1b[K\x1b]8;;https://gcc.gnu.org/onlinedocs/gcc/Warning-Options.html#index-Wunused-parameter\x07-Wunused-parameter\x1b]8;;\x07\x1b[m\x1b[K]\n'}
[65.124958] (sllidar_ros2) StderrLine: {'line': b'  292 | int raw_serial::waitforrecv(\x1b[01;35m\x1b[K_u32 timeout\x1b[m\x1b[K, size_t * returned_size)\n'}
[65.125029] (sllidar_ros2) StderrLine: {'line': b'      |                             \x1b[01;35m\x1b[K~~~~~^~~~~~~\x1b[m\x1b[K\n'}
[65.126039] (sllidar_ros2) StderrLine: {'line': b'\x1b[01m\x1b[K/home/olympusolutions/senior_ws/src/sllidar_ros2/sdk/src/arch/linux/net_serial.cpp:\x1b[m\x1b[K In member function \xe2\x80\x98\x1b[01m\x1b[Kvirtual void rp::arch::net::raw_serial::\x1b[01;32m\x1b[KcancelOperation\x1b[m\x1b[K()\x1b[m\x1b[K\xe2\x80\x99:\n'}
[65.126192] (sllidar_ros2) StderrLine: {'line': b'\x1b[01m\x1b[K/home/olympusolutions/senior_ws/src/sllidar_ros2/sdk/src/arch/linux/net_serial.cpp:427:5:\x1b[m\x1b[K \x1b[01;35m\x1b[Kwarning: \x1b[m\x1b[Kvalue computed is not used [\x1b[01;35m\x1b[K\x1b]8;;https://gcc.gnu.org/onlinedocs/gcc/Warning-Options.html#index-Wunused-value\x07-Wunused-value\x1b]8;;\x07\x1b[m\x1b[K]\n'}
[65.126279] (sllidar_ros2) StderrLine: {'line': b'  427 |     \x1b[01;35m\x1b[K(int)::write(_selfpipe[1], "x", 1)\x1b[m\x1b[K;\n'}
[65.126355] (sllidar_ros2) StderrLine: {'line': b'      |     \x1b[01;35m\x1b[K^~~~~~~~~~~~~~~~~~~~~~~~~~~~~~~~~~\x1b[m\x1b[K\n'}
[65.191480] (-) TimerEvent: {}
[65.273733] (sllidar_ros2) StdoutLine: {'line': b'[ 90%] \x1b[32m\x1b[1mLinking CXX executable sllidar_node\x1b[0m\n'}
[65.291595] (-) TimerEvent: {}
[65.391983] (-) TimerEvent: {}
[65.492675] (-) TimerEvent: {}
[65.593295] (-) TimerEvent: {}
[65.693770] (-) TimerEvent: {}
[65.794117] (-) TimerEvent: {}
[65.874944] (sllidar_ros2) StdoutLine: {'line': b'[ 90%] Built target sllidar_node\n'}
[65.894239] (-) TimerEvent: {}
[65.923323] (sllidar_ros2) StdoutLine: {'line': b'[ 95%] \x1b[32mBuilding CXX object CMakeFiles/sllidar_client.dir/src/sllidar_client.cpp.o\x1b[0m\n'}
[65.994356] (-) TimerEvent: {}
[66.094727] (-) TimerEvent: {}
[66.195077] (-) TimerEvent: {}
[66.295429] (-) TimerEvent: {}
[66.395798] (-) TimerEvent: {}
[66.496164] (-) TimerEvent: {}
[66.596581] (-) TimerEvent: {}
[66.696955] (-) TimerEvent: {}
[66.797309] (-) TimerEvent: {}
[66.897686] (-) TimerEvent: {}
[66.998046] (-) TimerEvent: {}
[67.098415] (-) TimerEvent: {}
[67.198800] (-) TimerEvent: {}
[67.299154] (-) TimerEvent: {}
[67.399530] (-) TimerEvent: {}
[67.499909] (-) TimerEvent: {}
[67.600280] (-) TimerEvent: {}
[67.700663] (-) TimerEvent: {}
[67.801024] (-) TimerEvent: {}
[67.901375] (-) TimerEvent: {}
[68.001728] (-) TimerEvent: {}
[68.102077] (-) TimerEvent: {}
[68.202457] (-) TimerEvent: {}
[68.302835] (-) TimerEvent: {}
[68.403262] (-) TimerEvent: {}
[68.503623] (-) TimerEvent: {}
[68.603991] (-) TimerEvent: {}
[68.704330] (-) TimerEvent: {}
[68.804720] (-) TimerEvent: {}
[68.905109] (-) TimerEvent: {}
[69.005464] (-) TimerEvent: {}
[69.106822] (-) TimerEvent: {}
[69.207494] (-) TimerEvent: {}
[69.308093] (-) TimerEvent: {}
[69.408453] (-) TimerEvent: {}
[69.508842] (-) TimerEvent: {}
[69.609187] (-) TimerEvent: {}
[69.709550] (-) TimerEvent: {}
[69.809916] (-) TimerEvent: {}
[69.910271] (-) TimerEvent: {}
[70.010620] (-) TimerEvent: {}
[70.110989] (-) TimerEvent: {}
[70.211336] (-) TimerEvent: {}
[70.311698] (-) TimerEvent: {}
[70.412046] (-) TimerEvent: {}
[70.512401] (-) TimerEvent: {}
[70.612747] (-) TimerEvent: {}
[70.713100] (-) TimerEvent: {}
[70.813453] (-) TimerEvent: {}
[70.913825] (-) TimerEvent: {}
[71.014191] (-) TimerEvent: {}
[71.114555] (-) TimerEvent: {}
[71.214930] (-) TimerEvent: {}
[71.315285] (-) TimerEvent: {}
[71.415633] (-) TimerEvent: {}
[71.515985] (-) TimerEvent: {}
[71.616332] (-) TimerEvent: {}
[71.716715] (-) TimerEvent: {}
[71.817059] (-) TimerEvent: {}
[71.917423] (-) TimerEvent: {}
[72.017803] (-) TimerEvent: {}
[72.118147] (-) TimerEvent: {}
[72.218491] (-) TimerEvent: {}
[72.318837] (-) TimerEvent: {}
[72.419198] (-) TimerEvent: {}
[72.519560] (-) TimerEvent: {}
[72.619968] (-) TimerEvent: {}
[72.720375] (-) TimerEvent: {}
[72.820774] (-) TimerEvent: {}
[72.921124] (-) TimerEvent: {}
[73.021480] (-) TimerEvent: {}
[73.121851] (-) TimerEvent: {}
[73.222270] (-) TimerEvent: {}
[73.322733] (-) TimerEvent: {}
[73.423093] (-) TimerEvent: {}
[73.523429] (-) TimerEvent: {}
[73.623774] (-) TimerEvent: {}
[73.724107] (-) TimerEvent: {}
[73.824441] (-) TimerEvent: {}
[73.924776] (-) TimerEvent: {}
[74.025116] (-) TimerEvent: {}
[74.125461] (-) TimerEvent: {}
[74.225813] (-) TimerEvent: {}
[74.326139] (-) TimerEvent: {}
[74.426477] (-) TimerEvent: {}
[74.526833] (-) TimerEvent: {}
[74.627176] (-) TimerEvent: {}
[74.727515] (-) TimerEvent: {}
[74.827872] (-) TimerEvent: {}
[74.928209] (-) TimerEvent: {}
[75.028540] (-) TimerEvent: {}
[75.128892] (-) TimerEvent: {}
[75.229226] (-) TimerEvent: {}
[75.329563] (-) TimerEvent: {}
[75.429915] (-) TimerEvent: {}
[75.530249] (-) TimerEvent: {}
[75.630591] (-) TimerEvent: {}
[75.730940] (-) TimerEvent: {}
[75.831285] (-) TimerEvent: {}
[75.931631] (-) TimerEvent: {}
[76.031978] (-) TimerEvent: {}
[76.132314] (-) TimerEvent: {}
[76.232674] (-) TimerEvent: {}
[76.333004] (-) TimerEvent: {}
[76.433362] (-) TimerEvent: {}
[76.533721] (-) TimerEvent: {}
[76.634121] (-) TimerEvent: {}
[76.734521] (-) TimerEvent: {}
[77.088519] (-) TimerEvent: {}
[77.188921] (-) TimerEvent: {}
[77.289337] (-) TimerEvent: {}
[77.389766] (-) TimerEvent: {}
[77.490165] (-) TimerEvent: {}
[77.590569] (-) TimerEvent: {}
[77.690975] (-) TimerEvent: {}
[77.791374] (-) TimerEvent: {}
[77.891755] (-) TimerEvent: {}
[77.992178] (-) TimerEvent: {}
[78.021467] (sllidar_ros2) StdoutLine: {'line': b'[100%] \x1b[32m\x1b[1mLinking CXX executable sllidar_client\x1b[0m\n'}
[78.092367] (-) TimerEvent: {}
[78.192921] (-) TimerEvent: {}
[78.293395] (-) TimerEvent: {}
[78.393963] (-) TimerEvent: {}
[78.496380] (-) TimerEvent: {}
[78.596888] (-) TimerEvent: {}
[78.699888] (-) TimerEvent: {}
[78.779852] (sllidar_ros2) StdoutLine: {'line': b'[100%] Built target sllidar_client\n'}
[78.800017] (-) TimerEvent: {}
[78.806037] (sllidar_ros2) CommandEnded: {'returncode': 0}
[78.807343] (sllidar_ros2) JobProgress: {'identifier': 'sllidar_ros2', 'progress': 'install'}
[78.807728] (sllidar_ros2) Command: {'cmd': ['/usr/bin/cmake', '--install', '/home/olympusolutions/senior_ws/build/sllidar_ros2'], 'cwd': '/home/olympusolutions/senior_ws/build/sllidar_ros2', 'env': OrderedDict({'LESSOPEN': '| /usr/bin/lesspipe %s', 'USER': 'olympusolutions', 'GZ_CONFIG_PATH': '/opt/ros/jazzy/opt/gz_sim_vendor/share/gz:/opt/ros/jazzy/opt/sdformat_vendor/share/gz:/opt/ros/jazzy/opt/gz_gui_vendor/share/gz:/opt/ros/jazzy/opt/gz_transport_vendor/share/gz:/opt/ros/jazzy/opt/gz_rendering_vendor/share/gz:/opt/ros/jazzy/opt/gz_plugin_vendor/share/gz:/opt/ros/jazzy/opt/gz_fuel_tools_vendor/share/gz:/opt/ros/jazzy/opt/gz_msgs_vendor/share/gz:/opt/ros/jazzy/opt/gz_common_vendor/share/gz', 'XDG_SESSION_TYPE': 'wayland', 'SHLVL': '1', 'LD_LIBRARY_PATH': '/opt/ros/jazzy/opt/gz_sim_vendor/lib:/opt/ros/jazzy/opt/gz_sensors_vendor/lib:/opt/ros/jazzy/opt/gz_physics_vendor/lib:/opt/ros/jazzy/opt/sdformat_vendor/lib:/opt/ros/jazzy/opt/rviz_ogre_vendor/lib:/opt/ros/jazzy/lib/aarch64-linux-gnu:/opt/ros/jazzy/opt/gz_gui_vendor/lib:/opt/ros/jazzy/opt/gz_transport_vendor/lib:/opt/ros/jazzy/opt/gz_rendering_vendor/lib:/opt/ros/jazzy/opt/gz_plugin_vendor/lib:/opt/ros/jazzy/opt/gz_fuel_tools_vendor/lib:/opt/ros/jazzy/opt/gz_msgs_vendor/lib:/opt/ros/jazzy/opt/gz_common_vendor/lib:/opt/ros/jazzy/opt/gz_math_vendor/lib:/opt/ros/jazzy/opt/gz_utils_vendor/lib:/opt/ros/jazzy/opt/gz_tools_vendor/lib:/opt/ros/jazzy/opt/gz_ogre_next_vendor/lib:/opt/ros/jazzy/opt/gz_dartsim_vendor/lib:/opt/ros/jazzy/opt/gz_cmake_vendor/lib:/opt/ros/jazzy/lib', 'HOME': '/home/olympusolutions', 'OLDPWD': '/home/olympusolutions', 'DESKTOP_SESSION': 'ubuntu', 'ROS_PYTHON_VERSION': '3', 'GNOME_SHELL_SESSION_MODE': 'ubuntu', 'GTK_MODULES': 'gail:atk-bridge', 'SYSTEMD_EXEC_PID': '3022', 'GSM_SKIP_SSH_AGENT_WORKAROUND': 'true', 'DBUS_SESSION_BUS_ADDRESS': 'unix:path=/run/user/1002/bus', 'COLORTERM': 'truecolor', 'DEBUGINFOD_URLS': 'https://debuginfod.ubuntu.com', 'IM_CONFIG_PHASE': '1', 'WAYLAND_DISPLAY': 'wayland-0', 'ROS_DISTRO': 'jazzy', 'LOGNAME': 'olympusolutions', '_': '/usr/bin/colcon', 'ROS_VERSION': '2', 'MEMORY_PRESSURE_WATCH': '/sys/fs/cgroup/user.slice/user-1002.slice/user@1002.service/session.slice/org.gnome.Shell@wayland.service/memory.pressure', 'XDG_SESSION_CLASS': 'user', 'USERNAME': 'olympusolutions', 'TERM': 'xterm-256color', 'GNOME_DESKTOP_SESSION_ID': 'this-is-deprecated', 'PATH': '/opt/ros/jazzy/opt/gz_msgs_vendor/bin:/opt/ros/jazzy/opt/gz_tools_vendor/bin:/opt/ros/jazzy/opt/gz_ogre_next_vendor/bin:/opt/ros/jazzy/bin:/home/olympusolutions/.local/bin:/usr/local/sbin:/usr/local/bin:/usr/sbin:/usr/bin:/sbin:/bin:/usr/games:/usr/local/games:/snap/bin:/snap/bin', 'SESSION_MANAGER': 'local/olympusolutions-desktop:@/tmp/.ICE-unix/2977,unix/olympusolutions-desktop:/tmp/.ICE-unix/2977', 'XDG_MENU_PREFIX': 'gnome-', 'GNOME_TERMINAL_SCREEN': '/org/gnome/Terminal/screen/5426054a_44ad_4b3b_9be3_3f00634632e4', 'GNOME_SETUP_DISPLAY': ':1', 'XDG_RUNTIME_DIR': '/run/user/1002', 'DISPLAY': ':0', 'LANG': 'en_US.UTF-8', 'XDG_CURRENT_DESKTOP': 'ubuntu:GNOME', 'XMODIFIERS': '@im=ibus', 'XDG_SESSION_DESKTOP': 'ubuntu', 'XAUTHORITY': '/run/user/1002/.mutter-Xwaylandauth.ZJBY42', 'LS_COLORS': 'rs=0:di=01;34:ln=01;36:mh=00:pi=40;33:so=01;35:do=01;35:bd=40;33;01:cd=40;33;01:or=40;31;01:mi=00:su=37;41:sg=30;43:ca=00:tw=30;42:ow=34;42:st=37;44:ex=01;32:*.tar=01;31:*.tgz=01;31:*.arc=01;31:*.arj=01;31:*.taz=01;31:*.lha=01;31:*.lz4=01;31:*.lzh=01;31:*.lzma=01;31:*.tlz=01;31:*.txz=01;31:*.tzo=01;31:*.t7z=01;31:*.zip=01;31:*.z=01;31:*.dz=01;31:*.gz=01;31:*.lrz=01;31:*.lz=01;31:*.lzo=01;31:*.xz=01;31:*.zst=01;31:*.tzst=01;31:*.bz2=01;31:*.bz=01;31:*.tbz=01;31:*.tbz2=01;31:*.tz=01;31:*.deb=01;31:*.rpm=01;31:*.jar=01;31:*.war=01;31:*.ear=01;31:*.sar=01;31:*.rar=01;31:*.alz=01;31:*.ace=01;31:*.zoo=01;31:*.cpio=01;31:*.7z=01;31:*.rz=01;31:*.cab=01;31:*.wim=01;31:*.swm=01;31:*.dwm=01;31:*.esd=01;31:*.avif=01;35:*.jpg=01;35:*.jpeg=01;35:*.mjpg=01;35:*.mjpeg=01;35:*.gif=01;35:*.bmp=01;35:*.pbm=01;35:*.pgm=01;35:*.ppm=01;35:*.tga=01;35:*.xbm=01;35:*.xpm=01;35:*.tif=01;35:*.tiff=01;35:*.png=01;35:*.svg=01;35:*.svgz=01;35:*.mng=01;35:*.pcx=01;35:*.mov=01;35:*.mpg=01;35:*.mpeg=01;35:*.m2v=01;35:*.mkv=01;35:*.webm=01;35:*.webp=01;35:*.ogm=01;35:*.mp4=01;35:*.m4v=01;35:*.mp4v=01;35:*.vob=01;35:*.qt=01;35:*.nuv=01;35:*.wmv=01;35:*.asf=01;35:*.rm=01;35:*.rmvb=01;35:*.flc=01;35:*.avi=01;35:*.fli=01;35:*.flv=01;35:*.gl=01;35:*.dl=01;35:*.xcf=01;35:*.xwd=01;35:*.yuv=01;35:*.cgm=01;35:*.emf=01;35:*.ogv=01;35:*.ogx=01;35:*.aac=00;36:*.au=00;36:*.flac=00;36:*.m4a=00;36:*.mid=00;36:*.midi=00;36:*.mka=00;36:*.mp3=00;36:*.mpc=00;36:*.ogg=00;36:*.ra=00;36:*.wav=00;36:*.oga=00;36:*.opus=00;36:*.spx=00;36:*.xspf=00;36:*~=00;90:*#=00;90:*.bak=00;90:*.crdownload=00;90:*.dpkg-dist=00;90:*.dpkg-new=00;90:*.dpkg-old=00;90:*.dpkg-tmp=00;90:*.old=00;90:*.orig=00;90:*.part=00;90:*.rej=00;90:*.rpmnew=00;90:*.rpmorig=00;90:*.rpmsave=00;90:*.swp=00;90:*.tmp=00;90:*.ucf-dist=00;90:*.ucf-new=00;90:*.ucf-old=00;90:', 'GNOME_TERMINAL_SERVICE': ':1.150', 'SSH_AUTH_SOCK': '/run/user/1002/keyring/ssh', 'AMENT_PREFIX_PATH': '/opt/ros/jazzy', 'SHELL': '/bin/bash', 'QT_ACCESSIBILITY': '1', 'GDMSESSION': 'ubuntu', 'LESSCLOSE': '/usr/bin/lesspipe %s %s', 'ROS_AUTOMATIC_DISCOVERY_RANGE': 'SUBNET', 'QT_IM_MODULE': 'ibus', 'PWD': '/home/olympusolutions/senior_ws/build/sllidar_ros2', 'LC_ALL': 'en_US.UTF-8', 'XDG_CONFIG_DIRS': '/etc/xdg/xdg-ubuntu:/etc/xdg', 'XDG_DATA_DIRS': '/usr/share/ubuntu:/usr/share/gnome:/usr/local/share/:/usr/share/:/var/lib/snapd/desktop', 'PYTHONPATH': '/opt/ros/jazzy/lib/python3.12/site-packages', 'COLCON': '1', 'MEMORY_PRESSURE_WRITE': 'c29tZSAyMDAwMDAgMjAwMDAwMAA=', 'VTE_VERSION': '7600', 'CMAKE_PREFIX_PATH': '/opt/ros/jazzy/opt/gz_sim_vendor:/opt/ros/jazzy/opt/gz_sensors_vendor:/opt/ros/jazzy/opt/gz_physics_vendor:/opt/ros/jazzy/opt/sdformat_vendor:/opt/ros/jazzy/opt/gz_gui_vendor:/opt/ros/jazzy/opt/gz_transport_vendor:/opt/ros/jazzy/opt/gz_rendering_vendor:/opt/ros/jazzy/opt/gz_plugin_vendor:/opt/ros/jazzy/opt/gz_fuel_tools_vendor:/opt/ros/jazzy/opt/gz_msgs_vendor:/opt/ros/jazzy/opt/gz_common_vendor:/opt/ros/jazzy/opt/gz_math_vendor:/opt/ros/jazzy/opt/gz_utils_vendor:/opt/ros/jazzy/opt/gz_tools_vendor:/opt/ros/jazzy/opt/gz_ogre_next_vendor:/opt/ros/jazzy/opt/gz_dartsim_vendor:/opt/ros/jazzy/opt/gz_cmake_vendor:/opt/ros/jazzy'}), 'shell': False}
[78.825766] (sllidar_ros2) StdoutLine: {'line': b'-- Install configuration: ""\n'}
[78.826044] (sllidar_ros2) StdoutLine: {'line': b'-- Installing: /home/olympusolutions/senior_ws/install/sllidar_ros2/share/sllidar_ros2/launch\n'}
[78.826203] (sllidar_ros2) StdoutLine: {'line': b'-- Installing: /home/olympusolutions/senior_ws/install/sllidar_ros2/share/sllidar_ros2/launch/view_sllidar_t1_launch.py\n'}
[78.826326] (sllidar_ros2) StdoutLine: {'line': b'-- Installing: /home/olympusolutions/senior_ws/install/sllidar_ros2/share/sllidar_ros2/launch/sllidar_s2e_launch.py\n'}
[78.826475] (sllidar_ros2) StdoutLine: {'line': b'-- Installing: /home/olympusolutions/senior_ws/install/sllidar_ros2/share/sllidar_ros2/launch/view_sllidar_s2e_launch.py\n'}
[78.826589] (sllidar_ros2) StdoutLine: {'line': b'-- Installing: /home/olympusolutions/senior_ws/install/sllidar_ros2/share/sllidar_ros2/launch/sllidar_a2m12_launch .py\n'}
[78.826712] (sllidar_ros2) StdoutLine: {'line': b'-- Installing: /home/olympusolutions/senior_ws/install/sllidar_ros2/share/sllidar_ros2/launch/view_sllidar_a3_launch.py\n'}
[78.826825] (sllidar_ros2) StdoutLine: {'line': b'-- Installing: /home/olympusolutions/senior_ws/install/sllidar_ros2/share/sllidar_ros2/launch/sllidar_a2m8_launch.py\n'}
[78.826940] (sllidar_ros2) StdoutLine: {'line': b'-- Installing: /home/olympusolutions/senior_ws/install/sllidar_ros2/share/sllidar_ros2/launch/view_sllidar_s1_tcp_launch.py\n'}
[78.827056] (sllidar_ros2) StdoutLine: {'line': b'-- Installing: /home/olympusolutions/senior_ws/install/sllidar_ros2/share/sllidar_ros2/launch/view_sllidar_c1_launch.py\n'}
[78.827193] (sllidar_ros2) StdoutLine: {'line': b'-- Installing: /home/olympusolutions/senior_ws/install/sllidar_ros2/share/sllidar_ros2/launch/view_sllidar_s2_launch.py\n'}
[78.827307] (sllidar_ros2) StdoutLine: {'line': b'-- Installing: /home/olympusolutions/senior_ws/install/sllidar_ros2/share/sllidar_ros2/launch/view_sllidar_a2m7_launch.py\n'}
[78.827424] (sllidar_ros2) StdoutLine: {'line': b'-- Installing: /home/olympusolutions/senior_ws/install/sllidar_ros2/share/sllidar_ros2/launch/view_sllidar_s3_launch.py\n'}
[78.827537] (sllidar_ros2) StdoutLine: {'line': b'-- Installing: /home/olympusolutions/senior_ws/install/sllidar_ros2/share/sllidar_ros2/launch/sllidar_c1_launch.py\n'}
[78.827658] (sllidar_ros2) StdoutLine: {'line': b'-- Installing: /home/olympusolutions/senior_ws/install/sllidar_ros2/share/sllidar_ros2/launch/sllidar_s1_tcp_launch.py\n'}
[78.827780] (sllidar_ros2) StdoutLine: {'line': b'-- Installing: /home/olympusolutions/senior_ws/install/sllidar_ros2/share/sllidar_ros2/launch/view_sllidar_a2m8_launch.py\n'}
[78.827898] (sllidar_ros2) StdoutLine: {'line': b'-- Installing: /home/olympusolutions/senior_ws/install/sllidar_ros2/share/sllidar_ros2/launch/sllidar_s1_launch.py\n'}
[78.828017] (sllidar_ros2) StdoutLine: {'line': b'-- Installing: /home/olympusolutions/senior_ws/install/sllidar_ros2/share/sllidar_ros2/launch/sllidar_a3_launch.py\n'}
[78.828132] (sllidar_ros2) StdoutLine: {'line': b'-- Installing: /home/olympusolutions/senior_ws/install/sllidar_ros2/share/sllidar_ros2/launch/sllidar_s2_launch.py\n'}
[78.828247] (sllidar_ros2) StdoutLine: {'line': b'-- Installing: /home/olympusolutions/senior_ws/install/sllidar_ros2/share/sllidar_ros2/launch/sllidar_t1_launch.py\n'}
[78.828362] (sllidar_ros2) StdoutLine: {'line': b'-- Installing: /home/olympusolutions/senior_ws/install/sllidar_ros2/share/sllidar_ros2/launch/sllidar_a1_launch.py\n'}
[78.828478] (sllidar_ros2) StdoutLine: {'line': b'-- Installing: /home/olympusolutions/senior_ws/install/sllidar_ros2/share/sllidar_ros2/launch/view_sllidar_a1_launch.py\n'}
[78.828595] (sllidar_ros2) StdoutLine: {'line': b'-- Installing: /home/olympusolutions/senior_ws/install/sllidar_ros2/share/sllidar_ros2/launch/sllidar_a2m7_launch.py\n'}
[78.828748] (sllidar_ros2) StdoutLine: {'line': b'-- Installing: /home/olympusolutions/senior_ws/install/sllidar_ros2/share/sllidar_ros2/launch/view_sllidar_s1_launch.py\n'}
[78.828870] (sllidar_ros2) StdoutLine: {'line': b'-- Installing: /home/olympusolutions/senior_ws/install/sllidar_ros2/share/sllidar_ros2/launch/sllidar_s3_launch.py\n'}
[78.828990] (sllidar_ros2) StdoutLine: {'line': b'-- Installing: /home/olympusolutions/senior_ws/install/sllidar_ros2/share/sllidar_ros2/launch/view_sllidar_a2m12_launch.py\n'}
[78.829119] (sllidar_ros2) StdoutLine: {'line': b'-- Installing: /home/olympusolutions/senior_ws/install/sllidar_ros2/share/sllidar_ros2/rviz\n'}
[78.829221] (sllidar_ros2) StdoutLine: {'line': b'-- Installing: /home/olympusolutions/senior_ws/install/sllidar_ros2/share/sllidar_ros2/rviz/sllidar_ros2.rviz\n'}
[78.830275] (sllidar_ros2) StdoutLine: {'line': b'-- Installing: /home/olympusolutions/senior_ws/install/sllidar_ros2/lib/sllidar_ros2/sllidar_node\n'}
[78.834863] (sllidar_ros2) StdoutLine: {'line': b'-- Set non-toolchain portion of runtime path of "/home/olympusolutions/senior_ws/install/sllidar_ros2/lib/sllidar_ros2/sllidar_node" to ""\n'}
[78.835016] (sllidar_ros2) StdoutLine: {'line': b'-- Installing: /home/olympusolutions/senior_ws/install/sllidar_ros2/lib/sllidar_ros2/sllidar_client\n'}
[78.843626] (sllidar_ros2) StdoutLine: {'line': b'-- Set non-toolchain portion of runtime path of "/home/olympusolutions/senior_ws/install/sllidar_ros2/lib/sllidar_ros2/sllidar_client" to ""\n'}
[78.843881] (sllidar_ros2) StdoutLine: {'line': b'-- Installing: /home/olympusolutions/senior_ws/install/sllidar_ros2/share/ament_index/resource_index/package_run_dependencies/sllidar_ros2\n'}
[78.844134] (sllidar_ros2) StdoutLine: {'line': b'-- Installing: /home/olympusolutions/senior_ws/install/sllidar_ros2/share/ament_index/resource_index/parent_prefix_path/sllidar_ros2\n'}
[78.844361] (sllidar_ros2) StdoutLine: {'line': b'-- Installing: /home/olympusolutions/senior_ws/install/sllidar_ros2/share/sllidar_ros2/environment/ament_prefix_path.sh\n'}
[78.844530] (sllidar_ros2) StdoutLine: {'line': b'-- Installing: /home/olympusolutions/senior_ws/install/sllidar_ros2/share/sllidar_ros2/environment/ament_prefix_path.dsv\n'}
[78.844700] (sllidar_ros2) StdoutLine: {'line': b'-- Installing: /home/olympusolutions/senior_ws/install/sllidar_ros2/share/sllidar_ros2/environment/path.sh\n'}
[78.844868] (sllidar_ros2) StdoutLine: {'line': b'-- Installing: /home/olympusolutions/senior_ws/install/sllidar_ros2/share/sllidar_ros2/environment/path.dsv\n'}
[78.845026] (sllidar_ros2) StdoutLine: {'line': b'-- Installing: /home/olympusolutions/senior_ws/install/sllidar_ros2/share/sllidar_ros2/local_setup.bash\n'}
[78.845183] (sllidar_ros2) StdoutLine: {'line': b'-- Installing: /home/olympusolutions/senior_ws/install/sllidar_ros2/share/sllidar_ros2/local_setup.sh\n'}
[78.845349] (sllidar_ros2) StdoutLine: {'line': b'-- Installing: /home/olympusolutions/senior_ws/install/sllidar_ros2/share/sllidar_ros2/local_setup.zsh\n'}
[78.845502] (sllidar_ros2) StdoutLine: {'line': b'-- Installing: /home/olympusolutions/senior_ws/install/sllidar_ros2/share/sllidar_ros2/local_setup.dsv\n'}
[78.845679] (sllidar_ros2) StdoutLine: {'line': b'-- Installing: /home/olympusolutions/senior_ws/install/sllidar_ros2/share/sllidar_ros2/package.dsv\n'}
[78.845911] (sllidar_ros2) StdoutLine: {'line': b'-- Installing: /home/olympusolutions/senior_ws/install/sllidar_ros2/share/ament_index/resource_index/packages/sllidar_ros2\n'}
[78.846123] (sllidar_ros2) StdoutLine: {'line': b'-- Installing: /home/olympusolutions/senior_ws/install/sllidar_ros2/share/sllidar_ros2/cmake/ament_cmake_export_dependencies-extras.cmake\n'}
[78.846301] (sllidar_ros2) StdoutLine: {'line': b'-- Installing: /home/olympusolutions/senior_ws/install/sllidar_ros2/share/sllidar_ros2/cmake/ament_cmake_export_include_directories-extras.cmake\n'}
[78.846444] (sllidar_ros2) StdoutLine: {'line': b'-- Installing: /home/olympusolutions/senior_ws/install/sllidar_ros2/share/sllidar_ros2/cmake/sllidar_ros2Config.cmake\n'}
[78.846577] (sllidar_ros2) StdoutLine: {'line': b'-- Installing: /home/olympusolutions/senior_ws/install/sllidar_ros2/share/sllidar_ros2/cmake/sllidar_ros2Config-version.cmake\n'}
[78.846749] (sllidar_ros2) StdoutLine: {'line': b'-- Installing: /home/olympusolutions/senior_ws/install/sllidar_ros2/share/sllidar_ros2/package.xml\n'}
[78.849751] (sllidar_ros2) CommandEnded: {'returncode': 0}
[78.870622] (sllidar_ros2) JobEnded: {'identifier': 'sllidar_ros2', 'rc': 0}
[78.887303] (-) EventReactorShutdown: {}
