[3.254s] DEBUG:colcon:Command line arguments: ['/home/olympusolutions/.espressif/python_env/idf5.4_py3.12_env/bin/colcon', 'build', '--symlink-install']
[3.255s] DEBUG:colcon:Parsed command line arguments: Namespace(log_base=None, log_level=None, verb_name='build', build_base='build', install_base='install', merge_install=False, symlink_install=True, test_result_base=None, continue_on_error=False, executor='parallel', parallel_workers=4, event_handlers=None, ignore_user_meta=False, metas=['./colcon.meta'], base_paths=['.'], packages_ignore=None, packages_ignore_regex=None, paths=None, packages_up_to=None, packages_up_to_regex=None, packages_above=None, packages_above_and_dependencies=None, packages_above_depth=None, packages_select_by_dep=None, packages_skip_by_dep=None, packages_skip_up_to=None, packages_select_build_failed=False, packages_skip_build_finished=False, packages_select_test_failures=False, packages_skip_test_passed=False, packages_select=None, packages_skip=None, packages_select_regex=None, packages_skip_regex=None, packages_start=None, packages_end=None, cmake_args=None, cmake_target=None, cmake_target_skip_unavailable=False, cmake_clean_cache=False, cmake_clean_first=False, cmake_force_configure=False, ament_cmake_args=None, catkin_cmake_args=None, catkin_skip_building_tests=False, verb_parser=<colcon_defaults.argument_parser.defaults.DefaultArgumentsDecorator object at 0xffff804297c0>, verb_extension=<colcon_core.verb.build.BuildVerb object at 0xffff804295b0>, main=<bound method BuildVerb.main of <colcon_core.verb.build.BuildVerb object at 0xffff804295b0>>)
[3.656s] Level 1:colcon.colcon_core.package_discovery:discover_packages(colcon_meta) check parameters
[3.656s] Level 1:colcon.colcon_core.package_discovery:discover_packages(recursive) check parameters
[3.656s] Level 1:colcon.colcon_core.package_discovery:discover_packages(ignore) check parameters
[3.657s] Level 1:colcon.colcon_core.package_discovery:discover_packages(path) check parameters
[3.657s] Level 1:colcon.colcon_core.package_discovery:discover_packages(colcon_meta) discover
[3.657s] Level 1:colcon.colcon_core.package_discovery:discover_packages(recursive) discover
[3.657s] INFO:colcon.colcon_core.package_discovery:Crawling recursively for packages in '/home/olympusolutions/senior_ws'
[3.657s] Level 1:colcon.colcon_core.package_identification:_identify(.) by extensions ['ignore', 'ignore_ament_install']
[3.657s] Level 1:colcon.colcon_core.package_identification:_identify(.) by extension 'ignore'
[3.658s] Level 1:colcon.colcon_core.package_identification:_identify(.) by extension 'ignore_ament_install'
[3.658s] Level 1:colcon.colcon_core.package_identification:_identify(.) by extensions ['colcon_pkg']
[3.658s] Level 1:colcon.colcon_core.package_identification:_identify(.) by extension 'colcon_pkg'
[3.658s] Level 1:colcon.colcon_core.package_identification:_identify(.) by extensions ['colcon_meta']
[3.658s] Level 1:colcon.colcon_core.package_identification:_identify(.) by extension 'colcon_meta'
[3.658s] Level 1:colcon.colcon_core.package_identification:_identify(.) by extensions ['ros']
[3.658s] Level 1:colcon.colcon_core.package_identification:_identify(.) by extension 'ros'
[3.714s] Level 1:colcon.colcon_core.package_identification:_identify(.) by extensions ['cmake', 'python']
[3.714s] Level 1:colcon.colcon_core.package_identification:_identify(.) by extension 'cmake'
[3.714s] Level 1:colcon.colcon_core.package_identification:_identify(.) by extension 'python'
[3.714s] Level 1:colcon.colcon_core.package_identification:_identify(.) by extensions ['python_setup_py']
[3.714s] Level 1:colcon.colcon_core.package_identification:_identify(.) by extension 'python_setup_py'
[3.715s] Level 1:colcon.colcon_core.package_identification:_identify(build) by extensions ['ignore', 'ignore_ament_install']
[3.715s] Level 1:colcon.colcon_core.package_identification:_identify(build) by extension 'ignore'
[3.715s] Level 1:colcon.colcon_core.package_identification:_identify(build) ignored
[3.716s] Level 1:colcon.colcon_core.package_identification:_identify(install) by extensions ['ignore', 'ignore_ament_install']
[3.717s] Level 1:colcon.colcon_core.package_identification:_identify(install) by extension 'ignore'
[3.717s] Level 1:colcon.colcon_core.package_identification:_identify(install) ignored
[3.717s] Level 1:colcon.colcon_core.package_identification:_identify(log) by extensions ['ignore', 'ignore_ament_install']
[3.717s] Level 1:colcon.colcon_core.package_identification:_identify(log) by extension 'ignore'
[3.717s] Level 1:colcon.colcon_core.package_identification:_identify(log) ignored
[3.718s] Level 1:colcon.colcon_core.package_identification:_identify(src) by extensions ['ignore', 'ignore_ament_install']
[3.718s] Level 1:colcon.colcon_core.package_identification:_identify(src) by extension 'ignore'
[3.718s] Level 1:colcon.colcon_core.package_identification:_identify(src) by extension 'ignore_ament_install'
[3.718s] Level 1:colcon.colcon_core.package_identification:_identify(src) by extensions ['colcon_pkg']
[3.719s] Level 1:colcon.colcon_core.package_identification:_identify(src) by extension 'colcon_pkg'
[3.719s] Level 1:colcon.colcon_core.package_identification:_identify(src) by extensions ['colcon_meta']
[3.719s] Level 1:colcon.colcon_core.package_identification:_identify(src) by extension 'colcon_meta'
[3.719s] Level 1:colcon.colcon_core.package_identification:_identify(src) by extensions ['ros']
[3.719s] Level 1:colcon.colcon_core.package_identification:_identify(src) by extension 'ros'
[3.719s] Level 1:colcon.colcon_core.package_identification:_identify(src) by extensions ['cmake', 'python']
[3.719s] Level 1:colcon.colcon_core.package_identification:_identify(src) by extension 'cmake'
[3.719s] Level 1:colcon.colcon_core.package_identification:_identify(src) by extension 'python'
[3.719s] Level 1:colcon.colcon_core.package_identification:_identify(src) by extensions ['python_setup_py']
[3.719s] Level 1:colcon.colcon_core.package_identification:_identify(src) by extension 'python_setup_py'
[3.720s] Level 1:colcon.colcon_core.package_identification:_identify(src/diffdrive_arduino) by extensions ['ignore', 'ignore_ament_install']
[3.720s] Level 1:colcon.colcon_core.package_identification:_identify(src/diffdrive_arduino) by extension 'ignore'
[3.720s] Level 1:colcon.colcon_core.package_identification:_identify(src/diffdrive_arduino) by extension 'ignore_ament_install'
[3.720s] Level 1:colcon.colcon_core.package_identification:_identify(src/diffdrive_arduino) by extensions ['colcon_pkg']
[3.720s] Level 1:colcon.colcon_core.package_identification:_identify(src/diffdrive_arduino) by extension 'colcon_pkg'
[3.721s] Level 1:colcon.colcon_core.package_identification:_identify(src/diffdrive_arduino) by extensions ['colcon_meta']
[3.721s] Level 1:colcon.colcon_core.package_identification:_identify(src/diffdrive_arduino) by extension 'colcon_meta'
[3.721s] Level 1:colcon.colcon_core.package_identification:_identify(src/diffdrive_arduino) by extensions ['ros']
[3.721s] Level 1:colcon.colcon_core.package_identification:_identify(src/diffdrive_arduino) by extension 'ros'
[3.730s] DEBUG:colcon.colcon_core.package_identification:Package 'src/diffdrive_arduino' with type 'ros.ament_cmake' and name 'diffdrive_arduino'
[3.731s] Level 1:colcon.colcon_core.package_identification:_identify(src/extender_arduino) by extensions ['ignore', 'ignore_ament_install']
[3.731s] Level 1:colcon.colcon_core.package_identification:_identify(src/extender_arduino) by extension 'ignore'
[3.732s] Level 1:colcon.colcon_core.package_identification:_identify(src/extender_arduino) by extension 'ignore_ament_install'
[3.732s] Level 1:colcon.colcon_core.package_identification:_identify(src/extender_arduino) by extensions ['colcon_pkg']
[3.732s] Level 1:colcon.colcon_core.package_identification:_identify(src/extender_arduino) by extension 'colcon_pkg'
[3.732s] Level 1:colcon.colcon_core.package_identification:_identify(src/extender_arduino) by extensions ['colcon_meta']
[3.732s] Level 1:colcon.colcon_core.package_identification:_identify(src/extender_arduino) by extension 'colcon_meta'
[3.732s] Level 1:colcon.colcon_core.package_identification:_identify(src/extender_arduino) by extensions ['ros']
[3.732s] Level 1:colcon.colcon_core.package_identification:_identify(src/extender_arduino) by extension 'ros'
[3.734s] DEBUG:colcon.colcon_core.package_identification:Package 'src/extender_arduino' with type 'ros.ament_cmake' and name 'extender_arduino'
[3.735s] Level 1:colcon.colcon_core.package_identification:_identify(src/joy_tester) by extensions ['ignore', 'ignore_ament_install']
[3.735s] Level 1:colcon.colcon_core.package_identification:_identify(src/joy_tester) by extension 'ignore'
[3.735s] Level 1:colcon.colcon_core.package_identification:_identify(src/joy_tester) by extension 'ignore_ament_install'
[3.735s] Level 1:colcon.colcon_core.package_identification:_identify(src/joy_tester) by extensions ['colcon_pkg']
[3.735s] Level 1:colcon.colcon_core.package_identification:_identify(src/joy_tester) by extension 'colcon_pkg'
[3.735s] Level 1:colcon.colcon_core.package_identification:_identify(src/joy_tester) by extensions ['colcon_meta']
[3.735s] Level 1:colcon.colcon_core.package_identification:_identify(src/joy_tester) by extension 'colcon_meta'
[3.736s] Level 1:colcon.colcon_core.package_identification:_identify(src/joy_tester) by extensions ['ros']
[3.736s] Level 1:colcon.colcon_core.package_identification:_identify(src/joy_tester) by extension 'ros'
[3.740s] DEBUG:colcon.colcon_core.package_identification:Package 'src/joy_tester' with type 'ros.ament_python' and name 'joy_tester'
[3.740s] Level 1:colcon.colcon_core.package_identification:_identify(src/minibot) by extensions ['ignore', 'ignore_ament_install']
[3.741s] Level 1:colcon.colcon_core.package_identification:_identify(src/minibot) by extension 'ignore'
[3.741s] Level 1:colcon.colcon_core.package_identification:_identify(src/minibot) by extension 'ignore_ament_install'
[3.741s] Level 1:colcon.colcon_core.package_identification:_identify(src/minibot) by extensions ['colcon_pkg']
[3.741s] Level 1:colcon.colcon_core.package_identification:_identify(src/minibot) by extension 'colcon_pkg'
[3.741s] Level 1:colcon.colcon_core.package_identification:_identify(src/minibot) by extensions ['colcon_meta']
[3.741s] Level 1:colcon.colcon_core.package_identification:_identify(src/minibot) by extension 'colcon_meta'
[3.742s] Level 1:colcon.colcon_core.package_identification:_identify(src/minibot) by extensions ['ros']
[3.742s] Level 1:colcon.colcon_core.package_identification:_identify(src/minibot) by extension 'ros'
[3.745s] DEBUG:colcon.colcon_core.package_identification:Package 'src/minibot' with type 'ros.ament_cmake' and name 'minibot'
[3.748s] Level 1:colcon.colcon_core.package_identification:_identify(src/riley_ws) by extensions ['ignore', 'ignore_ament_install']
[3.749s] Level 1:colcon.colcon_core.package_identification:_identify(src/riley_ws) by extension 'ignore'
[3.749s] Level 1:colcon.colcon_core.package_identification:_identify(src/riley_ws) by extension 'ignore_ament_install'
[3.749s] Level 1:colcon.colcon_core.package_identification:_identify(src/riley_ws) by extensions ['colcon_pkg']
[3.749s] Level 1:colcon.colcon_core.package_identification:_identify(src/riley_ws) by extension 'colcon_pkg'
[3.749s] Level 1:colcon.colcon_core.package_identification:_identify(src/riley_ws) by extensions ['colcon_meta']
[3.749s] Level 1:colcon.colcon_core.package_identification:_identify(src/riley_ws) by extension 'colcon_meta'
[3.749s] Level 1:colcon.colcon_core.package_identification:_identify(src/riley_ws) by extensions ['ros']
[3.749s] Level 1:colcon.colcon_core.package_identification:_identify(src/riley_ws) by extension 'ros'
[3.750s] Level 1:colcon.colcon_core.package_identification:_identify(src/riley_ws) by extensions ['cmake', 'python']
[3.750s] Level 1:colcon.colcon_core.package_identification:_identify(src/riley_ws) by extension 'cmake'
[3.750s] Level 1:colcon.colcon_core.package_identification:_identify(src/riley_ws) by extension 'python'
[3.750s] Level 1:colcon.colcon_core.package_identification:_identify(src/riley_ws) by extensions ['python_setup_py']
[3.750s] Level 1:colcon.colcon_core.package_identification:_identify(src/riley_ws) by extension 'python_setup_py'
[3.750s] Level 1:colcon.colcon_core.package_identification:_identify(src/riley_ws/build) by extensions ['ignore', 'ignore_ament_install']
[3.750s] Level 1:colcon.colcon_core.package_identification:_identify(src/riley_ws/build) by extension 'ignore'
[3.750s] Level 1:colcon.colcon_core.package_identification:_identify(src/riley_ws/build) ignored
[3.751s] Level 1:colcon.colcon_core.package_identification:_identify(src/riley_ws/install) by extensions ['ignore', 'ignore_ament_install']
[3.751s] Level 1:colcon.colcon_core.package_identification:_identify(src/riley_ws/install) by extension 'ignore'
[3.751s] Level 1:colcon.colcon_core.package_identification:_identify(src/riley_ws/install) ignored
[3.751s] Level 1:colcon.colcon_core.package_identification:_identify(src/riley_ws/log) by extensions ['ignore', 'ignore_ament_install']
[3.751s] Level 1:colcon.colcon_core.package_identification:_identify(src/riley_ws/log) by extension 'ignore'
[3.751s] Level 1:colcon.colcon_core.package_identification:_identify(src/riley_ws/log) ignored
[3.752s] Level 1:colcon.colcon_core.package_identification:_identify(src/riley_ws/src) by extensions ['ignore', 'ignore_ament_install']
[3.752s] Level 1:colcon.colcon_core.package_identification:_identify(src/riley_ws/src) by extension 'ignore'
[3.752s] Level 1:colcon.colcon_core.package_identification:_identify(src/riley_ws/src) by extension 'ignore_ament_install'
[3.752s] Level 1:colcon.colcon_core.package_identification:_identify(src/riley_ws/src) by extensions ['colcon_pkg']
[3.752s] Level 1:colcon.colcon_core.package_identification:_identify(src/riley_ws/src) by extension 'colcon_pkg'
[3.752s] Level 1:colcon.colcon_core.package_identification:_identify(src/riley_ws/src) by extensions ['colcon_meta']
[3.753s] Level 1:colcon.colcon_core.package_identification:_identify(src/riley_ws/src) by extension 'colcon_meta'
[3.753s] Level 1:colcon.colcon_core.package_identification:_identify(src/riley_ws/src) by extensions ['ros']
[3.753s] Level 1:colcon.colcon_core.package_identification:_identify(src/riley_ws/src) by extension 'ros'
[3.753s] Level 1:colcon.colcon_core.package_identification:_identify(src/riley_ws/src) by extensions ['cmake', 'python']
[3.753s] Level 1:colcon.colcon_core.package_identification:_identify(src/riley_ws/src) by extension 'cmake'
[3.753s] Level 1:colcon.colcon_core.package_identification:_identify(src/riley_ws/src) by extension 'python'
[3.753s] Level 1:colcon.colcon_core.package_identification:_identify(src/riley_ws/src) by extensions ['python_setup_py']
[3.753s] Level 1:colcon.colcon_core.package_identification:_identify(src/riley_ws/src) by extension 'python_setup_py'
[3.754s] Level 1:colcon.colcon_core.package_identification:_identify(src/riley_ws/src/listener_package) by extensions ['ignore', 'ignore_ament_install']
[3.754s] Level 1:colcon.colcon_core.package_identification:_identify(src/riley_ws/src/listener_package) by extension 'ignore'
[3.754s] Level 1:colcon.colcon_core.package_identification:_identify(src/riley_ws/src/listener_package) by extension 'ignore_ament_install'
[3.754s] Level 1:colcon.colcon_core.package_identification:_identify(src/riley_ws/src/listener_package) by extensions ['colcon_pkg']
[3.754s] Level 1:colcon.colcon_core.package_identification:_identify(src/riley_ws/src/listener_package) by extension 'colcon_pkg'
[3.754s] Level 1:colcon.colcon_core.package_identification:_identify(src/riley_ws/src/listener_package) by extensions ['colcon_meta']
[3.754s] Level 1:colcon.colcon_core.package_identification:_identify(src/riley_ws/src/listener_package) by extension 'colcon_meta'
[3.755s] Level 1:colcon.colcon_core.package_identification:_identify(src/riley_ws/src/listener_package) by extensions ['ros']
[3.755s] Level 1:colcon.colcon_core.package_identification:_identify(src/riley_ws/src/listener_package) by extension 'ros'
[3.758s] DEBUG:colcon.colcon_core.package_identification:Package 'src/riley_ws/src/listener_package' with type 'ros.ament_python' and name 'listener_package'
[3.758s] Level 1:colcon.colcon_core.package_identification:_identify(src/riley_ws/src/my_package) by extensions ['ignore', 'ignore_ament_install']
[3.758s] Level 1:colcon.colcon_core.package_identification:_identify(src/riley_ws/src/my_package) by extension 'ignore'
[3.759s] Level 1:colcon.colcon_core.package_identification:_identify(src/riley_ws/src/my_package) by extension 'ignore_ament_install'
[3.759s] Level 1:colcon.colcon_core.package_identification:_identify(src/riley_ws/src/my_package) by extensions ['colcon_pkg']
[3.759s] Level 1:colcon.colcon_core.package_identification:_identify(src/riley_ws/src/my_package) by extension 'colcon_pkg'
[3.759s] Level 1:colcon.colcon_core.package_identification:_identify(src/riley_ws/src/my_package) by extensions ['colcon_meta']
[3.759s] Level 1:colcon.colcon_core.package_identification:_identify(src/riley_ws/src/my_package) by extension 'colcon_meta'
[3.759s] Level 1:colcon.colcon_core.package_identification:_identify(src/riley_ws/src/my_package) by extensions ['ros']
[3.759s] Level 1:colcon.colcon_core.package_identification:_identify(src/riley_ws/src/my_package) by extension 'ros'
[3.760s] DEBUG:colcon.colcon_core.package_identification:Package 'src/riley_ws/src/my_package' with type 'ros.ament_python' and name 'my_package'
[3.761s] Level 1:colcon.colcon_core.package_identification:_identify(src/serial) by extensions ['ignore', 'ignore_ament_install']
[3.761s] Level 1:colcon.colcon_core.package_identification:_identify(src/serial) by extension 'ignore'
[3.761s] Level 1:colcon.colcon_core.package_identification:_identify(src/serial) by extension 'ignore_ament_install'
[3.761s] Level 1:colcon.colcon_core.package_identification:_identify(src/serial) by extensions ['colcon_pkg']
[3.761s] Level 1:colcon.colcon_core.package_identification:_identify(src/serial) by extension 'colcon_pkg'
[3.761s] Level 1:colcon.colcon_core.package_identification:_identify(src/serial) by extensions ['colcon_meta']
[3.761s] Level 1:colcon.colcon_core.package_identification:_identify(src/serial) by extension 'colcon_meta'
[3.761s] Level 1:colcon.colcon_core.package_identification:_identify(src/serial) by extensions ['ros']
[3.761s] Level 1:colcon.colcon_core.package_identification:_identify(src/serial) by extension 'ros'
[3.765s] DEBUG:colcon.colcon_core.package_identification:Package 'src/serial' with type 'ros.ament_cmake' and name 'serial'
[3.766s] Level 1:colcon.colcon_core.package_identification:_identify(src/serial_motor_demo) by extensions ['ignore', 'ignore_ament_install']
[3.766s] Level 1:colcon.colcon_core.package_identification:_identify(src/serial_motor_demo) by extension 'ignore'
[3.766s] Level 1:colcon.colcon_core.package_identification:_identify(src/serial_motor_demo) by extension 'ignore_ament_install'
[3.766s] Level 1:colcon.colcon_core.package_identification:_identify(src/serial_motor_demo) by extensions ['colcon_pkg']
[3.766s] Level 1:colcon.colcon_core.package_identification:_identify(src/serial_motor_demo) by extension 'colcon_pkg'
[3.766s] Level 1:colcon.colcon_core.package_identification:_identify(src/serial_motor_demo) by extensions ['colcon_meta']
[3.767s] Level 1:colcon.colcon_core.package_identification:_identify(src/serial_motor_demo) by extension 'colcon_meta'
[3.767s] Level 1:colcon.colcon_core.package_identification:_identify(src/serial_motor_demo) by extensions ['ros']
[3.767s] Level 1:colcon.colcon_core.package_identification:_identify(src/serial_motor_demo) by extension 'ros'
[3.767s] Level 1:colcon.colcon_core.package_identification:_identify(src/serial_motor_demo) by extensions ['cmake', 'python']
[3.767s] Level 1:colcon.colcon_core.package_identification:_identify(src/serial_motor_demo) by extension 'cmake'
[3.767s] Level 1:colcon.colcon_core.package_identification:_identify(src/serial_motor_demo) by extension 'python'
[3.767s] Level 1:colcon.colcon_core.package_identification:_identify(src/serial_motor_demo) by extensions ['python_setup_py']
[3.767s] Level 1:colcon.colcon_core.package_identification:_identify(src/serial_motor_demo) by extension 'python_setup_py'
[3.768s] Level 1:colcon.colcon_core.package_identification:_identify(src/serial_motor_demo/serial_motor_demo) by extensions ['ignore', 'ignore_ament_install']
[3.768s] Level 1:colcon.colcon_core.package_identification:_identify(src/serial_motor_demo/serial_motor_demo) by extension 'ignore'
[3.768s] Level 1:colcon.colcon_core.package_identification:_identify(src/serial_motor_demo/serial_motor_demo) by extension 'ignore_ament_install'
[3.768s] Level 1:colcon.colcon_core.package_identification:_identify(src/serial_motor_demo/serial_motor_demo) by extensions ['colcon_pkg']
[3.768s] Level 1:colcon.colcon_core.package_identification:_identify(src/serial_motor_demo/serial_motor_demo) by extension 'colcon_pkg'
[3.768s] Level 1:colcon.colcon_core.package_identification:_identify(src/serial_motor_demo/serial_motor_demo) by extensions ['colcon_meta']
[3.768s] Level 1:colcon.colcon_core.package_identification:_identify(src/serial_motor_demo/serial_motor_demo) by extension 'colcon_meta'
[3.768s] Level 1:colcon.colcon_core.package_identification:_identify(src/serial_motor_demo/serial_motor_demo) by extensions ['ros']
[3.768s] Level 1:colcon.colcon_core.package_identification:_identify(src/serial_motor_demo/serial_motor_demo) by extension 'ros'
[3.770s] DEBUG:colcon.colcon_core.package_identification:Package 'src/serial_motor_demo/serial_motor_demo' with type 'ros.ament_python' and name 'serial_motor_demo'
[3.770s] Level 1:colcon.colcon_core.package_identification:_identify(src/serial_motor_demo/serial_motor_demo_msgs) by extensions ['ignore', 'ignore_ament_install']
[3.771s] Level 1:colcon.colcon_core.package_identification:_identify(src/serial_motor_demo/serial_motor_demo_msgs) by extension 'ignore'
[3.771s] Level 1:colcon.colcon_core.package_identification:_identify(src/serial_motor_demo/serial_motor_demo_msgs) by extension 'ignore_ament_install'
[3.771s] Level 1:colcon.colcon_core.package_identification:_identify(src/serial_motor_demo/serial_motor_demo_msgs) by extensions ['colcon_pkg']
[3.771s] Level 1:colcon.colcon_core.package_identification:_identify(src/serial_motor_demo/serial_motor_demo_msgs) by extension 'colcon_pkg'
[3.771s] Level 1:colcon.colcon_core.package_identification:_identify(src/serial_motor_demo/serial_motor_demo_msgs) by extensions ['colcon_meta']
[3.771s] Level 1:colcon.colcon_core.package_identification:_identify(src/serial_motor_demo/serial_motor_demo_msgs) by extension 'colcon_meta'
[3.771s] Level 1:colcon.colcon_core.package_identification:_identify(src/serial_motor_demo/serial_motor_demo_msgs) by extensions ['ros']
[3.771s] Level 1:colcon.colcon_core.package_identification:_identify(src/serial_motor_demo/serial_motor_demo_msgs) by extension 'ros'
[3.773s] DEBUG:colcon.colcon_core.package_identification:Package 'src/serial_motor_demo/serial_motor_demo_msgs' with type 'ros.ament_cmake' and name 'serial_motor_demo_msgs'
[3.773s] Level 1:colcon.colcon_core.package_identification:_identify(src/sllidar_ros2) by extensions ['ignore', 'ignore_ament_install']
[3.773s] Level 1:colcon.colcon_core.package_identification:_identify(src/sllidar_ros2) by extension 'ignore'
[3.774s] Level 1:colcon.colcon_core.package_identification:_identify(src/sllidar_ros2) by extension 'ignore_ament_install'
[3.774s] Level 1:colcon.colcon_core.package_identification:_identify(src/sllidar_ros2) by extensions ['colcon_pkg']
[3.774s] Level 1:colcon.colcon_core.package_identification:_identify(src/sllidar_ros2) by extension 'colcon_pkg'
[3.774s] Level 1:colcon.colcon_core.package_identification:_identify(src/sllidar_ros2) by extensions ['colcon_meta']
[3.774s] Level 1:colcon.colcon_core.package_identification:_identify(src/sllidar_ros2) by extension 'colcon_meta'
[3.774s] Level 1:colcon.colcon_core.package_identification:_identify(src/sllidar_ros2) by extensions ['ros']
[3.774s] Level 1:colcon.colcon_core.package_identification:_identify(src/sllidar_ros2) by extension 'ros'
[3.778s] DEBUG:colcon.colcon_core.package_identification:Package 'src/sllidar_ros2' with type 'ros.ament_cmake' and name 'sllidar_ros2'
[3.779s] Level 1:colcon.colcon_core.package_identification:_identify(src/twist_stamper) by extensions ['ignore', 'ignore_ament_install']
[3.779s] Level 1:colcon.colcon_core.package_identification:_identify(src/twist_stamper) by extension 'ignore'
[3.780s] Level 1:colcon.colcon_core.package_identification:_identify(src/twist_stamper) by extension 'ignore_ament_install'
[3.780s] Level 1:colcon.colcon_core.package_identification:_identify(src/twist_stamper) by extensions ['colcon_pkg']
[3.780s] Level 1:colcon.colcon_core.package_identification:_identify(src/twist_stamper) by extension 'colcon_pkg'
[3.780s] Level 1:colcon.colcon_core.package_identification:_identify(src/twist_stamper) by extensions ['colcon_meta']
[3.780s] Level 1:colcon.colcon_core.package_identification:_identify(src/twist_stamper) by extension 'colcon_meta'
[3.780s] Level 1:colcon.colcon_core.package_identification:_identify(src/twist_stamper) by extensions ['ros']
[3.780s] Level 1:colcon.colcon_core.package_identification:_identify(src/twist_stamper) by extension 'ros'
[3.782s] DEBUG:colcon.colcon_core.package_identification:Package 'src/twist_stamper' with type 'ros.ament_python' and name 'twist_stamper'
[3.783s] Level 1:colcon.colcon_core.package_discovery:discover_packages(recursive) using defaults
[3.783s] Level 1:colcon.colcon_core.package_discovery:discover_packages(ignore) discover
[3.783s] Level 1:colcon.colcon_core.package_discovery:discover_packages(ignore) using defaults
[3.783s] Level 1:colcon.colcon_core.package_discovery:discover_packages(path) discover
[3.783s] Level 1:colcon.colcon_core.package_discovery:discover_packages(path) using defaults
[3.884s] Level 5:colcon.colcon_core.verb:set package 'diffdrive_arduino' build argument 'cmake_args' from command line to 'None'
[3.884s] Level 5:colcon.colcon_core.verb:set package 'diffdrive_arduino' build argument 'cmake_target' from command line to 'None'
[3.885s] Level 5:colcon.colcon_core.verb:set package 'diffdrive_arduino' build argument 'cmake_target_skip_unavailable' from command line to 'False'
[3.885s] Level 5:colcon.colcon_core.verb:set package 'diffdrive_arduino' build argument 'cmake_clean_cache' from command line to 'False'
[3.885s] Level 5:colcon.colcon_core.verb:set package 'diffdrive_arduino' build argument 'cmake_clean_first' from command line to 'False'
[3.885s] Level 5:colcon.colcon_core.verb:set package 'diffdrive_arduino' build argument 'cmake_force_configure' from command line to 'False'
[3.885s] Level 5:colcon.colcon_core.verb:set package 'diffdrive_arduino' build argument 'ament_cmake_args' from command line to 'None'
[3.885s] Level 5:colcon.colcon_core.verb:set package 'diffdrive_arduino' build argument 'catkin_cmake_args' from command line to 'None'
[3.885s] Level 5:colcon.colcon_core.verb:set package 'diffdrive_arduino' build argument 'catkin_skip_building_tests' from command line to 'False'
[3.885s] DEBUG:colcon.colcon_core.verb:Building package 'diffdrive_arduino' with the following arguments: {'ament_cmake_args': None, 'build_base': '/home/olympusolutions/senior_ws/build/diffdrive_arduino', 'catkin_cmake_args': None, 'catkin_skip_building_tests': False, 'cmake_args': None, 'cmake_clean_cache': False, 'cmake_clean_first': False, 'cmake_force_configure': False, 'cmake_target': None, 'cmake_target_skip_unavailable': False, 'install_base': '/home/olympusolutions/senior_ws/install/diffdrive_arduino', 'merge_install': False, 'path': '/home/olympusolutions/senior_ws/src/diffdrive_arduino', 'symlink_install': True, 'test_result_base': None}
[3.886s] Level 5:colcon.colcon_core.verb:set package 'extender_arduino' build argument 'cmake_args' from command line to 'None'
[3.886s] Level 5:colcon.colcon_core.verb:set package 'extender_arduino' build argument 'cmake_target' from command line to 'None'
[3.886s] Level 5:colcon.colcon_core.verb:set package 'extender_arduino' build argument 'cmake_target_skip_unavailable' from command line to 'False'
[3.886s] Level 5:colcon.colcon_core.verb:set package 'extender_arduino' build argument 'cmake_clean_cache' from command line to 'False'
[3.886s] Level 5:colcon.colcon_core.verb:set package 'extender_arduino' build argument 'cmake_clean_first' from command line to 'False'
[3.886s] Level 5:colcon.colcon_core.verb:set package 'extender_arduino' build argument 'cmake_force_configure' from command line to 'False'
[3.886s] Level 5:colcon.colcon_core.verb:set package 'extender_arduino' build argument 'ament_cmake_args' from command line to 'None'
[3.887s] Level 5:colcon.colcon_core.verb:set package 'extender_arduino' build argument 'catkin_cmake_args' from command line to 'None'
[3.887s] Level 5:colcon.colcon_core.verb:set package 'extender_arduino' build argument 'catkin_skip_building_tests' from command line to 'False'
[3.887s] DEBUG:colcon.colcon_core.verb:Building package 'extender_arduino' with the following arguments: {'ament_cmake_args': None, 'build_base': '/home/olympusolutions/senior_ws/build/extender_arduino', 'catkin_cmake_args': None, 'catkin_skip_building_tests': False, 'cmake_args': None, 'cmake_clean_cache': False, 'cmake_clean_first': False, 'cmake_force_configure': False, 'cmake_target': None, 'cmake_target_skip_unavailable': False, 'install_base': '/home/olympusolutions/senior_ws/install/extender_arduino', 'merge_install': False, 'path': '/home/olympusolutions/senior_ws/src/extender_arduino', 'symlink_install': True, 'test_result_base': None}
[3.888s] Level 5:colcon.colcon_core.verb:set package 'joy_tester' build argument 'cmake_args' from command line to 'None'
[3.889s] Level 5:colcon.colcon_core.verb:set package 'joy_tester' build argument 'cmake_target' from command line to 'None'
[3.889s] Level 5:colcon.colcon_core.verb:set package 'joy_tester' build argument 'cmake_target_skip_unavailable' from command line to 'False'
[3.889s] Level 5:colcon.colcon_core.verb:set package 'joy_tester' build argument 'cmake_clean_cache' from command line to 'False'
[3.889s] Level 5:colcon.colcon_core.verb:set package 'joy_tester' build argument 'cmake_clean_first' from command line to 'False'
[3.889s] Level 5:colcon.colcon_core.verb:set package 'joy_tester' build argument 'cmake_force_configure' from command line to 'False'
[3.889s] Level 5:colcon.colcon_core.verb:set package 'joy_tester' build argument 'ament_cmake_args' from command line to 'None'
[3.889s] Level 5:colcon.colcon_core.verb:set package 'joy_tester' build argument 'catkin_cmake_args' from command line to 'None'
[3.889s] Level 5:colcon.colcon_core.verb:set package 'joy_tester' build argument 'catkin_skip_building_tests' from command line to 'False'
[3.889s] DEBUG:colcon.colcon_core.verb:Building package 'joy_tester' with the following arguments: {'ament_cmake_args': None, 'build_base': '/home/olympusolutions/senior_ws/build/joy_tester', 'catkin_cmake_args': None, 'catkin_skip_building_tests': False, 'cmake_args': None, 'cmake_clean_cache': False, 'cmake_clean_first': False, 'cmake_force_configure': False, 'cmake_target': None, 'cmake_target_skip_unavailable': False, 'install_base': '/home/olympusolutions/senior_ws/install/joy_tester', 'merge_install': False, 'path': '/home/olympusolutions/senior_ws/src/joy_tester', 'symlink_install': True, 'test_result_base': None}
[3.891s] Level 5:colcon.colcon_core.verb:set package 'listener_package' build argument 'cmake_args' from command line to 'None'
[3.891s] Level 5:colcon.colcon_core.verb:set package 'listener_package' build argument 'cmake_target' from command line to 'None'
[3.891s] Level 5:colcon.colcon_core.verb:set package 'listener_package' build argument 'cmake_target_skip_unavailable' from command line to 'False'
[3.891s] Level 5:colcon.colcon_core.verb:set package 'listener_package' build argument 'cmake_clean_cache' from command line to 'False'
[3.891s] Level 5:colcon.colcon_core.verb:set package 'listener_package' build argument 'cmake_clean_first' from command line to 'False'
[3.891s] Level 5:colcon.colcon_core.verb:set package 'listener_package' build argument 'cmake_force_configure' from command line to 'False'
[3.891s] Level 5:colcon.colcon_core.verb:set package 'listener_package' build argument 'ament_cmake_args' from command line to 'None'
[3.891s] Level 5:colcon.colcon_core.verb:set package 'listener_package' build argument 'catkin_cmake_args' from command line to 'None'
[3.891s] Level 5:colcon.colcon_core.verb:set package 'listener_package' build argument 'catkin_skip_building_tests' from command line to 'False'
[3.891s] DEBUG:colcon.colcon_core.verb:Building package 'listener_package' with the following arguments: {'ament_cmake_args': None, 'build_base': '/home/olympusolutions/senior_ws/build/listener_package', 'catkin_cmake_args': None, 'catkin_skip_building_tests': False, 'cmake_args': None, 'cmake_clean_cache': False, 'cmake_clean_first': False, 'cmake_force_configure': False, 'cmake_target': None, 'cmake_target_skip_unavailable': False, 'install_base': '/home/olympusolutions/senior_ws/install/listener_package', 'merge_install': False, 'path': '/home/olympusolutions/senior_ws/src/riley_ws/src/listener_package', 'symlink_install': True, 'test_result_base': None}
[3.892s] Level 5:colcon.colcon_core.verb:set package 'minibot' build argument 'cmake_args' from command line to 'None'
[3.893s] Level 5:colcon.colcon_core.verb:set package 'minibot' build argument 'cmake_target' from command line to 'None'
[3.893s] Level 5:colcon.colcon_core.verb:set package 'minibot' build argument 'cmake_target_skip_unavailable' from command line to 'False'
[3.893s] Level 5:colcon.colcon_core.verb:set package 'minibot' build argument 'cmake_clean_cache' from command line to 'False'
[3.893s] Level 5:colcon.colcon_core.verb:set package 'minibot' build argument 'cmake_clean_first' from command line to 'False'
[3.893s] Level 5:colcon.colcon_core.verb:set package 'minibot' build argument 'cmake_force_configure' from command line to 'False'
[3.893s] Level 5:colcon.colcon_core.verb:set package 'minibot' build argument 'ament_cmake_args' from command line to 'None'
[3.893s] Level 5:colcon.colcon_core.verb:set package 'minibot' build argument 'catkin_cmake_args' from command line to 'None'
[3.893s] Level 5:colcon.colcon_core.verb:set package 'minibot' build argument 'catkin_skip_building_tests' from command line to 'False'
[3.893s] DEBUG:colcon.colcon_core.verb:Building package 'minibot' with the following arguments: {'ament_cmake_args': None, 'build_base': '/home/olympusolutions/senior_ws/build/minibot', 'catkin_cmake_args': None, 'catkin_skip_building_tests': False, 'cmake_args': None, 'cmake_clean_cache': False, 'cmake_clean_first': False, 'cmake_force_configure': False, 'cmake_target': None, 'cmake_target_skip_unavailable': False, 'install_base': '/home/olympusolutions/senior_ws/install/minibot', 'merge_install': False, 'path': '/home/olympusolutions/senior_ws/src/minibot', 'symlink_install': True, 'test_result_base': None}
[3.895s] Level 5:colcon.colcon_core.verb:set package 'my_package' build argument 'cmake_args' from command line to 'None'
[3.895s] Level 5:colcon.colcon_core.verb:set package 'my_package' build argument 'cmake_target' from command line to 'None'
[3.895s] Level 5:colcon.colcon_core.verb:set package 'my_package' build argument 'cmake_target_skip_unavailable' from command line to 'False'
[3.895s] Level 5:colcon.colcon_core.verb:set package 'my_package' build argument 'cmake_clean_cache' from command line to 'False'
[3.895s] Level 5:colcon.colcon_core.verb:set package 'my_package' build argument 'cmake_clean_first' from command line to 'False'
[3.895s] Level 5:colcon.colcon_core.verb:set package 'my_package' build argument 'cmake_force_configure' from command line to 'False'
[3.895s] Level 5:colcon.colcon_core.verb:set package 'my_package' build argument 'ament_cmake_args' from command line to 'None'
[3.895s] Level 5:colcon.colcon_core.verb:set package 'my_package' build argument 'catkin_cmake_args' from command line to 'None'
[3.895s] Level 5:colcon.colcon_core.verb:set package 'my_package' build argument 'catkin_skip_building_tests' from command line to 'False'
[3.895s] DEBUG:colcon.colcon_core.verb:Building package 'my_package' with the following arguments: {'ament_cmake_args': None, 'build_base': '/home/olympusolutions/senior_ws/build/my_package', 'catkin_cmake_args': None, 'catkin_skip_building_tests': False, 'cmake_args': None, 'cmake_clean_cache': False, 'cmake_clean_first': False, 'cmake_force_configure': False, 'cmake_target': None, 'cmake_target_skip_unavailable': False, 'install_base': '/home/olympusolutions/senior_ws/install/my_package', 'merge_install': False, 'path': '/home/olympusolutions/senior_ws/src/riley_ws/src/my_package', 'symlink_install': True, 'test_result_base': None}
[3.896s] Level 5:colcon.colcon_core.verb:set package 'serial' build argument 'cmake_args' from command line to 'None'
[3.896s] Level 5:colcon.colcon_core.verb:set package 'serial' build argument 'cmake_target' from command line to 'None'
[3.896s] Level 5:colcon.colcon_core.verb:set package 'serial' build argument 'cmake_target_skip_unavailable' from command line to 'False'
[3.896s] Level 5:colcon.colcon_core.verb:set package 'serial' build argument 'cmake_clean_cache' from command line to 'False'
[3.896s] Level 5:colcon.colcon_core.verb:set package 'serial' build argument 'cmake_clean_first' from command line to 'False'
[3.897s] Level 5:colcon.colcon_core.verb:set package 'serial' build argument 'cmake_force_configure' from command line to 'False'
[3.897s] Level 5:colcon.colcon_core.verb:set package 'serial' build argument 'ament_cmake_args' from command line to 'None'
[3.897s] Level 5:colcon.colcon_core.verb:set package 'serial' build argument 'catkin_cmake_args' from command line to 'None'
[3.897s] Level 5:colcon.colcon_core.verb:set package 'serial' build argument 'catkin_skip_building_tests' from command line to 'False'
[3.897s] DEBUG:colcon.colcon_core.verb:Building package 'serial' with the following arguments: {'ament_cmake_args': None, 'build_base': '/home/olympusolutions/senior_ws/build/serial', 'catkin_cmake_args': None, 'catkin_skip_building_tests': False, 'cmake_args': None, 'cmake_clean_cache': False, 'cmake_clean_first': False, 'cmake_force_configure': False, 'cmake_target': None, 'cmake_target_skip_unavailable': False, 'install_base': '/home/olympusolutions/senior_ws/install/serial', 'merge_install': False, 'path': '/home/olympusolutions/senior_ws/src/serial', 'symlink_install': True, 'test_result_base': None}
[3.898s] Level 5:colcon.colcon_core.verb:set package 'serial_motor_demo_msgs' build argument 'cmake_args' from command line to 'None'
[3.898s] Level 5:colcon.colcon_core.verb:set package 'serial_motor_demo_msgs' build argument 'cmake_target' from command line to 'None'
[3.898s] Level 5:colcon.colcon_core.verb:set package 'serial_motor_demo_msgs' build argument 'cmake_target_skip_unavailable' from command line to 'False'
[3.898s] Level 5:colcon.colcon_core.verb:set package 'serial_motor_demo_msgs' build argument 'cmake_clean_cache' from command line to 'False'
[3.898s] Level 5:colcon.colcon_core.verb:set package 'serial_motor_demo_msgs' build argument 'cmake_clean_first' from command line to 'False'
[3.898s] Level 5:colcon.colcon_core.verb:set package 'serial_motor_demo_msgs' build argument 'cmake_force_configure' from command line to 'False'
[3.898s] Level 5:colcon.colcon_core.verb:set package 'serial_motor_demo_msgs' build argument 'ament_cmake_args' from command line to 'None'
[3.898s] Level 5:colcon.colcon_core.verb:set package 'serial_motor_demo_msgs' build argument 'catkin_cmake_args' from command line to 'None'
[3.898s] Level 5:colcon.colcon_core.verb:set package 'serial_motor_demo_msgs' build argument 'catkin_skip_building_tests' from command line to 'False'
[3.898s] DEBUG:colcon.colcon_core.verb:Building package 'serial_motor_demo_msgs' with the following arguments: {'ament_cmake_args': None, 'build_base': '/home/olympusolutions/senior_ws/build/serial_motor_demo_msgs', 'catkin_cmake_args': None, 'catkin_skip_building_tests': False, 'cmake_args': None, 'cmake_clean_cache': False, 'cmake_clean_first': False, 'cmake_force_configure': False, 'cmake_target': None, 'cmake_target_skip_unavailable': False, 'install_base': '/home/olympusolutions/senior_ws/install/serial_motor_demo_msgs', 'merge_install': False, 'path': '/home/olympusolutions/senior_ws/src/serial_motor_demo/serial_motor_demo_msgs', 'symlink_install': True, 'test_result_base': None}
[3.899s] Level 5:colcon.colcon_core.verb:set package 'sllidar_ros2' build argument 'cmake_args' from command line to 'None'
[3.899s] Level 5:colcon.colcon_core.verb:set package 'sllidar_ros2' build argument 'cmake_target' from command line to 'None'
[3.899s] Level 5:colcon.colcon_core.verb:set package 'sllidar_ros2' build argument 'cmake_target_skip_unavailable' from command line to 'False'
[3.899s] Level 5:colcon.colcon_core.verb:set package 'sllidar_ros2' build argument 'cmake_clean_cache' from command line to 'False'
[3.899s] Level 5:colcon.colcon_core.verb:set package 'sllidar_ros2' build argument 'cmake_clean_first' from command line to 'False'
[3.899s] Level 5:colcon.colcon_core.verb:set package 'sllidar_ros2' build argument 'cmake_force_configure' from command line to 'False'
[3.899s] Level 5:colcon.colcon_core.verb:set package 'sllidar_ros2' build argument 'ament_cmake_args' from command line to 'None'
[3.899s] Level 5:colcon.colcon_core.verb:set package 'sllidar_ros2' build argument 'catkin_cmake_args' from command line to 'None'
[3.899s] Level 5:colcon.colcon_core.verb:set package 'sllidar_ros2' build argument 'catkin_skip_building_tests' from command line to 'False'
[3.900s] DEBUG:colcon.colcon_core.verb:Building package 'sllidar_ros2' with the following arguments: {'ament_cmake_args': None, 'build_base': '/home/olympusolutions/senior_ws/build/sllidar_ros2', 'catkin_cmake_args': None, 'catkin_skip_building_tests': False, 'cmake_args': None, 'cmake_clean_cache': False, 'cmake_clean_first': False, 'cmake_force_configure': False, 'cmake_target': None, 'cmake_target_skip_unavailable': False, 'install_base': '/home/olympusolutions/senior_ws/install/sllidar_ros2', 'merge_install': False, 'path': '/home/olympusolutions/senior_ws/src/sllidar_ros2', 'symlink_install': True, 'test_result_base': None}
[3.900s] Level 5:colcon.colcon_core.verb:set package 'twist_stamper' build argument 'cmake_args' from command line to 'None'
[3.901s] Level 5:colcon.colcon_core.verb:set package 'twist_stamper' build argument 'cmake_target' from command line to 'None'
[3.901s] Level 5:colcon.colcon_core.verb:set package 'twist_stamper' build argument 'cmake_target_skip_unavailable' from command line to 'False'
[3.901s] Level 5:colcon.colcon_core.verb:set package 'twist_stamper' build argument 'cmake_clean_cache' from command line to 'False'
[3.901s] Level 5:colcon.colcon_core.verb:set package 'twist_stamper' build argument 'cmake_clean_first' from command line to 'False'
[3.901s] Level 5:colcon.colcon_core.verb:set package 'twist_stamper' build argument 'cmake_force_configure' from command line to 'False'
[3.901s] Level 5:colcon.colcon_core.verb:set package 'twist_stamper' build argument 'ament_cmake_args' from command line to 'None'
[3.901s] Level 5:colcon.colcon_core.verb:set package 'twist_stamper' build argument 'catkin_cmake_args' from command line to 'None'
[3.901s] Level 5:colcon.colcon_core.verb:set package 'twist_stamper' build argument 'catkin_skip_building_tests' from command line to 'False'
[3.901s] DEBUG:colcon.colcon_core.verb:Building package 'twist_stamper' with the following arguments: {'ament_cmake_args': None, 'build_base': '/home/olympusolutions/senior_ws/build/twist_stamper', 'catkin_cmake_args': None, 'catkin_skip_building_tests': False, 'cmake_args': None, 'cmake_clean_cache': False, 'cmake_clean_first': False, 'cmake_force_configure': False, 'cmake_target': None, 'cmake_target_skip_unavailable': False, 'install_base': '/home/olympusolutions/senior_ws/install/twist_stamper', 'merge_install': False, 'path': '/home/olympusolutions/senior_ws/src/twist_stamper', 'symlink_install': True, 'test_result_base': None}
[3.902s] Level 5:colcon.colcon_core.verb:set package 'serial_motor_demo' build argument 'cmake_args' from command line to 'None'
[3.902s] Level 5:colcon.colcon_core.verb:set package 'serial_motor_demo' build argument 'cmake_target' from command line to 'None'
[3.902s] Level 5:colcon.colcon_core.verb:set package 'serial_motor_demo' build argument 'cmake_target_skip_unavailable' from command line to 'False'
[3.902s] Level 5:colcon.colcon_core.verb:set package 'serial_motor_demo' build argument 'cmake_clean_cache' from command line to 'False'
[3.902s] Level 5:colcon.colcon_core.verb:set package 'serial_motor_demo' build argument 'cmake_clean_first' from command line to 'False'
[3.902s] Level 5:colcon.colcon_core.verb:set package 'serial_motor_demo' build argument 'cmake_force_configure' from command line to 'False'
[3.902s] Level 5:colcon.colcon_core.verb:set package 'serial_motor_demo' build argument 'ament_cmake_args' from command line to 'None'
[3.902s] Level 5:colcon.colcon_core.verb:set package 'serial_motor_demo' build argument 'catkin_cmake_args' from command line to 'None'
[3.902s] Level 5:colcon.colcon_core.verb:set package 'serial_motor_demo' build argument 'catkin_skip_building_tests' from command line to 'False'
[3.903s] DEBUG:colcon.colcon_core.verb:Building package 'serial_motor_demo' with the following arguments: {'ament_cmake_args': None, 'build_base': '/home/olympusolutions/senior_ws/build/serial_motor_demo', 'catkin_cmake_args': None, 'catkin_skip_building_tests': False, 'cmake_args': None, 'cmake_clean_cache': False, 'cmake_clean_first': False, 'cmake_force_configure': False, 'cmake_target': None, 'cmake_target_skip_unavailable': False, 'install_base': '/home/olympusolutions/senior_ws/install/serial_motor_demo', 'merge_install': False, 'path': '/home/olympusolutions/senior_ws/src/serial_motor_demo/serial_motor_demo', 'symlink_install': True, 'test_result_base': None}
[3.903s] INFO:colcon.colcon_core.executor:Executing jobs using 'parallel' executor
[3.906s] DEBUG:colcon.colcon_parallel_executor.executor.parallel:run_until_complete
[3.907s] INFO:colcon.colcon_ros.task.ament_cmake.build:Building ROS package in '/home/olympusolutions/senior_ws/src/serial_motor_demo/serial_motor_demo_msgs' with build type 'ament_cmake'
[3.907s] INFO:colcon.colcon_cmake.task.cmake.build:Building CMake package in '/home/olympusolutions/senior_ws/src/serial_motor_demo/serial_motor_demo_msgs'
[3.927s] INFO:colcon.colcon_core.plugin_system:Skipping extension 'colcon_core.shell.bat': Not used on non-Windows systems
[3.929s] INFO:colcon.colcon_core.shell:Skip shell extension 'powershell' for command environment: Not usable outside of PowerShell
[3.929s] DEBUG:colcon.colcon_core.shell:Skip shell extension 'dsv' for command environment
[3.962s] INFO:colcon.colcon_ros.task.ament_cmake.build:Building ROS package in '/home/olympusolutions/senior_ws/src/diffdrive_arduino' with build type 'ament_cmake'
[3.963s] INFO:colcon.colcon_cmake.task.cmake.build:Building CMake package in '/home/olympusolutions/senior_ws/src/diffdrive_arduino'
[3.963s] INFO:colcon.colcon_core.shell:Skip shell extension 'powershell' for command environment: Not usable outside of PowerShell
[3.963s] DEBUG:colcon.colcon_core.shell:Skip shell extension 'dsv' for command environment
[3.975s] INFO:colcon.colcon_ros.task.ament_cmake.build:Building ROS package in '/home/olympusolutions/senior_ws/src/extender_arduino' with build type 'ament_cmake'
[3.975s] INFO:colcon.colcon_cmake.task.cmake.build:Building CMake package in '/home/olympusolutions/senior_ws/src/extender_arduino'
[3.977s] INFO:colcon.colcon_core.shell:Skip shell extension 'powershell' for command environment: Not usable outside of PowerShell
[3.977s] DEBUG:colcon.colcon_core.shell:Skip shell extension 'dsv' for command environment
[3.987s] INFO:colcon.colcon_ros.task.ament_python.build:Building ROS package in '/home/olympusolutions/senior_ws/src/joy_tester' with build type 'ament_python'
[3.987s] Level 1:colcon.colcon_core.shell:create_environment_hook('joy_tester', 'ament_prefix_path')
[3.989s] INFO:colcon.colcon_core.shell:Creating environment hook '/home/olympusolutions/senior_ws/install/joy_tester/share/joy_tester/hook/ament_prefix_path.ps1'
[3.994s] INFO:colcon.colcon_core.shell:Creating environment descriptor '/home/olympusolutions/senior_ws/install/joy_tester/share/joy_tester/hook/ament_prefix_path.dsv'
[4.007s] INFO:colcon.colcon_core.shell:Creating environment hook '/home/olympusolutions/senior_ws/install/joy_tester/share/joy_tester/hook/ament_prefix_path.sh'
[4.013s] INFO:colcon.colcon_core.shell:Skip shell extension 'powershell' for command environment: Not usable outside of PowerShell
[4.013s] DEBUG:colcon.colcon_core.shell:Skip shell extension 'dsv' for command environment
[4.051s] DEBUG:colcon.colcon_core.event_handler.log_command:Invoking command in '/home/olympusolutions/senior_ws/build/serial_motor_demo_msgs': CMAKE_PREFIX_PATH=${CMAKE_PREFIX_PATH}:/opt/ros/jazzy DEBUGINFOD_URLS=https://debuginfod.ubuntu.com /usr/bin/cmake --build /home/olympusolutions/senior_ws/build/serial_motor_demo_msgs -- -j4 -l4
[4.086s] DEBUG:colcon.colcon_core.event_handler.log_command:Invoking command in '/home/olympusolutions/senior_ws/build/diffdrive_arduino': CMAKE_PREFIX_PATH=${CMAKE_PREFIX_PATH}:/opt/ros/jazzy DEBUGINFOD_URLS=https://debuginfod.ubuntu.com /usr/bin/cmake --build /home/olympusolutions/senior_ws/build/diffdrive_arduino -- -j4 -l4
[4.105s] DEBUG:colcon.colcon_core.event_handler.log_command:Invoking command in '/home/olympusolutions/senior_ws/build/extender_arduino': CMAKE_PREFIX_PATH=${CMAKE_PREFIX_PATH}:/opt/ros/jazzy DEBUGINFOD_URLS=https://debuginfod.ubuntu.com /usr/bin/cmake --build /home/olympusolutions/senior_ws/build/extender_arduino -- -j4 -l4
[5.302s] INFO:colcon.colcon_core.task.python.build:Building Python package in '/home/olympusolutions/senior_ws/src/joy_tester'
[5.303s] INFO:colcon.colcon_core.shell:Skip shell extension 'powershell' for command environment: Not usable outside of PowerShell
[5.303s] DEBUG:colcon.colcon_core.shell:Skip shell extension 'dsv' for command environment
[5.318s] DEBUG:colcon.colcon_core.event_handler.log_command:Invoked command in '/home/olympusolutions/senior_ws/build/diffdrive_arduino' returned '0': CMAKE_PREFIX_PATH=${CMAKE_PREFIX_PATH}:/opt/ros/jazzy DEBUGINFOD_URLS=https://debuginfod.ubuntu.com /usr/bin/cmake --build /home/olympusolutions/senior_ws/build/diffdrive_arduino -- -j4 -l4
[5.355s] DEBUG:colcon.colcon_core.event_handler.log_command:Invoking command in '/home/olympusolutions/senior_ws/build/diffdrive_arduino': CMAKE_PREFIX_PATH=${CMAKE_PREFIX_PATH}:/opt/ros/jazzy DEBUGINFOD_URLS=https://debuginfod.ubuntu.com /usr/bin/cmake --install /home/olympusolutions/senior_ws/build/diffdrive_arduino
[5.359s] DEBUG:colcon.colcon_core.event_handler.log_command:Invoked command in '/home/olympusolutions/senior_ws/build/extender_arduino' returned '0': CMAKE_PREFIX_PATH=${CMAKE_PREFIX_PATH}:/opt/ros/jazzy DEBUGINFOD_URLS=https://debuginfod.ubuntu.com /usr/bin/cmake --build /home/olympusolutions/senior_ws/build/extender_arduino -- -j4 -l4
[5.366s] DEBUG:colcon.colcon_core.event_handler.log_command:Invoking command in '/home/olympusolutions/senior_ws/build/extender_arduino': CMAKE_PREFIX_PATH=${CMAKE_PREFIX_PATH}:/opt/ros/jazzy DEBUGINFOD_URLS=https://debuginfod.ubuntu.com /usr/bin/cmake --install /home/olympusolutions/senior_ws/build/extender_arduino
[5.521s] Level 1:colcon.colcon_core.environment:create_environment_scripts_only(diffdrive_arduino)
[5.523s] DEBUG:colcon.colcon_core.event_handler.log_command:Invoked command in '/home/olympusolutions/senior_ws/build/diffdrive_arduino' returned '0': CMAKE_PREFIX_PATH=${CMAKE_PREFIX_PATH}:/opt/ros/jazzy DEBUGINFOD_URLS=https://debuginfod.ubuntu.com /usr/bin/cmake --install /home/olympusolutions/senior_ws/build/diffdrive_arduino
[5.548s] Level 1:colcon.colcon_core.environment:checking '/home/olympusolutions/senior_ws/install/diffdrive_arduino' for CMake module files
[5.553s] Level 1:colcon.colcon_core.environment:checking '/home/olympusolutions/senior_ws/install/diffdrive_arduino' for CMake config files
[5.560s] Level 1:colcon.colcon_core.shell:create_environment_hook('diffdrive_arduino', 'cmake_prefix_path')
[5.560s] INFO:colcon.colcon_core.shell:Creating environment hook '/home/olympusolutions/senior_ws/install/diffdrive_arduino/share/diffdrive_arduino/hook/cmake_prefix_path.ps1'
[5.562s] INFO:colcon.colcon_core.shell:Creating environment descriptor '/home/olympusolutions/senior_ws/install/diffdrive_arduino/share/diffdrive_arduino/hook/cmake_prefix_path.dsv'
[5.563s] INFO:colcon.colcon_core.shell:Creating environment hook '/home/olympusolutions/senior_ws/install/diffdrive_arduino/share/diffdrive_arduino/hook/cmake_prefix_path.sh'
[5.567s] Level 1:colcon.colcon_core.environment:checking '/home/olympusolutions/senior_ws/install/diffdrive_arduino/lib'
[5.568s] Level 1:colcon.colcon_core.shell:create_environment_hook('diffdrive_arduino', 'ld_library_path_lib')
[5.568s] INFO:colcon.colcon_core.shell:Creating environment hook '/home/olympusolutions/senior_ws/install/diffdrive_arduino/share/diffdrive_arduino/hook/ld_library_path_lib.ps1'
[5.569s] INFO:colcon.colcon_core.shell:Creating environment descriptor '/home/olympusolutions/senior_ws/install/diffdrive_arduino/share/diffdrive_arduino/hook/ld_library_path_lib.dsv'
[5.572s] INFO:colcon.colcon_core.shell:Creating environment hook '/home/olympusolutions/senior_ws/install/diffdrive_arduino/share/diffdrive_arduino/hook/ld_library_path_lib.sh'
[5.573s] Level 1:colcon.colcon_core.environment:checking '/home/olympusolutions/senior_ws/install/diffdrive_arduino/bin'
[5.573s] Level 1:colcon.colcon_core.environment:checking '/home/olympusolutions/senior_ws/install/diffdrive_arduino/lib/pkgconfig/diffdrive_arduino.pc'
[5.574s] Level 1:colcon.colcon_core.environment:checking '/home/olympusolutions/senior_ws/install/diffdrive_arduino/lib/python3.12/site-packages'
[5.574s] Level 1:colcon.colcon_core.environment:checking '/home/olympusolutions/senior_ws/install/diffdrive_arduino/bin'
[5.575s] INFO:colcon.colcon_core.shell:Creating package script '/home/olympusolutions/senior_ws/install/diffdrive_arduino/share/diffdrive_arduino/package.ps1'
[5.582s] INFO:colcon.colcon_core.shell:Creating package descriptor '/home/olympusolutions/senior_ws/install/diffdrive_arduino/share/diffdrive_arduino/package.dsv'
[5.586s] INFO:colcon.colcon_core.shell:Creating package script '/home/olympusolutions/senior_ws/install/diffdrive_arduino/share/diffdrive_arduino/package.sh'
[5.590s] INFO:colcon.colcon_core.shell:Creating package script '/home/olympusolutions/senior_ws/install/diffdrive_arduino/share/diffdrive_arduino/package.bash'
[5.599s] INFO:colcon.colcon_core.shell:Creating package script '/home/olympusolutions/senior_ws/install/diffdrive_arduino/share/diffdrive_arduino/package.zsh'
[5.605s] Level 1:colcon.colcon_core.environment:create_file_with_runtime_dependencies(/home/olympusolutions/senior_ws/install/diffdrive_arduino/share/colcon-core/packages/diffdrive_arduino)
[5.608s] Level 1:colcon.colcon_core.environment:create_environment_scripts_only(diffdrive_arduino)
[5.609s] Level 1:colcon.colcon_core.environment:checking '/home/olympusolutions/senior_ws/install/diffdrive_arduino' for CMake module files
[5.611s] Level 1:colcon.colcon_core.environment:checking '/home/olympusolutions/senior_ws/install/diffdrive_arduino' for CMake config files
[5.612s] Level 1:colcon.colcon_core.shell:create_environment_hook('diffdrive_arduino', 'cmake_prefix_path')
[5.613s] INFO:colcon.colcon_core.shell:Creating environment hook '/home/olympusolutions/senior_ws/install/diffdrive_arduino/share/diffdrive_arduino/hook/cmake_prefix_path.ps1'
[5.614s] INFO:colcon.colcon_core.shell:Creating environment descriptor '/home/olympusolutions/senior_ws/install/diffdrive_arduino/share/diffdrive_arduino/hook/cmake_prefix_path.dsv'
[5.615s] INFO:colcon.colcon_core.shell:Creating environment hook '/home/olympusolutions/senior_ws/install/diffdrive_arduino/share/diffdrive_arduino/hook/cmake_prefix_path.sh'
[5.617s] Level 1:colcon.colcon_core.environment:checking '/home/olympusolutions/senior_ws/install/diffdrive_arduino/lib'
[5.618s] Level 1:colcon.colcon_core.shell:create_environment_hook('diffdrive_arduino', 'ld_library_path_lib')
[5.619s] INFO:colcon.colcon_core.shell:Creating environment hook '/home/olympusolutions/senior_ws/install/diffdrive_arduino/share/diffdrive_arduino/hook/ld_library_path_lib.ps1'
[5.620s] INFO:colcon.colcon_core.shell:Creating environment descriptor '/home/olympusolutions/senior_ws/install/diffdrive_arduino/share/diffdrive_arduino/hook/ld_library_path_lib.dsv'
[5.623s] INFO:colcon.colcon_core.shell:Creating environment hook '/home/olympusolutions/senior_ws/install/diffdrive_arduino/share/diffdrive_arduino/hook/ld_library_path_lib.sh'
[5.625s] Level 1:colcon.colcon_core.environment:checking '/home/olympusolutions/senior_ws/install/diffdrive_arduino/bin'
[5.626s] Level 1:colcon.colcon_core.environment:checking '/home/olympusolutions/senior_ws/install/diffdrive_arduino/lib/pkgconfig/diffdrive_arduino.pc'
[5.626s] Level 1:colcon.colcon_core.environment:checking '/home/olympusolutions/senior_ws/install/diffdrive_arduino/lib/python3.12/site-packages'
[5.627s] Level 1:colcon.colcon_core.environment:checking '/home/olympusolutions/senior_ws/install/diffdrive_arduino/bin'
[5.633s] INFO:colcon.colcon_core.shell:Creating package script '/home/olympusolutions/senior_ws/install/diffdrive_arduino/share/diffdrive_arduino/package.ps1'
[5.646s] INFO:colcon.colcon_core.shell:Creating package descriptor '/home/olympusolutions/senior_ws/install/diffdrive_arduino/share/diffdrive_arduino/package.dsv'
[5.647s] INFO:colcon.colcon_core.shell:Creating package script '/home/olympusolutions/senior_ws/install/diffdrive_arduino/share/diffdrive_arduino/package.sh'
[5.653s] INFO:colcon.colcon_core.shell:Creating package script '/home/olympusolutions/senior_ws/install/diffdrive_arduino/share/diffdrive_arduino/package.bash'
[5.657s] INFO:colcon.colcon_core.shell:Creating package script '/home/olympusolutions/senior_ws/install/diffdrive_arduino/share/diffdrive_arduino/package.zsh'
[5.658s] Level 1:colcon.colcon_core.environment:create_file_with_runtime_dependencies(/home/olympusolutions/senior_ws/install/diffdrive_arduino/share/colcon-core/packages/diffdrive_arduino)
[5.661s] INFO:colcon.colcon_ros.task.ament_python.build:Building ROS package in '/home/olympusolutions/senior_ws/src/riley_ws/src/listener_package' with build type 'ament_python'
[5.661s] Level 1:colcon.colcon_core.shell:create_environment_hook('listener_package', 'ament_prefix_path')
[5.662s] INFO:colcon.colcon_core.shell:Creating environment hook '/home/olympusolutions/senior_ws/install/listener_package/share/listener_package/hook/ament_prefix_path.ps1'
[5.663s] INFO:colcon.colcon_core.shell:Creating environment descriptor '/home/olympusolutions/senior_ws/install/listener_package/share/listener_package/hook/ament_prefix_path.dsv'
[5.671s] INFO:colcon.colcon_core.shell:Creating environment hook '/home/olympusolutions/senior_ws/install/listener_package/share/listener_package/hook/ament_prefix_path.sh'
[5.675s] INFO:colcon.colcon_core.shell:Skip shell extension 'powershell' for command environment: Not usable outside of PowerShell
[5.676s] DEBUG:colcon.colcon_core.shell:Skip shell extension 'dsv' for command environment
[5.694s] Level 1:colcon.colcon_core.environment:create_environment_scripts_only(extender_arduino)
[5.698s] Level 1:colcon.colcon_core.environment:checking '/home/olympusolutions/senior_ws/install/extender_arduino' for CMake module files
[5.698s] DEBUG:colcon.colcon_core.event_handler.log_command:Invoked command in '/home/olympusolutions/senior_ws/build/extender_arduino' returned '0': CMAKE_PREFIX_PATH=${CMAKE_PREFIX_PATH}:/opt/ros/jazzy DEBUGINFOD_URLS=https://debuginfod.ubuntu.com /usr/bin/cmake --install /home/olympusolutions/senior_ws/build/extender_arduino
[5.713s] Level 1:colcon.colcon_core.environment:checking '/home/olympusolutions/senior_ws/install/extender_arduino' for CMake config files
[5.720s] Level 1:colcon.colcon_core.shell:create_environment_hook('extender_arduino', 'cmake_prefix_path')
[5.721s] INFO:colcon.colcon_core.shell:Creating environment hook '/home/olympusolutions/senior_ws/install/extender_arduino/share/extender_arduino/hook/cmake_prefix_path.ps1'
[5.729s] INFO:colcon.colcon_core.shell:Creating environment descriptor '/home/olympusolutions/senior_ws/install/extender_arduino/share/extender_arduino/hook/cmake_prefix_path.dsv'
[5.731s] INFO:colcon.colcon_core.shell:Creating environment hook '/home/olympusolutions/senior_ws/install/extender_arduino/share/extender_arduino/hook/cmake_prefix_path.sh'
[5.737s] Level 1:colcon.colcon_core.environment:checking '/home/olympusolutions/senior_ws/install/extender_arduino/lib'
[5.739s] Level 1:colcon.colcon_core.shell:create_environment_hook('extender_arduino', 'ld_library_path_lib')
[5.740s] INFO:colcon.colcon_core.shell:Creating environment hook '/home/olympusolutions/senior_ws/install/extender_arduino/share/extender_arduino/hook/ld_library_path_lib.ps1'
[5.744s] INFO:colcon.colcon_core.shell:Creating environment descriptor '/home/olympusolutions/senior_ws/install/extender_arduino/share/extender_arduino/hook/ld_library_path_lib.dsv'
[5.750s] INFO:colcon.colcon_core.shell:Creating environment hook '/home/olympusolutions/senior_ws/install/extender_arduino/share/extender_arduino/hook/ld_library_path_lib.sh'
[5.751s] Level 1:colcon.colcon_core.environment:checking '/home/olympusolutions/senior_ws/install/extender_arduino/bin'
[5.751s] Level 1:colcon.colcon_core.environment:checking '/home/olympusolutions/senior_ws/install/extender_arduino/lib/pkgconfig/extender_arduino.pc'
[5.756s] Level 1:colcon.colcon_core.environment:checking '/home/olympusolutions/senior_ws/install/extender_arduino/lib/python3.12/site-packages'
[5.757s] Level 1:colcon.colcon_core.environment:checking '/home/olympusolutions/senior_ws/install/extender_arduino/bin'
[5.758s] INFO:colcon.colcon_core.shell:Creating package script '/home/olympusolutions/senior_ws/install/extender_arduino/share/extender_arduino/package.ps1'
[5.759s] INFO:colcon.colcon_core.shell:Creating package descriptor '/home/olympusolutions/senior_ws/install/extender_arduino/share/extender_arduino/package.dsv'
[5.765s] INFO:colcon.colcon_core.shell:Creating package script '/home/olympusolutions/senior_ws/install/extender_arduino/share/extender_arduino/package.sh'
[5.767s] INFO:colcon.colcon_core.shell:Creating package script '/home/olympusolutions/senior_ws/install/extender_arduino/share/extender_arduino/package.bash'
[5.779s] INFO:colcon.colcon_core.shell:Creating package script '/home/olympusolutions/senior_ws/install/extender_arduino/share/extender_arduino/package.zsh'
[5.782s] Level 1:colcon.colcon_core.environment:create_file_with_runtime_dependencies(/home/olympusolutions/senior_ws/install/extender_arduino/share/colcon-core/packages/extender_arduino)
[5.790s] Level 1:colcon.colcon_core.environment:create_environment_scripts_only(extender_arduino)
[5.791s] Level 1:colcon.colcon_core.environment:checking '/home/olympusolutions/senior_ws/install/extender_arduino' for CMake module files
[5.792s] Level 1:colcon.colcon_core.environment:checking '/home/olympusolutions/senior_ws/install/extender_arduino' for CMake config files
[5.793s] Level 1:colcon.colcon_core.shell:create_environment_hook('extender_arduino', 'cmake_prefix_path')
[5.796s] INFO:colcon.colcon_core.shell:Creating environment hook '/home/olympusolutions/senior_ws/install/extender_arduino/share/extender_arduino/hook/cmake_prefix_path.ps1'
[5.797s] INFO:colcon.colcon_core.shell:Creating environment descriptor '/home/olympusolutions/senior_ws/install/extender_arduino/share/extender_arduino/hook/cmake_prefix_path.dsv'
[5.801s] INFO:colcon.colcon_core.shell:Creating environment hook '/home/olympusolutions/senior_ws/install/extender_arduino/share/extender_arduino/hook/cmake_prefix_path.sh'
[5.807s] Level 1:colcon.colcon_core.environment:checking '/home/olympusolutions/senior_ws/install/extender_arduino/lib'
[5.807s] Level 1:colcon.colcon_core.shell:create_environment_hook('extender_arduino', 'ld_library_path_lib')
[5.807s] INFO:colcon.colcon_core.shell:Creating environment hook '/home/olympusolutions/senior_ws/install/extender_arduino/share/extender_arduino/hook/ld_library_path_lib.ps1'
[5.809s] INFO:colcon.colcon_core.shell:Creating environment descriptor '/home/olympusolutions/senior_ws/install/extender_arduino/share/extender_arduino/hook/ld_library_path_lib.dsv'
[5.811s] INFO:colcon.colcon_core.shell:Creating environment hook '/home/olympusolutions/senior_ws/install/extender_arduino/share/extender_arduino/hook/ld_library_path_lib.sh'
[5.813s] Level 1:colcon.colcon_core.environment:checking '/home/olympusolutions/senior_ws/install/extender_arduino/bin'
[5.813s] Level 1:colcon.colcon_core.environment:checking '/home/olympusolutions/senior_ws/install/extender_arduino/lib/pkgconfig/extender_arduino.pc'
[5.814s] Level 1:colcon.colcon_core.environment:checking '/home/olympusolutions/senior_ws/install/extender_arduino/lib/python3.12/site-packages'
[5.814s] Level 1:colcon.colcon_core.environment:checking '/home/olympusolutions/senior_ws/install/extender_arduino/bin'
[5.815s] INFO:colcon.colcon_core.shell:Creating package script '/home/olympusolutions/senior_ws/install/extender_arduino/share/extender_arduino/package.ps1'
[5.817s] INFO:colcon.colcon_core.shell:Creating package descriptor '/home/olympusolutions/senior_ws/install/extender_arduino/share/extender_arduino/package.dsv'
[5.824s] INFO:colcon.colcon_core.shell:Creating package script '/home/olympusolutions/senior_ws/install/extender_arduino/share/extender_arduino/package.sh'
[5.829s] INFO:colcon.colcon_core.shell:Creating package script '/home/olympusolutions/senior_ws/install/extender_arduino/share/extender_arduino/package.bash'
[5.839s] INFO:colcon.colcon_core.shell:Creating package script '/home/olympusolutions/senior_ws/install/extender_arduino/share/extender_arduino/package.zsh'
[5.843s] Level 1:colcon.colcon_core.environment:create_file_with_runtime_dependencies(/home/olympusolutions/senior_ws/install/extender_arduino/share/colcon-core/packages/extender_arduino)
[5.856s] INFO:colcon.colcon_ros.task.ament_cmake.build:Building ROS package in '/home/olympusolutions/senior_ws/src/minibot' with build type 'ament_cmake'
[5.856s] INFO:colcon.colcon_cmake.task.cmake.build:Building CMake package in '/home/olympusolutions/senior_ws/src/minibot'
[5.857s] INFO:colcon.colcon_core.shell:Skip shell extension 'powershell' for command environment: Not usable outside of PowerShell
[5.875s] DEBUG:colcon.colcon_core.shell:Skip shell extension 'dsv' for command environment
[6.710s] INFO:colcon.colcon_core.task.python.build:Building Python package in '/home/olympusolutions/senior_ws/src/riley_ws/src/listener_package'
[6.710s] INFO:colcon.colcon_core.shell:Skip shell extension 'powershell' for command environment: Not usable outside of PowerShell
[6.711s] DEBUG:colcon.colcon_core.shell:Skip shell extension 'dsv' for command environment
[6.752s] DEBUG:colcon.colcon_core.event_handler.log_command:Invoking command in '/home/olympusolutions/senior_ws/build/minibot': CMAKE_PREFIX_PATH=${CMAKE_PREFIX_PATH}:/opt/ros/jazzy DEBUGINFOD_URLS=https://debuginfod.ubuntu.com /usr/bin/cmake --build /home/olympusolutions/senior_ws/build/minibot -- -j4 -l4
[7.376s] DEBUG:colcon.colcon_core.event_handler.log_command:Invoked command in '/home/olympusolutions/senior_ws/build/minibot' returned '0': CMAKE_PREFIX_PATH=${CMAKE_PREFIX_PATH}:/opt/ros/jazzy DEBUGINFOD_URLS=https://debuginfod.ubuntu.com /usr/bin/cmake --build /home/olympusolutions/senior_ws/build/minibot -- -j4 -l4
[7.393s] DEBUG:colcon.colcon_core.event_handler.log_command:Invoking command in '/home/olympusolutions/senior_ws/build/minibot': CMAKE_PREFIX_PATH=${CMAKE_PREFIX_PATH}:/opt/ros/jazzy DEBUGINFOD_URLS=https://debuginfod.ubuntu.com /usr/bin/cmake --install /home/olympusolutions/senior_ws/build/minibot
[7.619s] Level 1:colcon.colcon_core.environment:create_environment_scripts_only(minibot)
[7.621s] Level 1:colcon.colcon_core.environment:checking '/home/olympusolutions/senior_ws/install/minibot' for CMake module files
[7.622s] Level 1:colcon.colcon_core.environment:checking '/home/olympusolutions/senior_ws/install/minibot' for CMake config files
[7.620s] DEBUG:colcon.colcon_core.event_handler.log_command:Invoked command in '/home/olympusolutions/senior_ws/build/minibot' returned '0': CMAKE_PREFIX_PATH=${CMAKE_PREFIX_PATH}:/opt/ros/jazzy DEBUGINFOD_URLS=https://debuginfod.ubuntu.com /usr/bin/cmake --install /home/olympusolutions/senior_ws/build/minibot
[7.626s] Level 1:colcon.colcon_core.shell:create_environment_hook('minibot', 'cmake_prefix_path')
[7.627s] INFO:colcon.colcon_core.shell:Creating environment hook '/home/olympusolutions/senior_ws/install/minibot/share/minibot/hook/cmake_prefix_path.ps1'
[7.631s] INFO:colcon.colcon_core.shell:Creating environment descriptor '/home/olympusolutions/senior_ws/install/minibot/share/minibot/hook/cmake_prefix_path.dsv'
[7.634s] INFO:colcon.colcon_core.shell:Creating environment hook '/home/olympusolutions/senior_ws/install/minibot/share/minibot/hook/cmake_prefix_path.sh'
[7.643s] Level 1:colcon.colcon_core.environment:checking '/home/olympusolutions/senior_ws/install/minibot/lib'
[7.644s] Level 1:colcon.colcon_core.environment:checking '/home/olympusolutions/senior_ws/install/minibot/bin'
[7.644s] Level 1:colcon.colcon_core.environment:checking '/home/olympusolutions/senior_ws/install/minibot/lib/pkgconfig/minibot.pc'
[7.647s] Level 1:colcon.colcon_core.environment:checking '/home/olympusolutions/senior_ws/install/minibot/lib/python3.12/site-packages'
[7.649s] Level 1:colcon.colcon_core.environment:checking '/home/olympusolutions/senior_ws/install/minibot/bin'
[7.649s] INFO:colcon.colcon_core.shell:Creating package script '/home/olympusolutions/senior_ws/install/minibot/share/minibot/package.ps1'
[7.651s] INFO:colcon.colcon_core.shell:Creating package descriptor '/home/olympusolutions/senior_ws/install/minibot/share/minibot/package.dsv'
[7.653s] INFO:colcon.colcon_core.shell:Creating package script '/home/olympusolutions/senior_ws/install/minibot/share/minibot/package.sh'
[7.655s] INFO:colcon.colcon_core.shell:Creating package script '/home/olympusolutions/senior_ws/install/minibot/share/minibot/package.bash'
[7.656s] INFO:colcon.colcon_core.shell:Creating package script '/home/olympusolutions/senior_ws/install/minibot/share/minibot/package.zsh'
[7.660s] Level 1:colcon.colcon_core.environment:create_file_with_runtime_dependencies(/home/olympusolutions/senior_ws/install/minibot/share/colcon-core/packages/minibot)
[7.663s] Level 1:colcon.colcon_core.environment:create_environment_scripts_only(minibot)
[7.663s] Level 1:colcon.colcon_core.environment:checking '/home/olympusolutions/senior_ws/install/minibot' for CMake module files
[7.664s] Level 1:colcon.colcon_core.environment:checking '/home/olympusolutions/senior_ws/install/minibot' for CMake config files
[7.665s] Level 1:colcon.colcon_core.shell:create_environment_hook('minibot', 'cmake_prefix_path')
[7.666s] INFO:colcon.colcon_core.shell:Creating environment hook '/home/olympusolutions/senior_ws/install/minibot/share/minibot/hook/cmake_prefix_path.ps1'
[7.671s] INFO:colcon.colcon_core.shell:Creating environment descriptor '/home/olympusolutions/senior_ws/install/minibot/share/minibot/hook/cmake_prefix_path.dsv'
[7.672s] INFO:colcon.colcon_core.shell:Creating environment hook '/home/olympusolutions/senior_ws/install/minibot/share/minibot/hook/cmake_prefix_path.sh'
[7.676s] Level 1:colcon.colcon_core.environment:checking '/home/olympusolutions/senior_ws/install/minibot/lib'
[7.676s] Level 1:colcon.colcon_core.environment:checking '/home/olympusolutions/senior_ws/install/minibot/bin'
[7.677s] Level 1:colcon.colcon_core.environment:checking '/home/olympusolutions/senior_ws/install/minibot/lib/pkgconfig/minibot.pc'
[7.678s] Level 1:colcon.colcon_core.environment:checking '/home/olympusolutions/senior_ws/install/minibot/lib/python3.12/site-packages'
[7.679s] Level 1:colcon.colcon_core.environment:checking '/home/olympusolutions/senior_ws/install/minibot/bin'
[7.680s] INFO:colcon.colcon_core.shell:Creating package script '/home/olympusolutions/senior_ws/install/minibot/share/minibot/package.ps1'
[7.682s] INFO:colcon.colcon_core.shell:Creating package descriptor '/home/olympusolutions/senior_ws/install/minibot/share/minibot/package.dsv'
[7.684s] INFO:colcon.colcon_core.shell:Creating package script '/home/olympusolutions/senior_ws/install/minibot/share/minibot/package.sh'
[7.687s] INFO:colcon.colcon_core.shell:Creating package script '/home/olympusolutions/senior_ws/install/minibot/share/minibot/package.bash'
[7.690s] INFO:colcon.colcon_core.shell:Creating package script '/home/olympusolutions/senior_ws/install/minibot/share/minibot/package.zsh'
[7.692s] Level 1:colcon.colcon_core.environment:create_file_with_runtime_dependencies(/home/olympusolutions/senior_ws/install/minibot/share/colcon-core/packages/minibot)
[7.693s] INFO:colcon.colcon_ros.task.ament_python.build:Building ROS package in '/home/olympusolutions/senior_ws/src/riley_ws/src/my_package' with build type 'ament_python'
[7.693s] Level 1:colcon.colcon_core.shell:create_environment_hook('my_package', 'ament_prefix_path')
[7.696s] INFO:colcon.colcon_core.shell:Creating environment hook '/home/olympusolutions/senior_ws/install/my_package/share/my_package/hook/ament_prefix_path.ps1'
[7.698s] INFO:colcon.colcon_core.shell:Creating environment descriptor '/home/olympusolutions/senior_ws/install/my_package/share/my_package/hook/ament_prefix_path.dsv'
[7.700s] INFO:colcon.colcon_core.shell:Creating environment hook '/home/olympusolutions/senior_ws/install/my_package/share/my_package/hook/ament_prefix_path.sh'
[7.702s] INFO:colcon.colcon_core.shell:Skip shell extension 'powershell' for command environment: Not usable outside of PowerShell
[7.702s] DEBUG:colcon.colcon_core.shell:Skip shell extension 'dsv' for command environment
[9.178s] INFO:colcon.colcon_core.task.python.build:Building Python package in '/home/olympusolutions/senior_ws/src/riley_ws/src/my_package'
[9.178s] INFO:colcon.colcon_core.shell:Skip shell extension 'powershell' for command environment: Not usable outside of PowerShell
[9.179s] DEBUG:colcon.colcon_core.shell:Skip shell extension 'dsv' for command environment
[9.196s] DEBUG:colcon.colcon_core.event_handler.log_command:Invoking command in '/home/olympusolutions/senior_ws/build/joy_tester': DEBUGINFOD_URLS=https://debuginfod.ubuntu.com PYTHONPATH=/home/olympusolutions/senior_ws/build/joy_tester/prefix_override:/home/olympusolutions/.espressif/python_env/idf5.4_py3.12_env/lib/python3.12/site-packages/colcon_core/task/python/colcon_distutils_commands:/home/olympusolutions/senior_ws/install/joy_tester/lib/python3.12/site-packages:${PYTHONPATH} /home/olympusolutions/.espressif/python_env/idf5.4_py3.12_env/bin/python -W ignore:setup.py install is deprecated -W ignore:easy_install command is deprecated setup.py develop --editable --build-directory /home/olympusolutions/senior_ws/build/joy_tester/build --no-deps symlink_data
[9.578s] DEBUG:colcon.colcon_core.event_handler.log_command:Invoked command in '/home/olympusolutions/senior_ws/build/serial_motor_demo_msgs' returned '0': CMAKE_PREFIX_PATH=${CMAKE_PREFIX_PATH}:/opt/ros/jazzy DEBUGINFOD_URLS=https://debuginfod.ubuntu.com /usr/bin/cmake --build /home/olympusolutions/senior_ws/build/serial_motor_demo_msgs -- -j4 -l4
[9.660s] DEBUG:colcon.colcon_core.event_handler.log_command:Invoking command in '/home/olympusolutions/senior_ws/build/serial_motor_demo_msgs': CMAKE_PREFIX_PATH=${CMAKE_PREFIX_PATH}:/opt/ros/jazzy DEBUGINFOD_URLS=https://debuginfod.ubuntu.com /usr/bin/cmake --install /home/olympusolutions/senior_ws/build/serial_motor_demo_msgs
[9.713s] DEBUG:colcon.colcon_core.event_handler.log_command:Invoking command in '/home/olympusolutions/senior_ws/build/listener_package': DEBUGINFOD_URLS=https://debuginfod.ubuntu.com PYTHONPATH=/home/olympusolutions/senior_ws/build/listener_package/prefix_override:/home/olympusolutions/.espressif/python_env/idf5.4_py3.12_env/lib/python3.12/site-packages/colcon_core/task/python/colcon_distutils_commands:/home/olympusolutions/senior_ws/install/listener_package/lib/python3.12/site-packages:${PYTHONPATH} /home/olympusolutions/.espressif/python_env/idf5.4_py3.12_env/bin/python -W ignore:setup.py install is deprecated -W ignore:easy_install command is deprecated setup.py develop --editable --build-directory /home/olympusolutions/senior_ws/build/listener_package/build --no-deps symlink_data
[10.680s] Level 1:colcon.colcon_core.environment:create_environment_scripts_only(serial_motor_demo_msgs)
[10.683s] Level 1:colcon.colcon_core.environment:checking '/home/olympusolutions/senior_ws/install/serial_motor_demo_msgs' for CMake module files
[10.694s] DEBUG:colcon.colcon_core.event_handler.log_command:Invoked command in '/home/olympusolutions/senior_ws/build/serial_motor_demo_msgs' returned '0': CMAKE_PREFIX_PATH=${CMAKE_PREFIX_PATH}:/opt/ros/jazzy DEBUGINFOD_URLS=https://debuginfod.ubuntu.com /usr/bin/cmake --install /home/olympusolutions/senior_ws/build/serial_motor_demo_msgs
[10.702s] Level 1:colcon.colcon_core.environment:checking '/home/olympusolutions/senior_ws/install/serial_motor_demo_msgs' for CMake config files
[10.714s] Level 1:colcon.colcon_core.shell:create_environment_hook('serial_motor_demo_msgs', 'cmake_prefix_path')
[10.723s] INFO:colcon.colcon_core.shell:Creating environment hook '/home/olympusolutions/senior_ws/install/serial_motor_demo_msgs/share/serial_motor_demo_msgs/hook/cmake_prefix_path.ps1'
[10.740s] INFO:colcon.colcon_core.shell:Creating environment descriptor '/home/olympusolutions/senior_ws/install/serial_motor_demo_msgs/share/serial_motor_demo_msgs/hook/cmake_prefix_path.dsv'
[10.749s] INFO:colcon.colcon_core.shell:Creating environment hook '/home/olympusolutions/senior_ws/install/serial_motor_demo_msgs/share/serial_motor_demo_msgs/hook/cmake_prefix_path.sh'
[10.767s] Level 1:colcon.colcon_core.environment:checking '/home/olympusolutions/senior_ws/install/serial_motor_demo_msgs/lib'
[10.769s] Level 1:colcon.colcon_core.shell:create_environment_hook('serial_motor_demo_msgs', 'ld_library_path_lib')
[10.776s] INFO:colcon.colcon_core.shell:Creating environment hook '/home/olympusolutions/senior_ws/install/serial_motor_demo_msgs/share/serial_motor_demo_msgs/hook/ld_library_path_lib.ps1'
[10.803s] INFO:colcon.colcon_core.shell:Creating environment descriptor '/home/olympusolutions/senior_ws/install/serial_motor_demo_msgs/share/serial_motor_demo_msgs/hook/ld_library_path_lib.dsv'
[10.806s] INFO:colcon.colcon_core.shell:Creating environment hook '/home/olympusolutions/senior_ws/install/serial_motor_demo_msgs/share/serial_motor_demo_msgs/hook/ld_library_path_lib.sh'
[10.820s] Level 1:colcon.colcon_core.environment:checking '/home/olympusolutions/senior_ws/install/serial_motor_demo_msgs/bin'
[10.822s] Level 1:colcon.colcon_core.environment:checking '/home/olympusolutions/senior_ws/install/serial_motor_demo_msgs/lib/pkgconfig/serial_motor_demo_msgs.pc'
[10.825s] Level 1:colcon.colcon_core.environment:checking '/home/olympusolutions/senior_ws/install/serial_motor_demo_msgs/lib/python3.12/site-packages'
[10.830s] Level 1:colcon.colcon_core.shell:create_environment_hook('serial_motor_demo_msgs', 'pythonpath')
[10.831s] INFO:colcon.colcon_core.shell:Creating environment hook '/home/olympusolutions/senior_ws/install/serial_motor_demo_msgs/share/serial_motor_demo_msgs/hook/pythonpath.ps1'
[10.834s] INFO:colcon.colcon_core.shell:Creating environment descriptor '/home/olympusolutions/senior_ws/install/serial_motor_demo_msgs/share/serial_motor_demo_msgs/hook/pythonpath.dsv'
[10.841s] INFO:colcon.colcon_core.shell:Creating environment hook '/home/olympusolutions/senior_ws/install/serial_motor_demo_msgs/share/serial_motor_demo_msgs/hook/pythonpath.sh'
[10.846s] Level 1:colcon.colcon_core.environment:checking '/home/olympusolutions/senior_ws/install/serial_motor_demo_msgs/bin'
[10.848s] INFO:colcon.colcon_core.shell:Creating package script '/home/olympusolutions/senior_ws/install/serial_motor_demo_msgs/share/serial_motor_demo_msgs/package.ps1'
[10.854s] INFO:colcon.colcon_core.shell:Creating package descriptor '/home/olympusolutions/senior_ws/install/serial_motor_demo_msgs/share/serial_motor_demo_msgs/package.dsv'
[10.875s] INFO:colcon.colcon_core.shell:Creating package script '/home/olympusolutions/senior_ws/install/serial_motor_demo_msgs/share/serial_motor_demo_msgs/package.sh'
[10.901s] INFO:colcon.colcon_core.shell:Creating package script '/home/olympusolutions/senior_ws/install/serial_motor_demo_msgs/share/serial_motor_demo_msgs/package.bash'
[10.928s] INFO:colcon.colcon_core.shell:Creating package script '/home/olympusolutions/senior_ws/install/serial_motor_demo_msgs/share/serial_motor_demo_msgs/package.zsh'
[10.931s] Level 1:colcon.colcon_core.environment:create_file_with_runtime_dependencies(/home/olympusolutions/senior_ws/install/serial_motor_demo_msgs/share/colcon-core/packages/serial_motor_demo_msgs)
[10.958s] Level 1:colcon.colcon_core.environment:create_environment_scripts_only(serial_motor_demo_msgs)
[10.977s] Level 1:colcon.colcon_core.environment:checking '/home/olympusolutions/senior_ws/install/serial_motor_demo_msgs' for CMake module files
[10.982s] Level 1:colcon.colcon_core.environment:checking '/home/olympusolutions/senior_ws/install/serial_motor_demo_msgs' for CMake config files
[11.003s] Level 1:colcon.colcon_core.shell:create_environment_hook('serial_motor_demo_msgs', 'cmake_prefix_path')
[11.024s] INFO:colcon.colcon_core.shell:Creating environment hook '/home/olympusolutions/senior_ws/install/serial_motor_demo_msgs/share/serial_motor_demo_msgs/hook/cmake_prefix_path.ps1'
[11.027s] INFO:colcon.colcon_core.shell:Creating environment descriptor '/home/olympusolutions/senior_ws/install/serial_motor_demo_msgs/share/serial_motor_demo_msgs/hook/cmake_prefix_path.dsv'
[11.033s] INFO:colcon.colcon_core.shell:Creating environment hook '/home/olympusolutions/senior_ws/install/serial_motor_demo_msgs/share/serial_motor_demo_msgs/hook/cmake_prefix_path.sh'
[11.054s] Level 1:colcon.colcon_core.environment:checking '/home/olympusolutions/senior_ws/install/serial_motor_demo_msgs/lib'
[11.056s] Level 1:colcon.colcon_core.shell:create_environment_hook('serial_motor_demo_msgs', 'ld_library_path_lib')
[11.059s] INFO:colcon.colcon_core.shell:Creating environment hook '/home/olympusolutions/senior_ws/install/serial_motor_demo_msgs/share/serial_motor_demo_msgs/hook/ld_library_path_lib.ps1'
[11.071s] INFO:colcon.colcon_core.shell:Creating environment descriptor '/home/olympusolutions/senior_ws/install/serial_motor_demo_msgs/share/serial_motor_demo_msgs/hook/ld_library_path_lib.dsv'
[11.082s] INFO:colcon.colcon_core.shell:Creating environment hook '/home/olympusolutions/senior_ws/install/serial_motor_demo_msgs/share/serial_motor_demo_msgs/hook/ld_library_path_lib.sh'
[11.086s] Level 1:colcon.colcon_core.environment:checking '/home/olympusolutions/senior_ws/install/serial_motor_demo_msgs/bin'
[11.087s] Level 1:colcon.colcon_core.environment:checking '/home/olympusolutions/senior_ws/install/serial_motor_demo_msgs/lib/pkgconfig/serial_motor_demo_msgs.pc'
[11.088s] Level 1:colcon.colcon_core.environment:checking '/home/olympusolutions/senior_ws/install/serial_motor_demo_msgs/lib/python3.12/site-packages'
[11.089s] Level 1:colcon.colcon_core.shell:create_environment_hook('serial_motor_demo_msgs', 'pythonpath')
[11.090s] INFO:colcon.colcon_core.shell:Creating environment hook '/home/olympusolutions/senior_ws/install/serial_motor_demo_msgs/share/serial_motor_demo_msgs/hook/pythonpath.ps1'
[11.092s] INFO:colcon.colcon_core.shell:Creating environment descriptor '/home/olympusolutions/senior_ws/install/serial_motor_demo_msgs/share/serial_motor_demo_msgs/hook/pythonpath.dsv'
[11.093s] INFO:colcon.colcon_core.shell:Creating environment hook '/home/olympusolutions/senior_ws/install/serial_motor_demo_msgs/share/serial_motor_demo_msgs/hook/pythonpath.sh'
[11.096s] Level 1:colcon.colcon_core.environment:checking '/home/olympusolutions/senior_ws/install/serial_motor_demo_msgs/bin'
[11.097s] INFO:colcon.colcon_core.shell:Creating package script '/home/olympusolutions/senior_ws/install/serial_motor_demo_msgs/share/serial_motor_demo_msgs/package.ps1'
[11.099s] INFO:colcon.colcon_core.shell:Creating package descriptor '/home/olympusolutions/senior_ws/install/serial_motor_demo_msgs/share/serial_motor_demo_msgs/package.dsv'
[11.101s] INFO:colcon.colcon_core.shell:Creating package script '/home/olympusolutions/senior_ws/install/serial_motor_demo_msgs/share/serial_motor_demo_msgs/package.sh'
[11.103s] INFO:colcon.colcon_core.shell:Creating package script '/home/olympusolutions/senior_ws/install/serial_motor_demo_msgs/share/serial_motor_demo_msgs/package.bash'
[11.104s] INFO:colcon.colcon_core.shell:Creating package script '/home/olympusolutions/senior_ws/install/serial_motor_demo_msgs/share/serial_motor_demo_msgs/package.zsh'
[11.106s] Level 1:colcon.colcon_core.environment:create_file_with_runtime_dependencies(/home/olympusolutions/senior_ws/install/serial_motor_demo_msgs/share/colcon-core/packages/serial_motor_demo_msgs)
[11.112s] INFO:colcon.colcon_ros.task.ament_cmake.build:Building ROS package in '/home/olympusolutions/senior_ws/src/serial' with build type 'ament_cmake'
[11.112s] INFO:colcon.colcon_cmake.task.cmake.build:Building CMake package in '/home/olympusolutions/senior_ws/src/serial'
[11.113s] INFO:colcon.colcon_core.shell:Skip shell extension 'powershell' for command environment: Not usable outside of PowerShell
[11.113s] DEBUG:colcon.colcon_core.shell:Skip shell extension 'dsv' for command environment
[11.244s] DEBUG:colcon.colcon_core.event_handler.log_command:Invoking command in '/home/olympusolutions/senior_ws/build/serial': CMAKE_PREFIX_PATH=${CMAKE_PREFIX_PATH}:/opt/ros/jazzy DEBUGINFOD_URLS=https://debuginfod.ubuntu.com /usr/bin/cmake --build /home/olympusolutions/senior_ws/build/serial -- -j4 -l4
[12.066s] DEBUG:colcon.colcon_core.event_handler.log_command:Invoking command in '/home/olympusolutions/senior_ws/build/my_package': DEBUGINFOD_URLS=https://debuginfod.ubuntu.com PYTHONPATH=/home/olympusolutions/senior_ws/build/my_package/prefix_override:/home/olympusolutions/.espressif/python_env/idf5.4_py3.12_env/lib/python3.12/site-packages/colcon_core/task/python/colcon_distutils_commands:/home/olympusolutions/senior_ws/install/my_package/lib/python3.12/site-packages:${PYTHONPATH} /home/olympusolutions/.espressif/python_env/idf5.4_py3.12_env/bin/python -W ignore:setup.py install is deprecated -W ignore:easy_install command is deprecated setup.py develop --editable --build-directory /home/olympusolutions/senior_ws/build/my_package/build --no-deps symlink_data
[13.344s] DEBUG:colcon.colcon_core.event_handler.log_command:Invoked command in '/home/olympusolutions/senior_ws/build/serial' returned '0': CMAKE_PREFIX_PATH=${CMAKE_PREFIX_PATH}:/opt/ros/jazzy DEBUGINFOD_URLS=https://debuginfod.ubuntu.com /usr/bin/cmake --build /home/olympusolutions/senior_ws/build/serial -- -j4 -l4
[13.357s] DEBUG:colcon.colcon_core.event_handler.log_command:Invoking command in '/home/olympusolutions/senior_ws/build/serial': CMAKE_PREFIX_PATH=${CMAKE_PREFIX_PATH}:/opt/ros/jazzy DEBUGINFOD_URLS=https://debuginfod.ubuntu.com /usr/bin/cmake --install /home/olympusolutions/senior_ws/build/serial
[13.943s] Level 1:colcon.colcon_core.environment:create_environment_scripts_only(serial)
[13.943s] Level 1:colcon.colcon_core.environment:checking '/home/olympusolutions/senior_ws/install/serial' for CMake module files
[13.950s] Level 1:colcon.colcon_core.environment:checking '/home/olympusolutions/senior_ws/install/serial' for CMake config files
[13.955s] DEBUG:colcon.colcon_core.event_handler.log_command:Invoked command in '/home/olympusolutions/senior_ws/build/serial' returned '0': CMAKE_PREFIX_PATH=${CMAKE_PREFIX_PATH}:/opt/ros/jazzy DEBUGINFOD_URLS=https://debuginfod.ubuntu.com /usr/bin/cmake --install /home/olympusolutions/senior_ws/build/serial
[13.962s] Level 1:colcon.colcon_core.shell:create_environment_hook('serial', 'cmake_prefix_path')
[13.965s] INFO:colcon.colcon_core.shell:Creating environment hook '/home/olympusolutions/senior_ws/install/serial/share/serial/hook/cmake_prefix_path.ps1'
[13.983s] INFO:colcon.colcon_core.shell:Creating environment descriptor '/home/olympusolutions/senior_ws/install/serial/share/serial/hook/cmake_prefix_path.dsv'
[14.017s] INFO:colcon.colcon_core.shell:Creating environment hook '/home/olympusolutions/senior_ws/install/serial/share/serial/hook/cmake_prefix_path.sh'
[14.070s] Level 1:colcon.colcon_core.environment:checking '/home/olympusolutions/senior_ws/install/serial/lib'
[14.077s] Level 1:colcon.colcon_core.environment:checking '/home/olympusolutions/senior_ws/install/serial/bin'
[14.078s] Level 1:colcon.colcon_core.environment:checking '/home/olympusolutions/senior_ws/install/serial/lib/pkgconfig/serial.pc'
[14.079s] Level 1:colcon.colcon_core.environment:checking '/home/olympusolutions/senior_ws/install/serial/lib/python3.12/site-packages'
[14.080s] Level 1:colcon.colcon_core.environment:checking '/home/olympusolutions/senior_ws/install/serial/bin'
[14.092s] INFO:colcon.colcon_core.shell:Creating package script '/home/olympusolutions/senior_ws/install/serial/share/serial/package.ps1'
[14.107s] INFO:colcon.colcon_core.shell:Creating package descriptor '/home/olympusolutions/senior_ws/install/serial/share/serial/package.dsv'
[14.122s] INFO:colcon.colcon_core.shell:Creating package script '/home/olympusolutions/senior_ws/install/serial/share/serial/package.sh'
[14.131s] INFO:colcon.colcon_core.shell:Creating package script '/home/olympusolutions/senior_ws/install/serial/share/serial/package.bash'
[14.139s] INFO:colcon.colcon_core.shell:Creating package script '/home/olympusolutions/senior_ws/install/serial/share/serial/package.zsh'
[14.146s] Level 1:colcon.colcon_core.environment:create_file_with_runtime_dependencies(/home/olympusolutions/senior_ws/install/serial/share/colcon-core/packages/serial)
[14.158s] Level 1:colcon.colcon_core.environment:create_environment_scripts_only(serial)
[14.163s] Level 1:colcon.colcon_core.environment:checking '/home/olympusolutions/senior_ws/install/serial' for CMake module files
[14.173s] Level 1:colcon.colcon_core.environment:checking '/home/olympusolutions/senior_ws/install/serial' for CMake config files
[14.176s] Level 1:colcon.colcon_core.shell:create_environment_hook('serial', 'cmake_prefix_path')
[14.178s] INFO:colcon.colcon_core.shell:Creating environment hook '/home/olympusolutions/senior_ws/install/serial/share/serial/hook/cmake_prefix_path.ps1'
[14.202s] INFO:colcon.colcon_core.shell:Creating environment descriptor '/home/olympusolutions/senior_ws/install/serial/share/serial/hook/cmake_prefix_path.dsv'
[14.212s] INFO:colcon.colcon_core.shell:Creating environment hook '/home/olympusolutions/senior_ws/install/serial/share/serial/hook/cmake_prefix_path.sh'
[14.226s] Level 1:colcon.colcon_core.environment:checking '/home/olympusolutions/senior_ws/install/serial/lib'
[14.229s] Level 1:colcon.colcon_core.environment:checking '/home/olympusolutions/senior_ws/install/serial/bin'
[14.230s] Level 1:colcon.colcon_core.environment:checking '/home/olympusolutions/senior_ws/install/serial/lib/pkgconfig/serial.pc'
[14.236s] Level 1:colcon.colcon_core.environment:checking '/home/olympusolutions/senior_ws/install/serial/lib/python3.12/site-packages'
[14.239s] Level 1:colcon.colcon_core.environment:checking '/home/olympusolutions/senior_ws/install/serial/bin'
[14.242s] INFO:colcon.colcon_core.shell:Creating package script '/home/olympusolutions/senior_ws/install/serial/share/serial/package.ps1'
[14.252s] INFO:colcon.colcon_core.shell:Creating package descriptor '/home/olympusolutions/senior_ws/install/serial/share/serial/package.dsv'
[14.258s] INFO:colcon.colcon_core.shell:Creating package script '/home/olympusolutions/senior_ws/install/serial/share/serial/package.sh'
[14.264s] INFO:colcon.colcon_core.shell:Creating package script '/home/olympusolutions/senior_ws/install/serial/share/serial/package.bash'
[14.266s] INFO:colcon.colcon_core.shell:Creating package script '/home/olympusolutions/senior_ws/install/serial/share/serial/package.zsh'
[14.268s] Level 1:colcon.colcon_core.environment:create_file_with_runtime_dependencies(/home/olympusolutions/senior_ws/install/serial/share/colcon-core/packages/serial)
[14.281s] INFO:colcon.colcon_ros.task.ament_cmake.build:Building ROS package in '/home/olympusolutions/senior_ws/src/sllidar_ros2' with build type 'ament_cmake'
[14.281s] INFO:colcon.colcon_cmake.task.cmake.build:Building CMake package in '/home/olympusolutions/senior_ws/src/sllidar_ros2'
[14.282s] INFO:colcon.colcon_core.shell:Skip shell extension 'powershell' for command environment: Not usable outside of PowerShell
[14.282s] DEBUG:colcon.colcon_core.shell:Skip shell extension 'dsv' for command environment
[14.354s] Level 1:colcon.colcon_core.shell:create_environment_hook('joy_tester', 'pythonpath_develop')
[14.365s] INFO:colcon.colcon_core.shell:Creating environment hook '/home/olympusolutions/senior_ws/build/joy_tester/share/joy_tester/hook/pythonpath_develop.ps1'
[14.374s] DEBUG:colcon.colcon_core.event_handler.log_command:Invoked command in '/home/olympusolutions/senior_ws/build/joy_tester' returned '0': DEBUGINFOD_URLS=https://debuginfod.ubuntu.com PYTHONPATH=/home/olympusolutions/senior_ws/build/joy_tester/prefix_override:/home/olympusolutions/.espressif/python_env/idf5.4_py3.12_env/lib/python3.12/site-packages/colcon_core/task/python/colcon_distutils_commands:/home/olympusolutions/senior_ws/install/joy_tester/lib/python3.12/site-packages:${PYTHONPATH} /home/olympusolutions/.espressif/python_env/idf5.4_py3.12_env/bin/python -W ignore:setup.py install is deprecated -W ignore:easy_install command is deprecated setup.py develop --editable --build-directory /home/olympusolutions/senior_ws/build/joy_tester/build --no-deps symlink_data
[14.386s] INFO:colcon.colcon_core.shell:Creating environment descriptor '/home/olympusolutions/senior_ws/build/joy_tester/share/joy_tester/hook/pythonpath_develop.dsv'
[14.388s] INFO:colcon.colcon_core.shell:Creating environment hook '/home/olympusolutions/senior_ws/build/joy_tester/share/joy_tester/hook/pythonpath_develop.sh'
[14.396s] Level 1:colcon.colcon_core.environment:checking '/home/olympusolutions/senior_ws/install/joy_tester' for CMake module files
[14.418s] Level 1:colcon.colcon_core.environment:checking '/home/olympusolutions/senior_ws/install/joy_tester' for CMake config files
[14.419s] Level 1:colcon.colcon_core.environment:checking '/home/olympusolutions/senior_ws/install/joy_tester/lib'
[14.445s] Level 1:colcon.colcon_core.environment:checking '/home/olympusolutions/senior_ws/install/joy_tester/bin'
[14.445s] Level 1:colcon.colcon_core.environment:checking '/home/olympusolutions/senior_ws/install/joy_tester/lib/pkgconfig/joy_tester.pc'
[14.446s] Level 1:colcon.colcon_core.environment:checking '/home/olympusolutions/senior_ws/install/joy_tester/lib/python3.12/site-packages'
[14.446s] Level 1:colcon.colcon_core.shell:create_environment_hook('joy_tester', 'pythonpath')
[14.452s] INFO:colcon.colcon_core.shell:Creating environment hook '/home/olympusolutions/senior_ws/install/joy_tester/share/joy_tester/hook/pythonpath.ps1'
[14.476s] INFO:colcon.colcon_core.shell:Creating environment descriptor '/home/olympusolutions/senior_ws/install/joy_tester/share/joy_tester/hook/pythonpath.dsv'
[14.478s] INFO:colcon.colcon_core.shell:Creating environment hook '/home/olympusolutions/senior_ws/install/joy_tester/share/joy_tester/hook/pythonpath.sh'
[14.495s] Level 1:colcon.colcon_core.environment:checking '/home/olympusolutions/senior_ws/install/joy_tester/bin'
[14.495s] Level 1:colcon.colcon_core.environment:create_environment_scripts_only(joy_tester)
[14.504s] INFO:colcon.colcon_core.shell:Creating package script '/home/olympusolutions/senior_ws/install/joy_tester/share/joy_tester/package.ps1'
[14.524s] INFO:colcon.colcon_core.shell:Creating package descriptor '/home/olympusolutions/senior_ws/install/joy_tester/share/joy_tester/package.dsv'
[14.552s] INFO:colcon.colcon_core.shell:Creating package script '/home/olympusolutions/senior_ws/install/joy_tester/share/joy_tester/package.sh'
[14.591s] INFO:colcon.colcon_core.shell:Creating package script '/home/olympusolutions/senior_ws/install/joy_tester/share/joy_tester/package.bash'
[14.596s] INFO:colcon.colcon_core.shell:Creating package script '/home/olympusolutions/senior_ws/install/joy_tester/share/joy_tester/package.zsh'
[14.599s] Level 1:colcon.colcon_core.environment:create_file_with_runtime_dependencies(/home/olympusolutions/senior_ws/install/joy_tester/share/colcon-core/packages/joy_tester)
[14.607s] INFO:colcon.colcon_ros.task.ament_python.build:Building ROS package in '/home/olympusolutions/senior_ws/src/twist_stamper' with build type 'ament_python'
[14.607s] Level 1:colcon.colcon_core.shell:create_environment_hook('twist_stamper', 'ament_prefix_path')
[14.612s] INFO:colcon.colcon_core.shell:Creating environment hook '/home/olympusolutions/senior_ws/install/twist_stamper/share/twist_stamper/hook/ament_prefix_path.ps1'
[14.617s] INFO:colcon.colcon_core.shell:Creating environment descriptor '/home/olympusolutions/senior_ws/install/twist_stamper/share/twist_stamper/hook/ament_prefix_path.dsv'
[14.623s] INFO:colcon.colcon_core.shell:Creating environment hook '/home/olympusolutions/senior_ws/install/twist_stamper/share/twist_stamper/hook/ament_prefix_path.sh'
[14.628s] INFO:colcon.colcon_core.shell:Skip shell extension 'powershell' for command environment: Not usable outside of PowerShell
[14.629s] DEBUG:colcon.colcon_core.shell:Skip shell extension 'dsv' for command environment
[14.674s] DEBUG:colcon.colcon_core.event_handler.log_command:Invoking command in '/home/olympusolutions/senior_ws/build/sllidar_ros2': CMAKE_PREFIX_PATH=${CMAKE_PREFIX_PATH}:/opt/ros/jazzy DEBUGINFOD_URLS=https://debuginfod.ubuntu.com /usr/bin/cmake --build /home/olympusolutions/senior_ws/build/sllidar_ros2 -- -j4 -l4
[17.259s] INFO:colcon.colcon_core.task.python.build:Building Python package in '/home/olympusolutions/senior_ws/src/twist_stamper'
[17.260s] INFO:colcon.colcon_core.shell:Skip shell extension 'powershell' for command environment: Not usable outside of PowerShell
[17.261s] DEBUG:colcon.colcon_core.shell:Skip shell extension 'dsv' for command environment
[17.312s] Level 1:colcon.colcon_core.shell:create_environment_hook('listener_package', 'pythonpath_develop')
[17.331s] INFO:colcon.colcon_core.shell:Creating environment hook '/home/olympusolutions/senior_ws/build/listener_package/share/listener_package/hook/pythonpath_develop.ps1'
[17.328s] DEBUG:colcon.colcon_core.event_handler.log_command:Invoked command in '/home/olympusolutions/senior_ws/build/listener_package' returned '0': DEBUGINFOD_URLS=https://debuginfod.ubuntu.com PYTHONPATH=/home/olympusolutions/senior_ws/build/listener_package/prefix_override:/home/olympusolutions/.espressif/python_env/idf5.4_py3.12_env/lib/python3.12/site-packages/colcon_core/task/python/colcon_distutils_commands:/home/olympusolutions/senior_ws/install/listener_package/lib/python3.12/site-packages:${PYTHONPATH} /home/olympusolutions/.espressif/python_env/idf5.4_py3.12_env/bin/python -W ignore:setup.py install is deprecated -W ignore:easy_install command is deprecated setup.py develop --editable --build-directory /home/olympusolutions/senior_ws/build/listener_package/build --no-deps symlink_data
[17.339s] INFO:colcon.colcon_core.shell:Creating environment descriptor '/home/olympusolutions/senior_ws/build/listener_package/share/listener_package/hook/pythonpath_develop.dsv'
[17.341s] INFO:colcon.colcon_core.shell:Creating environment hook '/home/olympusolutions/senior_ws/build/listener_package/share/listener_package/hook/pythonpath_develop.sh'
[17.365s] Level 1:colcon.colcon_core.environment:checking '/home/olympusolutions/senior_ws/install/listener_package' for CMake module files
[17.377s] Level 1:colcon.colcon_core.environment:checking '/home/olympusolutions/senior_ws/install/listener_package' for CMake config files
[17.396s] Level 1:colcon.colcon_core.environment:checking '/home/olympusolutions/senior_ws/install/listener_package/lib'
[17.403s] Level 1:colcon.colcon_core.environment:checking '/home/olympusolutions/senior_ws/install/listener_package/bin'
[17.404s] Level 1:colcon.colcon_core.environment:checking '/home/olympusolutions/senior_ws/install/listener_package/lib/pkgconfig/listener_package.pc'
[17.404s] Level 1:colcon.colcon_core.environment:checking '/home/olympusolutions/senior_ws/install/listener_package/lib/python3.12/site-packages'
[17.405s] Level 1:colcon.colcon_core.shell:create_environment_hook('listener_package', 'pythonpath')
[17.431s] INFO:colcon.colcon_core.shell:Creating environment hook '/home/olympusolutions/senior_ws/install/listener_package/share/listener_package/hook/pythonpath.ps1'
[17.449s] INFO:colcon.colcon_core.shell:Creating environment descriptor '/home/olympusolutions/senior_ws/install/listener_package/share/listener_package/hook/pythonpath.dsv'
[17.457s] INFO:colcon.colcon_core.shell:Creating environment hook '/home/olympusolutions/senior_ws/install/listener_package/share/listener_package/hook/pythonpath.sh'
[17.493s] Level 1:colcon.colcon_core.environment:checking '/home/olympusolutions/senior_ws/install/listener_package/bin'
[17.510s] Level 1:colcon.colcon_core.environment:create_environment_scripts_only(listener_package)
[17.515s] INFO:colcon.colcon_core.shell:Creating package script '/home/olympusolutions/senior_ws/install/listener_package/share/listener_package/package.ps1'
[17.538s] INFO:colcon.colcon_core.shell:Creating package descriptor '/home/olympusolutions/senior_ws/install/listener_package/share/listener_package/package.dsv'
[17.550s] INFO:colcon.colcon_core.shell:Creating package script '/home/olympusolutions/senior_ws/install/listener_package/share/listener_package/package.sh'
[17.570s] INFO:colcon.colcon_core.shell:Creating package script '/home/olympusolutions/senior_ws/install/listener_package/share/listener_package/package.bash'
[17.595s] INFO:colcon.colcon_core.shell:Creating package script '/home/olympusolutions/senior_ws/install/listener_package/share/listener_package/package.zsh'
[17.616s] Level 1:colcon.colcon_core.environment:create_file_with_runtime_dependencies(/home/olympusolutions/senior_ws/install/listener_package/share/colcon-core/packages/listener_package)
[17.660s] DEBUG:colcon.colcon_core.event_handler.log_command:Invoked command in '/home/olympusolutions/senior_ws/build/sllidar_ros2' returned '0': CMAKE_PREFIX_PATH=${CMAKE_PREFIX_PATH}:/opt/ros/jazzy DEBUGINFOD_URLS=https://debuginfod.ubuntu.com /usr/bin/cmake --build /home/olympusolutions/senior_ws/build/sllidar_ros2 -- -j4 -l4
[17.674s] DEBUG:colcon.colcon_core.event_handler.log_command:Invoking command in '/home/olympusolutions/senior_ws/build/sllidar_ros2': CMAKE_PREFIX_PATH=${CMAKE_PREFIX_PATH}:/opt/ros/jazzy DEBUGINFOD_URLS=https://debuginfod.ubuntu.com /usr/bin/cmake --install /home/olympusolutions/senior_ws/build/sllidar_ros2
[17.679s] INFO:colcon.colcon_ros.task.ament_python.build:Building ROS package in '/home/olympusolutions/senior_ws/src/serial_motor_demo/serial_motor_demo' with build type 'ament_python'
[17.680s] Level 1:colcon.colcon_core.shell:create_environment_hook('serial_motor_demo', 'ament_prefix_path')
[17.697s] INFO:colcon.colcon_core.shell:Creating environment hook '/home/olympusolutions/senior_ws/install/serial_motor_demo/share/serial_motor_demo/hook/ament_prefix_path.ps1'
[17.698s] INFO:colcon.colcon_core.shell:Creating environment descriptor '/home/olympusolutions/senior_ws/install/serial_motor_demo/share/serial_motor_demo/hook/ament_prefix_path.dsv'
[17.724s] INFO:colcon.colcon_core.shell:Creating environment hook '/home/olympusolutions/senior_ws/install/serial_motor_demo/share/serial_motor_demo/hook/ament_prefix_path.sh'
[17.749s] INFO:colcon.colcon_core.shell:Skip shell extension 'powershell' for command environment: Not usable outside of PowerShell
[17.764s] DEBUG:colcon.colcon_core.shell:Skip shell extension 'dsv' for command environment
[17.964s] Level 1:colcon.colcon_core.shell:create_environment_hook('my_package', 'pythonpath_develop')
[17.980s] DEBUG:colcon.colcon_core.event_handler.log_command:Invoked command in '/home/olympusolutions/senior_ws/build/my_package' returned '0': DEBUGINFOD_URLS=https://debuginfod.ubuntu.com PYTHONPATH=/home/olympusolutions/senior_ws/build/my_package/prefix_override:/home/olympusolutions/.espressif/python_env/idf5.4_py3.12_env/lib/python3.12/site-packages/colcon_core/task/python/colcon_distutils_commands:/home/olympusolutions/senior_ws/install/my_package/lib/python3.12/site-packages:${PYTHONPATH} /home/olympusolutions/.espressif/python_env/idf5.4_py3.12_env/bin/python -W ignore:setup.py install is deprecated -W ignore:easy_install command is deprecated setup.py develop --editable --build-directory /home/olympusolutions/senior_ws/build/my_package/build --no-deps symlink_data
[17.981s] INFO:colcon.colcon_core.shell:Creating environment hook '/home/olympusolutions/senior_ws/build/my_package/share/my_package/hook/pythonpath_develop.ps1'
[18.030s] INFO:colcon.colcon_core.shell:Creating environment descriptor '/home/olympusolutions/senior_ws/build/my_package/share/my_package/hook/pythonpath_develop.dsv'
[18.047s] INFO:colcon.colcon_core.shell:Creating environment hook '/home/olympusolutions/senior_ws/build/my_package/share/my_package/hook/pythonpath_develop.sh'
[18.081s] Level 1:colcon.colcon_core.environment:checking '/home/olympusolutions/senior_ws/install/my_package' for CMake module files
[18.109s] Level 1:colcon.colcon_core.environment:checking '/home/olympusolutions/senior_ws/install/my_package' for CMake config files
[18.138s] Level 1:colcon.colcon_core.environment:checking '/home/olympusolutions/senior_ws/install/my_package/lib'
[18.138s] Level 1:colcon.colcon_core.environment:checking '/home/olympusolutions/senior_ws/install/my_package/bin'
[18.143s] Level 1:colcon.colcon_core.environment:checking '/home/olympusolutions/senior_ws/install/my_package/lib/pkgconfig/my_package.pc'
[18.165s] Level 1:colcon.colcon_core.environment:checking '/home/olympusolutions/senior_ws/install/my_package/lib/python3.12/site-packages'
[18.170s] Level 1:colcon.colcon_core.shell:create_environment_hook('my_package', 'pythonpath')
[18.196s] INFO:colcon.colcon_core.shell:Creating environment hook '/home/olympusolutions/senior_ws/install/my_package/share/my_package/hook/pythonpath.ps1'
[18.235s] INFO:colcon.colcon_core.shell:Creating environment descriptor '/home/olympusolutions/senior_ws/install/my_package/share/my_package/hook/pythonpath.dsv'
[18.259s] INFO:colcon.colcon_core.shell:Creating environment hook '/home/olympusolutions/senior_ws/install/my_package/share/my_package/hook/pythonpath.sh'
[18.312s] Level 1:colcon.colcon_core.environment:checking '/home/olympusolutions/senior_ws/install/my_package/bin'
[18.319s] Level 1:colcon.colcon_core.environment:create_environment_scripts_only(my_package)
[18.320s] INFO:colcon.colcon_core.shell:Creating package script '/home/olympusolutions/senior_ws/install/my_package/share/my_package/package.ps1'
[18.340s] INFO:colcon.colcon_core.shell:Creating package descriptor '/home/olympusolutions/senior_ws/install/my_package/share/my_package/package.dsv'
[18.354s] INFO:colcon.colcon_core.shell:Creating package script '/home/olympusolutions/senior_ws/install/my_package/share/my_package/package.sh'
[18.368s] INFO:colcon.colcon_core.shell:Creating package script '/home/olympusolutions/senior_ws/install/my_package/share/my_package/package.bash'
[18.378s] INFO:colcon.colcon_core.shell:Creating package script '/home/olympusolutions/senior_ws/install/my_package/share/my_package/package.zsh'
[18.385s] Level 1:colcon.colcon_core.environment:create_file_with_runtime_dependencies(/home/olympusolutions/senior_ws/install/my_package/share/colcon-core/packages/my_package)
[20.065s] INFO:colcon.colcon_core.task.python.build:Building Python package in '/home/olympusolutions/senior_ws/src/serial_motor_demo/serial_motor_demo'
[20.066s] INFO:colcon.colcon_core.shell:Skip shell extension 'powershell' for command environment: Not usable outside of PowerShell
[20.066s] DEBUG:colcon.colcon_core.shell:Skip shell extension 'dsv' for command environment
[20.080s] Level 1:colcon.colcon_core.environment:create_environment_scripts_only(sllidar_ros2)
[20.081s] Level 1:colcon.colcon_core.environment:checking '/home/olympusolutions/senior_ws/install/sllidar_ros2' for CMake module files
[20.084s] DEBUG:colcon.colcon_core.event_handler.log_command:Invoked command in '/home/olympusolutions/senior_ws/build/sllidar_ros2' returned '0': CMAKE_PREFIX_PATH=${CMAKE_PREFIX_PATH}:/opt/ros/jazzy DEBUGINFOD_URLS=https://debuginfod.ubuntu.com /usr/bin/cmake --install /home/olympusolutions/senior_ws/build/sllidar_ros2
[20.086s] Level 1:colcon.colcon_core.environment:checking '/home/olympusolutions/senior_ws/install/sllidar_ros2' for CMake config files
[20.089s] Level 1:colcon.colcon_core.shell:create_environment_hook('sllidar_ros2', 'cmake_prefix_path')
[20.090s] INFO:colcon.colcon_core.shell:Creating environment hook '/home/olympusolutions/senior_ws/install/sllidar_ros2/share/sllidar_ros2/hook/cmake_prefix_path.ps1'
[20.096s] INFO:colcon.colcon_core.shell:Creating environment descriptor '/home/olympusolutions/senior_ws/install/sllidar_ros2/share/sllidar_ros2/hook/cmake_prefix_path.dsv'
[20.098s] INFO:colcon.colcon_core.shell:Creating environment hook '/home/olympusolutions/senior_ws/install/sllidar_ros2/share/sllidar_ros2/hook/cmake_prefix_path.sh'
[20.104s] Level 1:colcon.colcon_core.environment:checking '/home/olympusolutions/senior_ws/install/sllidar_ros2/lib'
[20.104s] Level 1:colcon.colcon_core.environment:checking '/home/olympusolutions/senior_ws/install/sllidar_ros2/bin'
[20.105s] Level 1:colcon.colcon_core.environment:checking '/home/olympusolutions/senior_ws/install/sllidar_ros2/lib/pkgconfig/sllidar_ros2.pc'
[20.106s] Level 1:colcon.colcon_core.environment:checking '/home/olympusolutions/senior_ws/install/sllidar_ros2/lib/python3.12/site-packages'
[20.109s] Level 1:colcon.colcon_core.environment:checking '/home/olympusolutions/senior_ws/install/sllidar_ros2/bin'
[20.110s] INFO:colcon.colcon_core.shell:Creating package script '/home/olympusolutions/senior_ws/install/sllidar_ros2/share/sllidar_ros2/package.ps1'
[20.113s] INFO:colcon.colcon_core.shell:Creating package descriptor '/home/olympusolutions/senior_ws/install/sllidar_ros2/share/sllidar_ros2/package.dsv'
[20.116s] INFO:colcon.colcon_core.shell:Creating package script '/home/olympusolutions/senior_ws/install/sllidar_ros2/share/sllidar_ros2/package.sh'
[20.119s] INFO:colcon.colcon_core.shell:Creating package script '/home/olympusolutions/senior_ws/install/sllidar_ros2/share/sllidar_ros2/package.bash'
[20.122s] INFO:colcon.colcon_core.shell:Creating package script '/home/olympusolutions/senior_ws/install/sllidar_ros2/share/sllidar_ros2/package.zsh'
[20.125s] Level 1:colcon.colcon_core.environment:create_file_with_runtime_dependencies(/home/olympusolutions/senior_ws/install/sllidar_ros2/share/colcon-core/packages/sllidar_ros2)
[20.128s] Level 1:colcon.colcon_core.environment:create_environment_scripts_only(sllidar_ros2)
[20.129s] Level 1:colcon.colcon_core.environment:checking '/home/olympusolutions/senior_ws/install/sllidar_ros2' for CMake module files
[20.131s] Level 1:colcon.colcon_core.environment:checking '/home/olympusolutions/senior_ws/install/sllidar_ros2' for CMake config files
[20.132s] Level 1:colcon.colcon_core.shell:create_environment_hook('sllidar_ros2', 'cmake_prefix_path')
[20.133s] INFO:colcon.colcon_core.shell:Creating environment hook '/home/olympusolutions/senior_ws/install/sllidar_ros2/share/sllidar_ros2/hook/cmake_prefix_path.ps1'
[20.137s] INFO:colcon.colcon_core.shell:Creating environment descriptor '/home/olympusolutions/senior_ws/install/sllidar_ros2/share/sllidar_ros2/hook/cmake_prefix_path.dsv'
[20.140s] INFO:colcon.colcon_core.shell:Creating environment hook '/home/olympusolutions/senior_ws/install/sllidar_ros2/share/sllidar_ros2/hook/cmake_prefix_path.sh'
[20.143s] Level 1:colcon.colcon_core.environment:checking '/home/olympusolutions/senior_ws/install/sllidar_ros2/lib'
[20.144s] Level 1:colcon.colcon_core.environment:checking '/home/olympusolutions/senior_ws/install/sllidar_ros2/bin'
[20.144s] Level 1:colcon.colcon_core.environment:checking '/home/olympusolutions/senior_ws/install/sllidar_ros2/lib/pkgconfig/sllidar_ros2.pc'
[20.146s] Level 1:colcon.colcon_core.environment:checking '/home/olympusolutions/senior_ws/install/sllidar_ros2/lib/python3.12/site-packages'
[20.147s] Level 1:colcon.colcon_core.environment:checking '/home/olympusolutions/senior_ws/install/sllidar_ros2/bin'
[20.148s] INFO:colcon.colcon_core.shell:Creating package script '/home/olympusolutions/senior_ws/install/sllidar_ros2/share/sllidar_ros2/package.ps1'
[20.150s] INFO:colcon.colcon_core.shell:Creating package descriptor '/home/olympusolutions/senior_ws/install/sllidar_ros2/share/sllidar_ros2/package.dsv'
[20.154s] INFO:colcon.colcon_core.shell:Creating package script '/home/olympusolutions/senior_ws/install/sllidar_ros2/share/sllidar_ros2/package.sh'
[20.157s] INFO:colcon.colcon_core.shell:Creating package script '/home/olympusolutions/senior_ws/install/sllidar_ros2/share/sllidar_ros2/package.bash'
[20.160s] INFO:colcon.colcon_core.shell:Creating package script '/home/olympusolutions/senior_ws/install/sllidar_ros2/share/sllidar_ros2/package.zsh'
[20.164s] Level 1:colcon.colcon_core.environment:create_file_with_runtime_dependencies(/home/olympusolutions/senior_ws/install/sllidar_ros2/share/colcon-core/packages/sllidar_ros2)
[22.221s] DEBUG:colcon.colcon_core.event_handler.log_command:Invoking command in '/home/olympusolutions/senior_ws/build/serial_motor_demo': AMENT_PREFIX_PATH=/home/olympusolutions/senior_ws/install/serial_motor_demo_msgs:${AMENT_PREFIX_PATH} CMAKE_PREFIX_PATH=/home/olympusolutions/senior_ws/install/serial_motor_demo_msgs:${CMAKE_PREFIX_PATH} DEBUGINFOD_URLS=https://debuginfod.ubuntu.com LD_LIBRARY_PATH=/home/olympusolutions/senior_ws/install/serial_motor_demo_msgs/lib:${LD_LIBRARY_PATH} PYTHONPATH=/home/olympusolutions/senior_ws/build/serial_motor_demo/prefix_override:/home/olympusolutions/.espressif/python_env/idf5.4_py3.12_env/lib/python3.12/site-packages/colcon_core/task/python/colcon_distutils_commands:/home/olympusolutions/senior_ws/install/serial_motor_demo/lib/python3.12/site-packages:/home/olympusolutions/senior_ws/install/serial_motor_demo_msgs/lib/python3.12/site-packages:${PYTHONPATH} /home/olympusolutions/.espressif/python_env/idf5.4_py3.12_env/bin/python -W ignore:setup.py install is deprecated -W ignore:easy_install command is deprecated setup.py develop --editable --build-directory /home/olympusolutions/senior_ws/build/serial_motor_demo/build --no-deps symlink_data
[24.232s] DEBUG:colcon.colcon_core.event_handler.log_command:Invoking command in '/home/olympusolutions/senior_ws/build/twist_stamper': DEBUGINFOD_URLS=https://debuginfod.ubuntu.com PYTHONPATH=/home/olympusolutions/senior_ws/build/twist_stamper/prefix_override:/home/olympusolutions/.espressif/python_env/idf5.4_py3.12_env/lib/python3.12/site-packages/colcon_core/task/python/colcon_distutils_commands:/home/olympusolutions/senior_ws/install/twist_stamper/lib/python3.12/site-packages:${PYTHONPATH} /home/olympusolutions/.espressif/python_env/idf5.4_py3.12_env/bin/python -W ignore:setup.py install is deprecated -W ignore:easy_install command is deprecated setup.py develop --editable --build-directory /home/olympusolutions/senior_ws/build/twist_stamper/build --no-deps symlink_data
[25.279s] Level 1:colcon.colcon_core.shell:create_environment_hook('serial_motor_demo', 'pythonpath_develop')
[25.280s] INFO:colcon.colcon_core.shell:Creating environment hook '/home/olympusolutions/senior_ws/build/serial_motor_demo/share/serial_motor_demo/hook/pythonpath_develop.ps1'
[25.281s] INFO:colcon.colcon_core.shell:Creating environment descriptor '/home/olympusolutions/senior_ws/build/serial_motor_demo/share/serial_motor_demo/hook/pythonpath_develop.dsv'
[25.290s] DEBUG:colcon.colcon_core.event_handler.log_command:Invoked command in '/home/olympusolutions/senior_ws/build/serial_motor_demo' returned '0': AMENT_PREFIX_PATH=/home/olympusolutions/senior_ws/install/serial_motor_demo_msgs:${AMENT_PREFIX_PATH} CMAKE_PREFIX_PATH=/home/olympusolutions/senior_ws/install/serial_motor_demo_msgs:${CMAKE_PREFIX_PATH} DEBUGINFOD_URLS=https://debuginfod.ubuntu.com LD_LIBRARY_PATH=/home/olympusolutions/senior_ws/install/serial_motor_demo_msgs/lib:${LD_LIBRARY_PATH} PYTHONPATH=/home/olympusolutions/senior_ws/build/serial_motor_demo/prefix_override:/home/olympusolutions/.espressif/python_env/idf5.4_py3.12_env/lib/python3.12/site-packages/colcon_core/task/python/colcon_distutils_commands:/home/olympusolutions/senior_ws/install/serial_motor_demo/lib/python3.12/site-packages:/home/olympusolutions/senior_ws/install/serial_motor_demo_msgs/lib/python3.12/site-packages:${PYTHONPATH} /home/olympusolutions/.espressif/python_env/idf5.4_py3.12_env/bin/python -W ignore:setup.py install is deprecated -W ignore:easy_install command is deprecated setup.py develop --editable --build-directory /home/olympusolutions/senior_ws/build/serial_motor_demo/build --no-deps symlink_data
[25.298s] INFO:colcon.colcon_core.shell:Creating environment hook '/home/olympusolutions/senior_ws/build/serial_motor_demo/share/serial_motor_demo/hook/pythonpath_develop.sh'
[25.310s] Level 1:colcon.colcon_core.environment:checking '/home/olympusolutions/senior_ws/install/serial_motor_demo' for CMake module files
[25.330s] Level 1:colcon.colcon_core.environment:checking '/home/olympusolutions/senior_ws/install/serial_motor_demo' for CMake config files
[25.331s] Level 1:colcon.colcon_core.environment:checking '/home/olympusolutions/senior_ws/install/serial_motor_demo/lib'
[25.341s] Level 1:colcon.colcon_core.environment:checking '/home/olympusolutions/senior_ws/install/serial_motor_demo/bin'
[25.341s] Level 1:colcon.colcon_core.environment:checking '/home/olympusolutions/senior_ws/install/serial_motor_demo/lib/pkgconfig/serial_motor_demo.pc'
[25.350s] Level 1:colcon.colcon_core.environment:checking '/home/olympusolutions/senior_ws/install/serial_motor_demo/lib/python3.12/site-packages'
[25.355s] Level 1:colcon.colcon_core.shell:create_environment_hook('serial_motor_demo', 'pythonpath')
[25.366s] INFO:colcon.colcon_core.shell:Creating environment hook '/home/olympusolutions/senior_ws/install/serial_motor_demo/share/serial_motor_demo/hook/pythonpath.ps1'
[25.378s] INFO:colcon.colcon_core.shell:Creating environment descriptor '/home/olympusolutions/senior_ws/install/serial_motor_demo/share/serial_motor_demo/hook/pythonpath.dsv'
[25.396s] INFO:colcon.colcon_core.shell:Creating environment hook '/home/olympusolutions/senior_ws/install/serial_motor_demo/share/serial_motor_demo/hook/pythonpath.sh'
[25.405s] Level 1:colcon.colcon_core.environment:checking '/home/olympusolutions/senior_ws/install/serial_motor_demo/bin'
[25.405s] Level 1:colcon.colcon_core.environment:create_environment_scripts_only(serial_motor_demo)
[25.422s] INFO:colcon.colcon_core.shell:Creating package script '/home/olympusolutions/senior_ws/install/serial_motor_demo/share/serial_motor_demo/package.ps1'
[25.432s] INFO:colcon.colcon_core.shell:Creating package descriptor '/home/olympusolutions/senior_ws/install/serial_motor_demo/share/serial_motor_demo/package.dsv'
[25.440s] INFO:colcon.colcon_core.shell:Creating package script '/home/olympusolutions/senior_ws/install/serial_motor_demo/share/serial_motor_demo/package.sh'
[25.452s] INFO:colcon.colcon_core.shell:Creating package script '/home/olympusolutions/senior_ws/install/serial_motor_demo/share/serial_motor_demo/package.bash'
[25.460s] INFO:colcon.colcon_core.shell:Creating package script '/home/olympusolutions/senior_ws/install/serial_motor_demo/share/serial_motor_demo/package.zsh'
[25.466s] Level 1:colcon.colcon_core.environment:create_file_with_runtime_dependencies(/home/olympusolutions/senior_ws/install/serial_motor_demo/share/colcon-core/packages/serial_motor_demo)
[27.181s] Level 1:colcon.colcon_core.shell:create_environment_hook('twist_stamper', 'pythonpath_develop')
[27.182s] INFO:colcon.colcon_core.shell:Creating environment hook '/home/olympusolutions/senior_ws/build/twist_stamper/share/twist_stamper/hook/pythonpath_develop.ps1'
[27.182s] DEBUG:colcon.colcon_core.event_handler.log_command:Invoked command in '/home/olympusolutions/senior_ws/build/twist_stamper' returned '0': DEBUGINFOD_URLS=https://debuginfod.ubuntu.com PYTHONPATH=/home/olympusolutions/senior_ws/build/twist_stamper/prefix_override:/home/olympusolutions/.espressif/python_env/idf5.4_py3.12_env/lib/python3.12/site-packages/colcon_core/task/python/colcon_distutils_commands:/home/olympusolutions/senior_ws/install/twist_stamper/lib/python3.12/site-packages:${PYTHONPATH} /home/olympusolutions/.espressif/python_env/idf5.4_py3.12_env/bin/python -W ignore:setup.py install is deprecated -W ignore:easy_install command is deprecated setup.py develop --editable --build-directory /home/olympusolutions/senior_ws/build/twist_stamper/build --no-deps symlink_data
[27.183s] INFO:colcon.colcon_core.shell:Creating environment descriptor '/home/olympusolutions/senior_ws/build/twist_stamper/share/twist_stamper/hook/pythonpath_develop.dsv'
[27.184s] INFO:colcon.colcon_core.shell:Creating environment hook '/home/olympusolutions/senior_ws/build/twist_stamper/share/twist_stamper/hook/pythonpath_develop.sh'
[27.184s] Level 1:colcon.colcon_core.environment:checking '/home/olympusolutions/senior_ws/install/twist_stamper' for CMake module files
[27.185s] Level 1:colcon.colcon_core.environment:checking '/home/olympusolutions/senior_ws/install/twist_stamper' for CMake config files
[27.186s] Level 1:colcon.colcon_core.environment:checking '/home/olympusolutions/senior_ws/install/twist_stamper/lib'
[27.186s] Level 1:colcon.colcon_core.environment:checking '/home/olympusolutions/senior_ws/install/twist_stamper/bin'
[27.186s] Level 1:colcon.colcon_core.environment:checking '/home/olympusolutions/senior_ws/install/twist_stamper/lib/pkgconfig/twist_stamper.pc'
[27.187s] Level 1:colcon.colcon_core.environment:checking '/home/olympusolutions/senior_ws/install/twist_stamper/lib/python3.12/site-packages'
[27.187s] Level 1:colcon.colcon_core.shell:create_environment_hook('twist_stamper', 'pythonpath')
[27.187s] INFO:colcon.colcon_core.shell:Creating environment hook '/home/olympusolutions/senior_ws/install/twist_stamper/share/twist_stamper/hook/pythonpath.ps1'
[27.189s] INFO:colcon.colcon_core.shell:Creating environment descriptor '/home/olympusolutions/senior_ws/install/twist_stamper/share/twist_stamper/hook/pythonpath.dsv'
[27.190s] INFO:colcon.colcon_core.shell:Creating environment hook '/home/olympusolutions/senior_ws/install/twist_stamper/share/twist_stamper/hook/pythonpath.sh'
[27.192s] Level 1:colcon.colcon_core.environment:checking '/home/olympusolutions/senior_ws/install/twist_stamper/bin'
[27.193s] Level 1:colcon.colcon_core.environment:create_environment_scripts_only(twist_stamper)
[27.193s] INFO:colcon.colcon_core.shell:Creating package script '/home/olympusolutions/senior_ws/install/twist_stamper/share/twist_stamper/package.ps1'
[27.195s] INFO:colcon.colcon_core.shell:Creating package descriptor '/home/olympusolutions/senior_ws/install/twist_stamper/share/twist_stamper/package.dsv'
[27.196s] INFO:colcon.colcon_core.shell:Creating package script '/home/olympusolutions/senior_ws/install/twist_stamper/share/twist_stamper/package.sh'
[27.197s] INFO:colcon.colcon_core.shell:Creating package script '/home/olympusolutions/senior_ws/install/twist_stamper/share/twist_stamper/package.bash'
[27.198s] INFO:colcon.colcon_core.shell:Creating package script '/home/olympusolutions/senior_ws/install/twist_stamper/share/twist_stamper/package.zsh'
[27.199s] Level 1:colcon.colcon_core.environment:create_file_with_runtime_dependencies(/home/olympusolutions/senior_ws/install/twist_stamper/share/colcon-core/packages/twist_stamper)
[27.200s] DEBUG:colcon.colcon_parallel_executor.executor.parallel:closing loop
[27.200s] DEBUG:colcon.colcon_parallel_executor.executor.parallel:loop closed
[27.201s] DEBUG:colcon.colcon_parallel_executor.executor.parallel:run_until_complete finished with '0'
[27.202s] DEBUG:colcon.colcon_core.event_reactor:joining thread
[27.279s] INFO:colcon.colcon_core.plugin_system:Skipping extension 'colcon_notification.desktop_notification.notify2': 'notify2' not found
[27.282s] INFO:colcon.colcon_core.plugin_system:Skipping extension 'colcon_notification.desktop_notification.terminal_notifier': Not used on non-Darwin systems
[27.282s] INFO:colcon.colcon_core.plugin_system:Skipping extension 'colcon_notification.desktop_notification.win32': Not used on non-Windows systems
[27.282s] INFO:colcon.colcon_notification.desktop_notification:Sending desktop notification using 'notify_send'
[27.450s] DEBUG:colcon.colcon_core.event_reactor:joined thread
[27.450s] INFO:colcon.colcon_core.shell:Creating prefix script '/home/olympusolutions/senior_ws/install/local_setup.ps1'
[27.454s] INFO:colcon.colcon_core.shell:Creating prefix util module '/home/olympusolutions/senior_ws/install/_local_setup_util_ps1.py'
[27.458s] INFO:colcon.colcon_core.shell:Creating prefix chain script '/home/olympusolutions/senior_ws/install/setup.ps1'
[27.463s] INFO:colcon.colcon_core.shell:Creating prefix script '/home/olympusolutions/senior_ws/install/local_setup.sh'
[27.466s] INFO:colcon.colcon_core.shell:Creating prefix util module '/home/olympusolutions/senior_ws/install/_local_setup_util_sh.py'
[27.468s] INFO:colcon.colcon_core.shell:Creating prefix chain script '/home/olympusolutions/senior_ws/install/setup.sh'
[27.471s] INFO:colcon.colcon_core.shell:Creating prefix script '/home/olympusolutions/senior_ws/install/local_setup.bash'
[27.474s] INFO:colcon.colcon_core.shell:Creating prefix chain script '/home/olympusolutions/senior_ws/install/setup.bash'
[27.478s] INFO:colcon.colcon_core.shell:Creating prefix script '/home/olympusolutions/senior_ws/install/local_setup.zsh'
[27.481s] INFO:colcon.colcon_core.shell:Creating prefix chain script '/home/olympusolutions/senior_ws/install/setup.zsh'
