[0.170s] DEBUG:colcon:Command line arguments: ['/usr/bin/colcon', 'build']
[0.171s] DEBUG:colcon:Parsed command line arguments: Namespace(log_base=None, log_level=None, verb_name='build', build_base='build', install_base='install', merge_install=False, symlink_install=False, test_result_base=None, continue_on_error=False, executor='parallel', parallel_workers=4, event_handlers=None, ignore_user_meta=False, metas=['./colcon.meta'], base_paths=['.'], packages_ignore=None, packages_ignore_regex=None, paths=None, packages_up_to=None, packages_up_to_regex=None, packages_above=None, packages_above_and_dependencies=None, packages_above_depth=None, packages_select_by_dep=None, packages_skip_by_dep=None, packages_skip_up_to=None, packages_select_build_failed=False, packages_skip_build_finished=False, packages_select_test_failures=False, packages_skip_test_passed=False, packages_select=None, packages_skip=None, packages_select_regex=None, packages_skip_regex=None, packages_start=None, packages_end=None, allow_overriding=[], cmake_args=None, cmake_target=None, cmake_target_skip_unavailable=False, cmake_clean_cache=False, cmake_clean_first=False, cmake_force_configure=False, ament_cmake_args=None, catkin_cmake_args=None, catkin_skip_building_tests=False, mixin_files=None, mixin=None, verb_parser=<colcon_mixin.mixin.mixin_argument.MixinArgumentDecorator object at 0xffff8caf1670>, verb_extension=<colcon_core.verb.build.BuildVerb object at 0xffff8cca5ca0>, main=<bound method BuildVerb.main of <colcon_core.verb.build.BuildVerb object at 0xffff8cca5ca0>>, mixin_verb=('build',))
[0.232s] Level 1:colcon.colcon_core.package_discovery:discover_packages(colcon_meta) check parameters
[0.232s] Level 1:colcon.colcon_core.package_discovery:discover_packages(recursive) check parameters
[0.232s] Level 1:colcon.colcon_core.package_discovery:discover_packages(ignore) check parameters
[0.232s] Level 1:colcon.colcon_core.package_discovery:discover_packages(path) check parameters
[0.232s] Level 1:colcon.colcon_core.package_discovery:discover_packages(colcon_meta) discover
[0.232s] Level 1:colcon.colcon_core.package_discovery:discover_packages(recursive) discover
[0.232s] INFO:colcon.colcon_core.package_discovery:Crawling recursively for packages in '/home/olympusolutions/senior_ws'
[0.233s] Level 1:colcon.colcon_core.package_identification:_identify(.) by extensions ['ignore', 'ignore_ament_install']
[0.233s] Level 1:colcon.colcon_core.package_identification:_identify(.) by extension 'ignore'
[0.233s] Level 1:colcon.colcon_core.package_identification:_identify(.) by extension 'ignore_ament_install'
[0.233s] Level 1:colcon.colcon_core.package_identification:_identify(.) by extensions ['colcon_pkg']
[0.233s] Level 1:colcon.colcon_core.package_identification:_identify(.) by extension 'colcon_pkg'
[0.233s] Level 1:colcon.colcon_core.package_identification:_identify(.) by extensions ['colcon_meta']
[0.233s] Level 1:colcon.colcon_core.package_identification:_identify(.) by extension 'colcon_meta'
[0.233s] Level 1:colcon.colcon_core.package_identification:_identify(.) by extensions ['ros']
[0.233s] Level 1:colcon.colcon_core.package_identification:_identify(.) by extension 'ros'
[0.275s] Level 1:colcon.colcon_core.package_identification:_identify(.) by extensions ['cmake', 'python']
[0.275s] Level 1:colcon.colcon_core.package_identification:_identify(.) by extension 'cmake'
[0.275s] Level 1:colcon.colcon_core.package_identification:_identify(.) by extension 'python'
[0.275s] Level 1:colcon.colcon_core.package_identification:_identify(.) by extensions ['python_setup_py']
[0.275s] Level 1:colcon.colcon_core.package_identification:_identify(.) by extension 'python_setup_py'
[0.276s] Level 1:colcon.colcon_core.package_identification:_identify(build) by extensions ['ignore', 'ignore_ament_install']
[0.276s] Level 1:colcon.colcon_core.package_identification:_identify(build) by extension 'ignore'
[0.276s] Level 1:colcon.colcon_core.package_identification:_identify(build) ignored
[0.276s] Level 1:colcon.colcon_core.package_identification:_identify(install) by extensions ['ignore', 'ignore_ament_install']
[0.276s] Level 1:colcon.colcon_core.package_identification:_identify(install) by extension 'ignore'
[0.276s] Level 1:colcon.colcon_core.package_identification:_identify(install) ignored
[0.276s] Level 1:colcon.colcon_core.package_identification:_identify(log) by extensions ['ignore', 'ignore_ament_install']
[0.276s] Level 1:colcon.colcon_core.package_identification:_identify(log) by extension 'ignore'
[0.276s] Level 1:colcon.colcon_core.package_identification:_identify(log) ignored
[0.276s] Level 1:colcon.colcon_core.package_identification:_identify(src) by extensions ['ignore', 'ignore_ament_install']
[0.277s] Level 1:colcon.colcon_core.package_identification:_identify(src) by extension 'ignore'
[0.277s] Level 1:colcon.colcon_core.package_identification:_identify(src) by extension 'ignore_ament_install'
[0.277s] Level 1:colcon.colcon_core.package_identification:_identify(src) by extensions ['colcon_pkg']
[0.277s] Level 1:colcon.colcon_core.package_identification:_identify(src) by extension 'colcon_pkg'
[0.277s] Level 1:colcon.colcon_core.package_identification:_identify(src) by extensions ['colcon_meta']
[0.277s] Level 1:colcon.colcon_core.package_identification:_identify(src) by extension 'colcon_meta'
[0.277s] Level 1:colcon.colcon_core.package_identification:_identify(src) by extensions ['ros']
[0.277s] Level 1:colcon.colcon_core.package_identification:_identify(src) by extension 'ros'
[0.277s] Level 1:colcon.colcon_core.package_identification:_identify(src) by extensions ['cmake', 'python']
[0.277s] Level 1:colcon.colcon_core.package_identification:_identify(src) by extension 'cmake'
[0.277s] Level 1:colcon.colcon_core.package_identification:_identify(src) by extension 'python'
[0.277s] Level 1:colcon.colcon_core.package_identification:_identify(src) by extensions ['python_setup_py']
[0.277s] Level 1:colcon.colcon_core.package_identification:_identify(src) by extension 'python_setup_py'
[0.277s] Level 1:colcon.colcon_core.package_identification:_identify(src/diffdrive_arduino) by extensions ['ignore', 'ignore_ament_install']
[0.277s] Level 1:colcon.colcon_core.package_identification:_identify(src/diffdrive_arduino) by extension 'ignore'
[0.277s] Level 1:colcon.colcon_core.package_identification:_identify(src/diffdrive_arduino) by extension 'ignore_ament_install'
[0.277s] Level 1:colcon.colcon_core.package_identification:_identify(src/diffdrive_arduino) by extensions ['colcon_pkg']
[0.277s] Level 1:colcon.colcon_core.package_identification:_identify(src/diffdrive_arduino) by extension 'colcon_pkg'
[0.278s] Level 1:colcon.colcon_core.package_identification:_identify(src/diffdrive_arduino) by extensions ['colcon_meta']
[0.278s] Level 1:colcon.colcon_core.package_identification:_identify(src/diffdrive_arduino) by extension 'colcon_meta'
[0.278s] Level 1:colcon.colcon_core.package_identification:_identify(src/diffdrive_arduino) by extensions ['ros']
[0.278s] Level 1:colcon.colcon_core.package_identification:_identify(src/diffdrive_arduino) by extension 'ros'
[0.281s] DEBUG:colcon.colcon_core.package_identification:Package 'src/diffdrive_arduino' with type 'ros.ament_cmake' and name 'diffdrive_arduino'
[0.282s] Level 1:colcon.colcon_core.package_identification:_identify(src/extender_arduino) by extensions ['ignore', 'ignore_ament_install']
[0.282s] Level 1:colcon.colcon_core.package_identification:_identify(src/extender_arduino) by extension 'ignore'
[0.282s] Level 1:colcon.colcon_core.package_identification:_identify(src/extender_arduino) by extension 'ignore_ament_install'
[0.282s] Level 1:colcon.colcon_core.package_identification:_identify(src/extender_arduino) by extensions ['colcon_pkg']
[0.282s] Level 1:colcon.colcon_core.package_identification:_identify(src/extender_arduino) by extension 'colcon_pkg'
[0.282s] Level 1:colcon.colcon_core.package_identification:_identify(src/extender_arduino) by extensions ['colcon_meta']
[0.282s] Level 1:colcon.colcon_core.package_identification:_identify(src/extender_arduino) by extension 'colcon_meta'
[0.282s] Level 1:colcon.colcon_core.package_identification:_identify(src/extender_arduino) by extensions ['ros']
[0.282s] Level 1:colcon.colcon_core.package_identification:_identify(src/extender_arduino) by extension 'ros'
[0.283s] DEBUG:colcon.colcon_core.package_identification:Package 'src/extender_arduino' with type 'ros.ament_cmake' and name 'extender_arduino'
[0.283s] Level 1:colcon.colcon_core.package_identification:_identify(src/joy_tester) by extensions ['ignore', 'ignore_ament_install']
[0.283s] Level 1:colcon.colcon_core.package_identification:_identify(src/joy_tester) by extension 'ignore'
[0.283s] Level 1:colcon.colcon_core.package_identification:_identify(src/joy_tester) by extension 'ignore_ament_install'
[0.283s] Level 1:colcon.colcon_core.package_identification:_identify(src/joy_tester) by extensions ['colcon_pkg']
[0.283s] Level 1:colcon.colcon_core.package_identification:_identify(src/joy_tester) by extension 'colcon_pkg'
[0.284s] Level 1:colcon.colcon_core.package_identification:_identify(src/joy_tester) by extensions ['colcon_meta']
[0.284s] Level 1:colcon.colcon_core.package_identification:_identify(src/joy_tester) by extension 'colcon_meta'
[0.284s] Level 1:colcon.colcon_core.package_identification:_identify(src/joy_tester) by extensions ['ros']
[0.284s] Level 1:colcon.colcon_core.package_identification:_identify(src/joy_tester) by extension 'ros'
[0.284s] DEBUG:colcon.colcon_core.package_identification:Package 'src/joy_tester' with type 'ros.ament_python' and name 'joy_tester'
[0.285s] Level 1:colcon.colcon_core.package_identification:_identify(src/minibot) by extensions ['ignore', 'ignore_ament_install']
[0.285s] Level 1:colcon.colcon_core.package_identification:_identify(src/minibot) by extension 'ignore'
[0.285s] Level 1:colcon.colcon_core.package_identification:_identify(src/minibot) by extension 'ignore_ament_install'
[0.285s] Level 1:colcon.colcon_core.package_identification:_identify(src/minibot) by extensions ['colcon_pkg']
[0.285s] Level 1:colcon.colcon_core.package_identification:_identify(src/minibot) by extension 'colcon_pkg'
[0.285s] Level 1:colcon.colcon_core.package_identification:_identify(src/minibot) by extensions ['colcon_meta']
[0.285s] Level 1:colcon.colcon_core.package_identification:_identify(src/minibot) by extension 'colcon_meta'
[0.285s] Level 1:colcon.colcon_core.package_identification:_identify(src/minibot) by extensions ['ros']
[0.285s] Level 1:colcon.colcon_core.package_identification:_identify(src/minibot) by extension 'ros'
[0.286s] DEBUG:colcon.colcon_core.package_identification:Package 'src/minibot' with type 'ros.ament_cmake' and name 'minibot'
[0.286s] Level 1:colcon.colcon_core.package_identification:_identify(src/riley_ws) by extensions ['ignore', 'ignore_ament_install']
[0.286s] Level 1:colcon.colcon_core.package_identification:_identify(src/riley_ws) by extension 'ignore'
[0.286s] Level 1:colcon.colcon_core.package_identification:_identify(src/riley_ws) by extension 'ignore_ament_install'
[0.286s] Level 1:colcon.colcon_core.package_identification:_identify(src/riley_ws) by extensions ['colcon_pkg']
[0.286s] Level 1:colcon.colcon_core.package_identification:_identify(src/riley_ws) by extension 'colcon_pkg'
[0.286s] Level 1:colcon.colcon_core.package_identification:_identify(src/riley_ws) by extensions ['colcon_meta']
[0.286s] Level 1:colcon.colcon_core.package_identification:_identify(src/riley_ws) by extension 'colcon_meta'
[0.286s] Level 1:colcon.colcon_core.package_identification:_identify(src/riley_ws) by extensions ['ros']
[0.286s] Level 1:colcon.colcon_core.package_identification:_identify(src/riley_ws) by extension 'ros'
[0.286s] Level 1:colcon.colcon_core.package_identification:_identify(src/riley_ws) by extensions ['cmake', 'python']
[0.286s] Level 1:colcon.colcon_core.package_identification:_identify(src/riley_ws) by extension 'cmake'
[0.286s] Level 1:colcon.colcon_core.package_identification:_identify(src/riley_ws) by extension 'python'
[0.286s] Level 1:colcon.colcon_core.package_identification:_identify(src/riley_ws) by extensions ['python_setup_py']
[0.286s] Level 1:colcon.colcon_core.package_identification:_identify(src/riley_ws) by extension 'python_setup_py'
[0.287s] Level 1:colcon.colcon_core.package_identification:_identify(src/riley_ws/build) by extensions ['ignore', 'ignore_ament_install']
[0.287s] Level 1:colcon.colcon_core.package_identification:_identify(src/riley_ws/build) by extension 'ignore'
[0.287s] Level 1:colcon.colcon_core.package_identification:_identify(src/riley_ws/build) ignored
[0.287s] Level 1:colcon.colcon_core.package_identification:_identify(src/riley_ws/install) by extensions ['ignore', 'ignore_ament_install']
[0.287s] Level 1:colcon.colcon_core.package_identification:_identify(src/riley_ws/install) by extension 'ignore'
[0.287s] Level 1:colcon.colcon_core.package_identification:_identify(src/riley_ws/install) ignored
[0.287s] Level 1:colcon.colcon_core.package_identification:_identify(src/riley_ws/log) by extensions ['ignore', 'ignore_ament_install']
[0.287s] Level 1:colcon.colcon_core.package_identification:_identify(src/riley_ws/log) by extension 'ignore'
[0.287s] Level 1:colcon.colcon_core.package_identification:_identify(src/riley_ws/log) ignored
[0.287s] Level 1:colcon.colcon_core.package_identification:_identify(src/riley_ws/src) by extensions ['ignore', 'ignore_ament_install']
[0.287s] Level 1:colcon.colcon_core.package_identification:_identify(src/riley_ws/src) by extension 'ignore'
[0.287s] Level 1:colcon.colcon_core.package_identification:_identify(src/riley_ws/src) by extension 'ignore_ament_install'
[0.287s] Level 1:colcon.colcon_core.package_identification:_identify(src/riley_ws/src) by extensions ['colcon_pkg']
[0.287s] Level 1:colcon.colcon_core.package_identification:_identify(src/riley_ws/src) by extension 'colcon_pkg'
[0.288s] Level 1:colcon.colcon_core.package_identification:_identify(src/riley_ws/src) by extensions ['colcon_meta']
[0.288s] Level 1:colcon.colcon_core.package_identification:_identify(src/riley_ws/src) by extension 'colcon_meta'
[0.288s] Level 1:colcon.colcon_core.package_identification:_identify(src/riley_ws/src) by extensions ['ros']
[0.288s] Level 1:colcon.colcon_core.package_identification:_identify(src/riley_ws/src) by extension 'ros'
[0.288s] Level 1:colcon.colcon_core.package_identification:_identify(src/riley_ws/src) by extensions ['cmake', 'python']
[0.288s] Level 1:colcon.colcon_core.package_identification:_identify(src/riley_ws/src) by extension 'cmake'
[0.288s] Level 1:colcon.colcon_core.package_identification:_identify(src/riley_ws/src) by extension 'python'
[0.288s] Level 1:colcon.colcon_core.package_identification:_identify(src/riley_ws/src) by extensions ['python_setup_py']
[0.288s] Level 1:colcon.colcon_core.package_identification:_identify(src/riley_ws/src) by extension 'python_setup_py'
[0.288s] Level 1:colcon.colcon_core.package_identification:_identify(src/riley_ws/src/listener_package) by extensions ['ignore', 'ignore_ament_install']
[0.288s] Level 1:colcon.colcon_core.package_identification:_identify(src/riley_ws/src/listener_package) by extension 'ignore'
[0.288s] Level 1:colcon.colcon_core.package_identification:_identify(src/riley_ws/src/listener_package) by extension 'ignore_ament_install'
[0.288s] Level 1:colcon.colcon_core.package_identification:_identify(src/riley_ws/src/listener_package) by extensions ['colcon_pkg']
[0.288s] Level 1:colcon.colcon_core.package_identification:_identify(src/riley_ws/src/listener_package) by extension 'colcon_pkg'
[0.288s] Level 1:colcon.colcon_core.package_identification:_identify(src/riley_ws/src/listener_package) by extensions ['colcon_meta']
[0.288s] Level 1:colcon.colcon_core.package_identification:_identify(src/riley_ws/src/listener_package) by extension 'colcon_meta'
[0.288s] Level 1:colcon.colcon_core.package_identification:_identify(src/riley_ws/src/listener_package) by extensions ['ros']
[0.288s] Level 1:colcon.colcon_core.package_identification:_identify(src/riley_ws/src/listener_package) by extension 'ros'
[0.289s] DEBUG:colcon.colcon_core.package_identification:Package 'src/riley_ws/src/listener_package' with type 'ros.ament_python' and name 'listener_package'
[0.289s] Level 1:colcon.colcon_core.package_identification:_identify(src/riley_ws/src/my_package) by extensions ['ignore', 'ignore_ament_install']
[0.289s] Level 1:colcon.colcon_core.package_identification:_identify(src/riley_ws/src/my_package) by extension 'ignore'
[0.289s] Level 1:colcon.colcon_core.package_identification:_identify(src/riley_ws/src/my_package) by extension 'ignore_ament_install'
[0.289s] Level 1:colcon.colcon_core.package_identification:_identify(src/riley_ws/src/my_package) by extensions ['colcon_pkg']
[0.289s] Level 1:colcon.colcon_core.package_identification:_identify(src/riley_ws/src/my_package) by extension 'colcon_pkg'
[0.290s] Level 1:colcon.colcon_core.package_identification:_identify(src/riley_ws/src/my_package) by extensions ['colcon_meta']
[0.290s] Level 1:colcon.colcon_core.package_identification:_identify(src/riley_ws/src/my_package) by extension 'colcon_meta'
[0.290s] Level 1:colcon.colcon_core.package_identification:_identify(src/riley_ws/src/my_package) by extensions ['ros']
[0.290s] Level 1:colcon.colcon_core.package_identification:_identify(src/riley_ws/src/my_package) by extension 'ros'
[0.290s] DEBUG:colcon.colcon_core.package_identification:Package 'src/riley_ws/src/my_package' with type 'ros.ament_python' and name 'my_package'
[0.290s] Level 1:colcon.colcon_core.package_identification:_identify(src/serial) by extensions ['ignore', 'ignore_ament_install']
[0.290s] Level 1:colcon.colcon_core.package_identification:_identify(src/serial) by extension 'ignore'
[0.291s] Level 1:colcon.colcon_core.package_identification:_identify(src/serial) by extension 'ignore_ament_install'
[0.291s] Level 1:colcon.colcon_core.package_identification:_identify(src/serial) by extensions ['colcon_pkg']
[0.291s] Level 1:colcon.colcon_core.package_identification:_identify(src/serial) by extension 'colcon_pkg'
[0.291s] Level 1:colcon.colcon_core.package_identification:_identify(src/serial) by extensions ['colcon_meta']
[0.291s] Level 1:colcon.colcon_core.package_identification:_identify(src/serial) by extension 'colcon_meta'
[0.291s] Level 1:colcon.colcon_core.package_identification:_identify(src/serial) by extensions ['ros']
[0.291s] Level 1:colcon.colcon_core.package_identification:_identify(src/serial) by extension 'ros'
[0.291s] DEBUG:colcon.colcon_core.package_identification:Package 'src/serial' with type 'ros.ament_cmake' and name 'serial'
[0.292s] Level 1:colcon.colcon_core.package_identification:_identify(src/serial_motor_demo) by extensions ['ignore', 'ignore_ament_install']
[0.292s] Level 1:colcon.colcon_core.package_identification:_identify(src/serial_motor_demo) by extension 'ignore'
[0.292s] Level 1:colcon.colcon_core.package_identification:_identify(src/serial_motor_demo) by extension 'ignore_ament_install'
[0.292s] Level 1:colcon.colcon_core.package_identification:_identify(src/serial_motor_demo) by extensions ['colcon_pkg']
[0.292s] Level 1:colcon.colcon_core.package_identification:_identify(src/serial_motor_demo) by extension 'colcon_pkg'
[0.292s] Level 1:colcon.colcon_core.package_identification:_identify(src/serial_motor_demo) by extensions ['colcon_meta']
[0.292s] Level 1:colcon.colcon_core.package_identification:_identify(src/serial_motor_demo) by extension 'colcon_meta'
[0.292s] Level 1:colcon.colcon_core.package_identification:_identify(src/serial_motor_demo) by extensions ['ros']
[0.292s] Level 1:colcon.colcon_core.package_identification:_identify(src/serial_motor_demo) by extension 'ros'
[0.292s] Level 1:colcon.colcon_core.package_identification:_identify(src/serial_motor_demo) by extensions ['cmake', 'python']
[0.292s] Level 1:colcon.colcon_core.package_identification:_identify(src/serial_motor_demo) by extension 'cmake'
[0.292s] Level 1:colcon.colcon_core.package_identification:_identify(src/serial_motor_demo) by extension 'python'
[0.292s] Level 1:colcon.colcon_core.package_identification:_identify(src/serial_motor_demo) by extensions ['python_setup_py']
[0.292s] Level 1:colcon.colcon_core.package_identification:_identify(src/serial_motor_demo) by extension 'python_setup_py'
[0.292s] Level 1:colcon.colcon_core.package_identification:_identify(src/serial_motor_demo/serial_motor_demo) by extensions ['ignore', 'ignore_ament_install']
[0.292s] Level 1:colcon.colcon_core.package_identification:_identify(src/serial_motor_demo/serial_motor_demo) by extension 'ignore'
[0.292s] Level 1:colcon.colcon_core.package_identification:_identify(src/serial_motor_demo/serial_motor_demo) by extension 'ignore_ament_install'
[0.293s] Level 1:colcon.colcon_core.package_identification:_identify(src/serial_motor_demo/serial_motor_demo) by extensions ['colcon_pkg']
[0.293s] Level 1:colcon.colcon_core.package_identification:_identify(src/serial_motor_demo/serial_motor_demo) by extension 'colcon_pkg'
[0.293s] Level 1:colcon.colcon_core.package_identification:_identify(src/serial_motor_demo/serial_motor_demo) by extensions ['colcon_meta']
[0.293s] Level 1:colcon.colcon_core.package_identification:_identify(src/serial_motor_demo/serial_motor_demo) by extension 'colcon_meta'
[0.293s] Level 1:colcon.colcon_core.package_identification:_identify(src/serial_motor_demo/serial_motor_demo) by extensions ['ros']
[0.293s] Level 1:colcon.colcon_core.package_identification:_identify(src/serial_motor_demo/serial_motor_demo) by extension 'ros'
[0.293s] DEBUG:colcon.colcon_core.package_identification:Package 'src/serial_motor_demo/serial_motor_demo' with type 'ros.ament_python' and name 'serial_motor_demo'
[0.293s] Level 1:colcon.colcon_core.package_identification:_identify(src/serial_motor_demo/serial_motor_demo_msgs) by extensions ['ignore', 'ignore_ament_install']
[0.294s] Level 1:colcon.colcon_core.package_identification:_identify(src/serial_motor_demo/serial_motor_demo_msgs) by extension 'ignore'
[0.294s] Level 1:colcon.colcon_core.package_identification:_identify(src/serial_motor_demo/serial_motor_demo_msgs) by extension 'ignore_ament_install'
[0.294s] Level 1:colcon.colcon_core.package_identification:_identify(src/serial_motor_demo/serial_motor_demo_msgs) by extensions ['colcon_pkg']
[0.294s] Level 1:colcon.colcon_core.package_identification:_identify(src/serial_motor_demo/serial_motor_demo_msgs) by extension 'colcon_pkg'
[0.294s] Level 1:colcon.colcon_core.package_identification:_identify(src/serial_motor_demo/serial_motor_demo_msgs) by extensions ['colcon_meta']
[0.294s] Level 1:colcon.colcon_core.package_identification:_identify(src/serial_motor_demo/serial_motor_demo_msgs) by extension 'colcon_meta'
[0.294s] Level 1:colcon.colcon_core.package_identification:_identify(src/serial_motor_demo/serial_motor_demo_msgs) by extensions ['ros']
[0.294s] Level 1:colcon.colcon_core.package_identification:_identify(src/serial_motor_demo/serial_motor_demo_msgs) by extension 'ros'
[0.295s] DEBUG:colcon.colcon_core.package_identification:Package 'src/serial_motor_demo/serial_motor_demo_msgs' with type 'ros.ament_cmake' and name 'serial_motor_demo_msgs'
[0.295s] Level 1:colcon.colcon_core.package_identification:_identify(src/sllidar_ros2) by extensions ['ignore', 'ignore_ament_install']
[0.295s] Level 1:colcon.colcon_core.package_identification:_identify(src/sllidar_ros2) by extension 'ignore'
[0.295s] Level 1:colcon.colcon_core.package_identification:_identify(src/sllidar_ros2) by extension 'ignore_ament_install'
[0.295s] Level 1:colcon.colcon_core.package_identification:_identify(src/sllidar_ros2) by extensions ['colcon_pkg']
[0.295s] Level 1:colcon.colcon_core.package_identification:_identify(src/sllidar_ros2) by extension 'colcon_pkg'
[0.295s] Level 1:colcon.colcon_core.package_identification:_identify(src/sllidar_ros2) by extensions ['colcon_meta']
[0.295s] Level 1:colcon.colcon_core.package_identification:_identify(src/sllidar_ros2) by extension 'colcon_meta'
[0.295s] Level 1:colcon.colcon_core.package_identification:_identify(src/sllidar_ros2) by extensions ['ros']
[0.295s] Level 1:colcon.colcon_core.package_identification:_identify(src/sllidar_ros2) by extension 'ros'
[0.296s] DEBUG:colcon.colcon_core.package_identification:Package 'src/sllidar_ros2' with type 'ros.ament_cmake' and name 'sllidar_ros2'
[0.296s] Level 1:colcon.colcon_core.package_identification:_identify(src/twist_stamper) by extensions ['ignore', 'ignore_ament_install']
[0.296s] Level 1:colcon.colcon_core.package_identification:_identify(src/twist_stamper) by extension 'ignore'
[0.296s] Level 1:colcon.colcon_core.package_identification:_identify(src/twist_stamper) by extension 'ignore_ament_install'
[0.296s] Level 1:colcon.colcon_core.package_identification:_identify(src/twist_stamper) by extensions ['colcon_pkg']
[0.296s] Level 1:colcon.colcon_core.package_identification:_identify(src/twist_stamper) by extension 'colcon_pkg'
[0.297s] Level 1:colcon.colcon_core.package_identification:_identify(src/twist_stamper) by extensions ['colcon_meta']
[0.297s] Level 1:colcon.colcon_core.package_identification:_identify(src/twist_stamper) by extension 'colcon_meta'
[0.297s] Level 1:colcon.colcon_core.package_identification:_identify(src/twist_stamper) by extensions ['ros']
[0.297s] Level 1:colcon.colcon_core.package_identification:_identify(src/twist_stamper) by extension 'ros'
[0.297s] DEBUG:colcon.colcon_core.package_identification:Package 'src/twist_stamper' with type 'ros.ament_python' and name 'twist_stamper'
[0.297s] Level 1:colcon.colcon_core.package_discovery:discover_packages(recursive) using defaults
[0.297s] Level 1:colcon.colcon_core.package_discovery:discover_packages(ignore) discover
[0.297s] Level 1:colcon.colcon_core.package_discovery:discover_packages(ignore) using defaults
[0.297s] Level 1:colcon.colcon_core.package_discovery:discover_packages(path) discover
[0.297s] Level 1:colcon.colcon_core.package_discovery:discover_packages(path) using defaults
[0.325s] Level 1:colcon.colcon_core.package_discovery:discover_packages(prefix_path) check parameters
[0.325s] Level 1:colcon.colcon_core.package_discovery:discover_packages(prefix_path) discover
[0.328s] DEBUG:colcon.colcon_installed_package_information.package_discovery:Found 11 installed packages in /home/olympusolutions/senior_ws/install
[0.331s] DEBUG:colcon.colcon_installed_package_information.package_discovery:Found 424 installed packages in /opt/ros/jazzy
[0.334s] Level 1:colcon.colcon_core.package_discovery:discover_packages(prefix_path) using defaults
[0.416s] Level 5:colcon.colcon_core.verb:set package 'diffdrive_arduino' build argument 'cmake_args' from command line to 'None'
[0.416s] Level 5:colcon.colcon_core.verb:set package 'diffdrive_arduino' build argument 'cmake_target' from command line to 'None'
[0.416s] Level 5:colcon.colcon_core.verb:set package 'diffdrive_arduino' build argument 'cmake_target_skip_unavailable' from command line to 'False'
[0.416s] Level 5:colcon.colcon_core.verb:set package 'diffdrive_arduino' build argument 'cmake_clean_cache' from command line to 'False'
[0.417s] Level 5:colcon.colcon_core.verb:set package 'diffdrive_arduino' build argument 'cmake_clean_first' from command line to 'False'
[0.417s] Level 5:colcon.colcon_core.verb:set package 'diffdrive_arduino' build argument 'cmake_force_configure' from command line to 'False'
[0.417s] Level 5:colcon.colcon_core.verb:set package 'diffdrive_arduino' build argument 'ament_cmake_args' from command line to 'None'
[0.417s] Level 5:colcon.colcon_core.verb:set package 'diffdrive_arduino' build argument 'catkin_cmake_args' from command line to 'None'
[0.417s] Level 5:colcon.colcon_core.verb:set package 'diffdrive_arduino' build argument 'catkin_skip_building_tests' from command line to 'False'
[0.417s] DEBUG:colcon.colcon_core.verb:Building package 'diffdrive_arduino' with the following arguments: {'ament_cmake_args': None, 'build_base': '/home/olympusolutions/senior_ws/build/diffdrive_arduino', 'catkin_cmake_args': None, 'catkin_skip_building_tests': False, 'cmake_args': None, 'cmake_clean_cache': False, 'cmake_clean_first': False, 'cmake_force_configure': False, 'cmake_target': None, 'cmake_target_skip_unavailable': False, 'install_base': '/home/olympusolutions/senior_ws/install/diffdrive_arduino', 'merge_install': False, 'path': '/home/olympusolutions/senior_ws/src/diffdrive_arduino', 'symlink_install': False, 'test_result_base': None}
[0.417s] Level 5:colcon.colcon_core.verb:set package 'extender_arduino' build argument 'cmake_args' from command line to 'None'
[0.417s] Level 5:colcon.colcon_core.verb:set package 'extender_arduino' build argument 'cmake_target' from command line to 'None'
[0.417s] Level 5:colcon.colcon_core.verb:set package 'extender_arduino' build argument 'cmake_target_skip_unavailable' from command line to 'False'
[0.417s] Level 5:colcon.colcon_core.verb:set package 'extender_arduino' build argument 'cmake_clean_cache' from command line to 'False'
[0.417s] Level 5:colcon.colcon_core.verb:set package 'extender_arduino' build argument 'cmake_clean_first' from command line to 'False'
[0.417s] Level 5:colcon.colcon_core.verb:set package 'extender_arduino' build argument 'cmake_force_configure' from command line to 'False'
[0.417s] Level 5:colcon.colcon_core.verb:set package 'extender_arduino' build argument 'ament_cmake_args' from command line to 'None'
[0.417s] Level 5:colcon.colcon_core.verb:set package 'extender_arduino' build argument 'catkin_cmake_args' from command line to 'None'
[0.417s] Level 5:colcon.colcon_core.verb:set package 'extender_arduino' build argument 'catkin_skip_building_tests' from command line to 'False'
[0.417s] DEBUG:colcon.colcon_core.verb:Building package 'extender_arduino' with the following arguments: {'ament_cmake_args': None, 'build_base': '/home/olympusolutions/senior_ws/build/extender_arduino', 'catkin_cmake_args': None, 'catkin_skip_building_tests': False, 'cmake_args': None, 'cmake_clean_cache': False, 'cmake_clean_first': False, 'cmake_force_configure': False, 'cmake_target': None, 'cmake_target_skip_unavailable': False, 'install_base': '/home/olympusolutions/senior_ws/install/extender_arduino', 'merge_install': False, 'path': '/home/olympusolutions/senior_ws/src/extender_arduino', 'symlink_install': False, 'test_result_base': None}
[0.418s] Level 5:colcon.colcon_core.verb:set package 'joy_tester' build argument 'cmake_args' from command line to 'None'
[0.418s] Level 5:colcon.colcon_core.verb:set package 'joy_tester' build argument 'cmake_target' from command line to 'None'
[0.418s] Level 5:colcon.colcon_core.verb:set package 'joy_tester' build argument 'cmake_target_skip_unavailable' from command line to 'False'
[0.418s] Level 5:colcon.colcon_core.verb:set package 'joy_tester' build argument 'cmake_clean_cache' from command line to 'False'
[0.418s] Level 5:colcon.colcon_core.verb:set package 'joy_tester' build argument 'cmake_clean_first' from command line to 'False'
[0.418s] Level 5:colcon.colcon_core.verb:set package 'joy_tester' build argument 'cmake_force_configure' from command line to 'False'
[0.418s] Level 5:colcon.colcon_core.verb:set package 'joy_tester' build argument 'ament_cmake_args' from command line to 'None'
[0.418s] Level 5:colcon.colcon_core.verb:set package 'joy_tester' build argument 'catkin_cmake_args' from command line to 'None'
[0.418s] Level 5:colcon.colcon_core.verb:set package 'joy_tester' build argument 'catkin_skip_building_tests' from command line to 'False'
[0.418s] DEBUG:colcon.colcon_core.verb:Building package 'joy_tester' with the following arguments: {'ament_cmake_args': None, 'build_base': '/home/olympusolutions/senior_ws/build/joy_tester', 'catkin_cmake_args': None, 'catkin_skip_building_tests': False, 'cmake_args': None, 'cmake_clean_cache': False, 'cmake_clean_first': False, 'cmake_force_configure': False, 'cmake_target': None, 'cmake_target_skip_unavailable': False, 'install_base': '/home/olympusolutions/senior_ws/install/joy_tester', 'merge_install': False, 'path': '/home/olympusolutions/senior_ws/src/joy_tester', 'symlink_install': False, 'test_result_base': None}
[0.418s] Level 5:colcon.colcon_core.verb:set package 'listener_package' build argument 'cmake_args' from command line to 'None'
[0.418s] Level 5:colcon.colcon_core.verb:set package 'listener_package' build argument 'cmake_target' from command line to 'None'
[0.418s] Level 5:colcon.colcon_core.verb:set package 'listener_package' build argument 'cmake_target_skip_unavailable' from command line to 'False'
[0.418s] Level 5:colcon.colcon_core.verb:set package 'listener_package' build argument 'cmake_clean_cache' from command line to 'False'
[0.418s] Level 5:colcon.colcon_core.verb:set package 'listener_package' build argument 'cmake_clean_first' from command line to 'False'
[0.418s] Level 5:colcon.colcon_core.verb:set package 'listener_package' build argument 'cmake_force_configure' from command line to 'False'
[0.418s] Level 5:colcon.colcon_core.verb:set package 'listener_package' build argument 'ament_cmake_args' from command line to 'None'
[0.419s] Level 5:colcon.colcon_core.verb:set package 'listener_package' build argument 'catkin_cmake_args' from command line to 'None'
[0.419s] Level 5:colcon.colcon_core.verb:set package 'listener_package' build argument 'catkin_skip_building_tests' from command line to 'False'
[0.419s] DEBUG:colcon.colcon_core.verb:Building package 'listener_package' with the following arguments: {'ament_cmake_args': None, 'build_base': '/home/olympusolutions/senior_ws/build/listener_package', 'catkin_cmake_args': None, 'catkin_skip_building_tests': False, 'cmake_args': None, 'cmake_clean_cache': False, 'cmake_clean_first': False, 'cmake_force_configure': False, 'cmake_target': None, 'cmake_target_skip_unavailable': False, 'install_base': '/home/olympusolutions/senior_ws/install/listener_package', 'merge_install': False, 'path': '/home/olympusolutions/senior_ws/src/riley_ws/src/listener_package', 'symlink_install': False, 'test_result_base': None}
[0.419s] Level 5:colcon.colcon_core.verb:set package 'minibot' build argument 'cmake_args' from command line to 'None'
[0.419s] Level 5:colcon.colcon_core.verb:set package 'minibot' build argument 'cmake_target' from command line to 'None'
[0.419s] Level 5:colcon.colcon_core.verb:set package 'minibot' build argument 'cmake_target_skip_unavailable' from command line to 'False'
[0.419s] Level 5:colcon.colcon_core.verb:set package 'minibot' build argument 'cmake_clean_cache' from command line to 'False'
[0.419s] Level 5:colcon.colcon_core.verb:set package 'minibot' build argument 'cmake_clean_first' from command line to 'False'
[0.419s] Level 5:colcon.colcon_core.verb:set package 'minibot' build argument 'cmake_force_configure' from command line to 'False'
[0.419s] Level 5:colcon.colcon_core.verb:set package 'minibot' build argument 'ament_cmake_args' from command line to 'None'
[0.419s] Level 5:colcon.colcon_core.verb:set package 'minibot' build argument 'catkin_cmake_args' from command line to 'None'
[0.419s] Level 5:colcon.colcon_core.verb:set package 'minibot' build argument 'catkin_skip_building_tests' from command line to 'False'
[0.419s] DEBUG:colcon.colcon_core.verb:Building package 'minibot' with the following arguments: {'ament_cmake_args': None, 'build_base': '/home/olympusolutions/senior_ws/build/minibot', 'catkin_cmake_args': None, 'catkin_skip_building_tests': False, 'cmake_args': None, 'cmake_clean_cache': False, 'cmake_clean_first': False, 'cmake_force_configure': False, 'cmake_target': None, 'cmake_target_skip_unavailable': False, 'install_base': '/home/olympusolutions/senior_ws/install/minibot', 'merge_install': False, 'path': '/home/olympusolutions/senior_ws/src/minibot', 'symlink_install': False, 'test_result_base': None}
[0.419s] Level 5:colcon.colcon_core.verb:set package 'my_package' build argument 'cmake_args' from command line to 'None'
[0.420s] Level 5:colcon.colcon_core.verb:set package 'my_package' build argument 'cmake_target' from command line to 'None'
[0.420s] Level 5:colcon.colcon_core.verb:set package 'my_package' build argument 'cmake_target_skip_unavailable' from command line to 'False'
[0.420s] Level 5:colcon.colcon_core.verb:set package 'my_package' build argument 'cmake_clean_cache' from command line to 'False'
[0.420s] Level 5:colcon.colcon_core.verb:set package 'my_package' build argument 'cmake_clean_first' from command line to 'False'
[0.420s] Level 5:colcon.colcon_core.verb:set package 'my_package' build argument 'cmake_force_configure' from command line to 'False'
[0.420s] Level 5:colcon.colcon_core.verb:set package 'my_package' build argument 'ament_cmake_args' from command line to 'None'
[0.420s] Level 5:colcon.colcon_core.verb:set package 'my_package' build argument 'catkin_cmake_args' from command line to 'None'
[0.420s] Level 5:colcon.colcon_core.verb:set package 'my_package' build argument 'catkin_skip_building_tests' from command line to 'False'
[0.420s] DEBUG:colcon.colcon_core.verb:Building package 'my_package' with the following arguments: {'ament_cmake_args': None, 'build_base': '/home/olympusolutions/senior_ws/build/my_package', 'catkin_cmake_args': None, 'catkin_skip_building_tests': False, 'cmake_args': None, 'cmake_clean_cache': False, 'cmake_clean_first': False, 'cmake_force_configure': False, 'cmake_target': None, 'cmake_target_skip_unavailable': False, 'install_base': '/home/olympusolutions/senior_ws/install/my_package', 'merge_install': False, 'path': '/home/olympusolutions/senior_ws/src/riley_ws/src/my_package', 'symlink_install': False, 'test_result_base': None}
[0.420s] Level 5:colcon.colcon_core.verb:set package 'serial' build argument 'cmake_args' from command line to 'None'
[0.420s] Level 5:colcon.colcon_core.verb:set package 'serial' build argument 'cmake_target' from command line to 'None'
[0.420s] Level 5:colcon.colcon_core.verb:set package 'serial' build argument 'cmake_target_skip_unavailable' from command line to 'False'
[0.420s] Level 5:colcon.colcon_core.verb:set package 'serial' build argument 'cmake_clean_cache' from command line to 'False'
[0.420s] Level 5:colcon.colcon_core.verb:set package 'serial' build argument 'cmake_clean_first' from command line to 'False'
[0.420s] Level 5:colcon.colcon_core.verb:set package 'serial' build argument 'cmake_force_configure' from command line to 'False'
[0.420s] Level 5:colcon.colcon_core.verb:set package 'serial' build argument 'ament_cmake_args' from command line to 'None'
[0.420s] Level 5:colcon.colcon_core.verb:set package 'serial' build argument 'catkin_cmake_args' from command line to 'None'
[0.420s] Level 5:colcon.colcon_core.verb:set package 'serial' build argument 'catkin_skip_building_tests' from command line to 'False'
[0.420s] DEBUG:colcon.colcon_core.verb:Building package 'serial' with the following arguments: {'ament_cmake_args': None, 'build_base': '/home/olympusolutions/senior_ws/build/serial', 'catkin_cmake_args': None, 'catkin_skip_building_tests': False, 'cmake_args': None, 'cmake_clean_cache': False, 'cmake_clean_first': False, 'cmake_force_configure': False, 'cmake_target': None, 'cmake_target_skip_unavailable': False, 'install_base': '/home/olympusolutions/senior_ws/install/serial', 'merge_install': False, 'path': '/home/olympusolutions/senior_ws/src/serial', 'symlink_install': False, 'test_result_base': None}
[0.421s] Level 5:colcon.colcon_core.verb:set package 'serial_motor_demo_msgs' build argument 'cmake_args' from command line to 'None'
[0.421s] Level 5:colcon.colcon_core.verb:set package 'serial_motor_demo_msgs' build argument 'cmake_target' from command line to 'None'
[0.421s] Level 5:colcon.colcon_core.verb:set package 'serial_motor_demo_msgs' build argument 'cmake_target_skip_unavailable' from command line to 'False'
[0.421s] Level 5:colcon.colcon_core.verb:set package 'serial_motor_demo_msgs' build argument 'cmake_clean_cache' from command line to 'False'
[0.421s] Level 5:colcon.colcon_core.verb:set package 'serial_motor_demo_msgs' build argument 'cmake_clean_first' from command line to 'False'
[0.421s] Level 5:colcon.colcon_core.verb:set package 'serial_motor_demo_msgs' build argument 'cmake_force_configure' from command line to 'False'
[0.421s] Level 5:colcon.colcon_core.verb:set package 'serial_motor_demo_msgs' build argument 'ament_cmake_args' from command line to 'None'
[0.421s] Level 5:colcon.colcon_core.verb:set package 'serial_motor_demo_msgs' build argument 'catkin_cmake_args' from command line to 'None'
[0.421s] Level 5:colcon.colcon_core.verb:set package 'serial_motor_demo_msgs' build argument 'catkin_skip_building_tests' from command line to 'False'
[0.421s] DEBUG:colcon.colcon_core.verb:Building package 'serial_motor_demo_msgs' with the following arguments: {'ament_cmake_args': None, 'build_base': '/home/olympusolutions/senior_ws/build/serial_motor_demo_msgs', 'catkin_cmake_args': None, 'catkin_skip_building_tests': False, 'cmake_args': None, 'cmake_clean_cache': False, 'cmake_clean_first': False, 'cmake_force_configure': False, 'cmake_target': None, 'cmake_target_skip_unavailable': False, 'install_base': '/home/olympusolutions/senior_ws/install/serial_motor_demo_msgs', 'merge_install': False, 'path': '/home/olympusolutions/senior_ws/src/serial_motor_demo/serial_motor_demo_msgs', 'symlink_install': False, 'test_result_base': None}
[0.421s] Level 5:colcon.colcon_core.verb:set package 'sllidar_ros2' build argument 'cmake_args' from command line to 'None'
[0.421s] Level 5:colcon.colcon_core.verb:set package 'sllidar_ros2' build argument 'cmake_target' from command line to 'None'
[0.421s] Level 5:colcon.colcon_core.verb:set package 'sllidar_ros2' build argument 'cmake_target_skip_unavailable' from command line to 'False'
[0.421s] Level 5:colcon.colcon_core.verb:set package 'sllidar_ros2' build argument 'cmake_clean_cache' from command line to 'False'
[0.421s] Level 5:colcon.colcon_core.verb:set package 'sllidar_ros2' build argument 'cmake_clean_first' from command line to 'False'
[0.421s] Level 5:colcon.colcon_core.verb:set package 'sllidar_ros2' build argument 'cmake_force_configure' from command line to 'False'
[0.421s] Level 5:colcon.colcon_core.verb:set package 'sllidar_ros2' build argument 'ament_cmake_args' from command line to 'None'
[0.421s] Level 5:colcon.colcon_core.verb:set package 'sllidar_ros2' build argument 'catkin_cmake_args' from command line to 'None'
[0.421s] Level 5:colcon.colcon_core.verb:set package 'sllidar_ros2' build argument 'catkin_skip_building_tests' from command line to 'False'
[0.421s] DEBUG:colcon.colcon_core.verb:Building package 'sllidar_ros2' with the following arguments: {'ament_cmake_args': None, 'build_base': '/home/olympusolutions/senior_ws/build/sllidar_ros2', 'catkin_cmake_args': None, 'catkin_skip_building_tests': False, 'cmake_args': None, 'cmake_clean_cache': False, 'cmake_clean_first': False, 'cmake_force_configure': False, 'cmake_target': None, 'cmake_target_skip_unavailable': False, 'install_base': '/home/olympusolutions/senior_ws/install/sllidar_ros2', 'merge_install': False, 'path': '/home/olympusolutions/senior_ws/src/sllidar_ros2', 'symlink_install': False, 'test_result_base': None}
[0.422s] Level 5:colcon.colcon_core.verb:set package 'twist_stamper' build argument 'cmake_args' from command line to 'None'
[0.422s] Level 5:colcon.colcon_core.verb:set package 'twist_stamper' build argument 'cmake_target' from command line to 'None'
[0.422s] Level 5:colcon.colcon_core.verb:set package 'twist_stamper' build argument 'cmake_target_skip_unavailable' from command line to 'False'
[0.422s] Level 5:colcon.colcon_core.verb:set package 'twist_stamper' build argument 'cmake_clean_cache' from command line to 'False'
[0.422s] Level 5:colcon.colcon_core.verb:set package 'twist_stamper' build argument 'cmake_clean_first' from command line to 'False'
[0.422s] Level 5:colcon.colcon_core.verb:set package 'twist_stamper' build argument 'cmake_force_configure' from command line to 'False'
[0.422s] Level 5:colcon.colcon_core.verb:set package 'twist_stamper' build argument 'ament_cmake_args' from command line to 'None'
[0.422s] Level 5:colcon.colcon_core.verb:set package 'twist_stamper' build argument 'catkin_cmake_args' from command line to 'None'
[0.422s] Level 5:colcon.colcon_core.verb:set package 'twist_stamper' build argument 'catkin_skip_building_tests' from command line to 'False'
[0.422s] DEBUG:colcon.colcon_core.verb:Building package 'twist_stamper' with the following arguments: {'ament_cmake_args': None, 'build_base': '/home/olympusolutions/senior_ws/build/twist_stamper', 'catkin_cmake_args': None, 'catkin_skip_building_tests': False, 'cmake_args': None, 'cmake_clean_cache': False, 'cmake_clean_first': False, 'cmake_force_configure': False, 'cmake_target': None, 'cmake_target_skip_unavailable': False, 'install_base': '/home/olympusolutions/senior_ws/install/twist_stamper', 'merge_install': False, 'path': '/home/olympusolutions/senior_ws/src/twist_stamper', 'symlink_install': False, 'test_result_base': None}
[0.422s] Level 5:colcon.colcon_core.verb:set package 'serial_motor_demo' build argument 'cmake_args' from command line to 'None'
[0.422s] Level 5:colcon.colcon_core.verb:set package 'serial_motor_demo' build argument 'cmake_target' from command line to 'None'
[0.422s] Level 5:colcon.colcon_core.verb:set package 'serial_motor_demo' build argument 'cmake_target_skip_unavailable' from command line to 'False'
[0.422s] Level 5:colcon.colcon_core.verb:set package 'serial_motor_demo' build argument 'cmake_clean_cache' from command line to 'False'
[0.422s] Level 5:colcon.colcon_core.verb:set package 'serial_motor_demo' build argument 'cmake_clean_first' from command line to 'False'
[0.422s] Level 5:colcon.colcon_core.verb:set package 'serial_motor_demo' build argument 'cmake_force_configure' from command line to 'False'
[0.422s] Level 5:colcon.colcon_core.verb:set package 'serial_motor_demo' build argument 'ament_cmake_args' from command line to 'None'
[0.422s] Level 5:colcon.colcon_core.verb:set package 'serial_motor_demo' build argument 'catkin_cmake_args' from command line to 'None'
[0.422s] Level 5:colcon.colcon_core.verb:set package 'serial_motor_demo' build argument 'catkin_skip_building_tests' from command line to 'False'
[0.422s] DEBUG:colcon.colcon_core.verb:Building package 'serial_motor_demo' with the following arguments: {'ament_cmake_args': None, 'build_base': '/home/olympusolutions/senior_ws/build/serial_motor_demo', 'catkin_cmake_args': None, 'catkin_skip_building_tests': False, 'cmake_args': None, 'cmake_clean_cache': False, 'cmake_clean_first': False, 'cmake_force_configure': False, 'cmake_target': None, 'cmake_target_skip_unavailable': False, 'install_base': '/home/olympusolutions/senior_ws/install/serial_motor_demo', 'merge_install': False, 'path': '/home/olympusolutions/senior_ws/src/serial_motor_demo/serial_motor_demo', 'symlink_install': False, 'test_result_base': None}
[0.422s] INFO:colcon.colcon_core.executor:Executing jobs using 'parallel' executor
[0.424s] DEBUG:colcon.colcon_parallel_executor.executor.parallel:run_until_complete
[0.425s] INFO:colcon.colcon_ros.task.ament_cmake.build:Building ROS package in '/home/olympusolutions/senior_ws/src/serial_motor_demo/serial_motor_demo_msgs' with build type 'ament_cmake'
[0.425s] INFO:colcon.colcon_cmake.task.cmake.build:Building CMake package in '/home/olympusolutions/senior_ws/src/serial_motor_demo/serial_motor_demo_msgs'
[0.432s] INFO:colcon.colcon_core.plugin_system:Skipping extension 'colcon_core.shell.bat': Not used on non-Windows systems
[0.433s] INFO:colcon.colcon_core.shell:Skip shell extension 'powershell' for command environment: Not usable outside of PowerShell
[0.433s] DEBUG:colcon.colcon_core.shell:Skip shell extension 'dsv' for command environment
[0.444s] INFO:colcon.colcon_ros.task.ament_cmake.build:Building ROS package in '/home/olympusolutions/senior_ws/src/diffdrive_arduino' with build type 'ament_cmake'
[0.444s] INFO:colcon.colcon_cmake.task.cmake.build:Building CMake package in '/home/olympusolutions/senior_ws/src/diffdrive_arduino'
[0.444s] INFO:colcon.colcon_core.shell:Skip shell extension 'powershell' for command environment: Not usable outside of PowerShell
[0.444s] DEBUG:colcon.colcon_core.shell:Skip shell extension 'dsv' for command environment
[0.451s] INFO:colcon.colcon_ros.task.ament_cmake.build:Building ROS package in '/home/olympusolutions/senior_ws/src/extender_arduino' with build type 'ament_cmake'
[0.451s] INFO:colcon.colcon_cmake.task.cmake.build:Building CMake package in '/home/olympusolutions/senior_ws/src/extender_arduino'
[0.451s] INFO:colcon.colcon_core.shell:Skip shell extension 'powershell' for command environment: Not usable outside of PowerShell
[0.451s] DEBUG:colcon.colcon_core.shell:Skip shell extension 'dsv' for command environment
[0.458s] INFO:colcon.colcon_ros.task.ament_python.build:Building ROS package in '/home/olympusolutions/senior_ws/src/joy_tester' with build type 'ament_python'
[0.458s] Level 1:colcon.colcon_core.shell:create_environment_hook('joy_tester', 'ament_prefix_path')
[0.459s] INFO:colcon.colcon_core.shell:Creating environment hook '/home/olympusolutions/senior_ws/install/joy_tester/share/joy_tester/hook/ament_prefix_path.ps1'
[0.460s] INFO:colcon.colcon_core.shell:Creating environment descriptor '/home/olympusolutions/senior_ws/install/joy_tester/share/joy_tester/hook/ament_prefix_path.dsv'
[0.462s] INFO:colcon.colcon_core.shell:Creating environment hook '/home/olympusolutions/senior_ws/install/joy_tester/share/joy_tester/hook/ament_prefix_path.sh'
[0.464s] INFO:colcon.colcon_core.shell:Skip shell extension 'powershell' for command environment: Not usable outside of PowerShell
[0.464s] DEBUG:colcon.colcon_core.shell:Skip shell extension 'dsv' for command environment
[0.484s] DEBUG:colcon.colcon_core.event_handler.log_command:Invoking command in '/home/olympusolutions/senior_ws/build/serial_motor_demo_msgs': CMAKE_PREFIX_PATH=${CMAKE_PREFIX_PATH}:/home/olympusolutions/senior_ws/install/twist_stamper:/home/olympusolutions/senior_ws/install/serial_motor_demo:/home/olympusolutions/senior_ws/install/my_package:/home/olympusolutions/senior_ws/install/listener_package:/home/olympusolutions/senior_ws/install/joy_tester:/opt/ros/jazzy DEBUGINFOD_URLS=https://debuginfod.ubuntu.com /usr/bin/cmake --build /home/olympusolutions/senior_ws/build/serial_motor_demo_msgs -- -j4 -l4
[0.489s] DEBUG:colcon.colcon_core.event_handler.log_command:Invoking command in '/home/olympusolutions/senior_ws/build/diffdrive_arduino': CMAKE_PREFIX_PATH=${CMAKE_PREFIX_PATH}:/home/olympusolutions/senior_ws/install/twist_stamper:/home/olympusolutions/senior_ws/install/serial_motor_demo:/home/olympusolutions/senior_ws/install/my_package:/home/olympusolutions/senior_ws/install/listener_package:/home/olympusolutions/senior_ws/install/joy_tester:/opt/ros/jazzy DEBUGINFOD_URLS=https://debuginfod.ubuntu.com /usr/bin/cmake --build /home/olympusolutions/senior_ws/build/diffdrive_arduino -- -j4 -l4
[0.497s] DEBUG:colcon.colcon_core.event_handler.log_command:Invoking command in '/home/olympusolutions/senior_ws/build/extender_arduino': CMAKE_PREFIX_PATH=${CMAKE_PREFIX_PATH}:/home/olympusolutions/senior_ws/install/twist_stamper:/home/olympusolutions/senior_ws/install/serial_motor_demo:/home/olympusolutions/senior_ws/install/my_package:/home/olympusolutions/senior_ws/install/listener_package:/home/olympusolutions/senior_ws/install/joy_tester:/opt/ros/jazzy DEBUGINFOD_URLS=https://debuginfod.ubuntu.com /usr/bin/cmake --build /home/olympusolutions/senior_ws/build/extender_arduino -- -j4 -l4
[1.438s] INFO:colcon.colcon_core.task.python.build:Building Python package in '/home/olympusolutions/senior_ws/src/joy_tester'
[1.440s] INFO:colcon.colcon_core.shell:Skip shell extension 'powershell' for command environment: Not usable outside of PowerShell
[1.440s] DEBUG:colcon.colcon_core.shell:Skip shell extension 'dsv' for command environment
[1.451s] DEBUG:colcon.colcon_core.event_handler.log_command:Invoked command in '/home/olympusolutions/senior_ws/build/diffdrive_arduino' returned '0': CMAKE_PREFIX_PATH=${CMAKE_PREFIX_PATH}:/home/olympusolutions/senior_ws/install/twist_stamper:/home/olympusolutions/senior_ws/install/serial_motor_demo:/home/olympusolutions/senior_ws/install/my_package:/home/olympusolutions/senior_ws/install/listener_package:/home/olympusolutions/senior_ws/install/joy_tester:/opt/ros/jazzy DEBUGINFOD_URLS=https://debuginfod.ubuntu.com /usr/bin/cmake --build /home/olympusolutions/senior_ws/build/diffdrive_arduino -- -j4 -l4
[1.476s] DEBUG:colcon.colcon_core.event_handler.log_command:Invoking command in '/home/olympusolutions/senior_ws/build/diffdrive_arduino': CMAKE_PREFIX_PATH=${CMAKE_PREFIX_PATH}:/home/olympusolutions/senior_ws/install/twist_stamper:/home/olympusolutions/senior_ws/install/serial_motor_demo:/home/olympusolutions/senior_ws/install/my_package:/home/olympusolutions/senior_ws/install/listener_package:/home/olympusolutions/senior_ws/install/joy_tester:/opt/ros/jazzy DEBUGINFOD_URLS=https://debuginfod.ubuntu.com /usr/bin/cmake --install /home/olympusolutions/senior_ws/build/diffdrive_arduino
[1.477s] DEBUG:colcon.colcon_core.event_handler.log_command:Invoked command in '/home/olympusolutions/senior_ws/build/extender_arduino' returned '0': CMAKE_PREFIX_PATH=${CMAKE_PREFIX_PATH}:/home/olympusolutions/senior_ws/install/twist_stamper:/home/olympusolutions/senior_ws/install/serial_motor_demo:/home/olympusolutions/senior_ws/install/my_package:/home/olympusolutions/senior_ws/install/listener_package:/home/olympusolutions/senior_ws/install/joy_tester:/opt/ros/jazzy DEBUGINFOD_URLS=https://debuginfod.ubuntu.com /usr/bin/cmake --build /home/olympusolutions/senior_ws/build/extender_arduino -- -j4 -l4
[1.480s] DEBUG:colcon.colcon_core.event_handler.log_command:Invoking command in '/home/olympusolutions/senior_ws/build/extender_arduino': CMAKE_PREFIX_PATH=${CMAKE_PREFIX_PATH}:/home/olympusolutions/senior_ws/install/twist_stamper:/home/olympusolutions/senior_ws/install/serial_motor_demo:/home/olympusolutions/senior_ws/install/my_package:/home/olympusolutions/senior_ws/install/listener_package:/home/olympusolutions/senior_ws/install/joy_tester:/opt/ros/jazzy DEBUGINFOD_URLS=https://debuginfod.ubuntu.com /usr/bin/cmake --install /home/olympusolutions/senior_ws/build/extender_arduino
[1.518s] Level 1:colcon.colcon_core.environment:create_environment_scripts_only(extender_arduino)
[1.524s] DEBUG:colcon.colcon_core.event_handler.log_command:Invoked command in '/home/olympusolutions/senior_ws/build/extender_arduino' returned '0': CMAKE_PREFIX_PATH=${CMAKE_PREFIX_PATH}:/home/olympusolutions/senior_ws/install/twist_stamper:/home/olympusolutions/senior_ws/install/serial_motor_demo:/home/olympusolutions/senior_ws/install/my_package:/home/olympusolutions/senior_ws/install/listener_package:/home/olympusolutions/senior_ws/install/joy_tester:/opt/ros/jazzy DEBUGINFOD_URLS=https://debuginfod.ubuntu.com /usr/bin/cmake --install /home/olympusolutions/senior_ws/build/extender_arduino
[1.526s] Level 1:colcon.colcon_core.environment:checking '/home/olympusolutions/senior_ws/install/extender_arduino' for CMake module files
[1.527s] Level 1:colcon.colcon_core.environment:checking '/home/olympusolutions/senior_ws/install/extender_arduino' for CMake config files
[1.527s] Level 1:colcon.colcon_core.shell:create_environment_hook('extender_arduino', 'cmake_prefix_path')
[1.528s] INFO:colcon.colcon_core.shell:Creating environment hook '/home/olympusolutions/senior_ws/install/extender_arduino/share/extender_arduino/hook/cmake_prefix_path.ps1'
[1.528s] INFO:colcon.colcon_core.shell:Creating environment descriptor '/home/olympusolutions/senior_ws/install/extender_arduino/share/extender_arduino/hook/cmake_prefix_path.dsv'
[1.530s] INFO:colcon.colcon_core.shell:Creating environment hook '/home/olympusolutions/senior_ws/install/extender_arduino/share/extender_arduino/hook/cmake_prefix_path.sh'
[1.537s] Level 1:colcon.colcon_core.environment:checking '/home/olympusolutions/senior_ws/install/extender_arduino/lib'
[1.537s] Level 1:colcon.colcon_core.shell:create_environment_hook('extender_arduino', 'ld_library_path_lib')
[1.541s] INFO:colcon.colcon_core.shell:Creating environment hook '/home/olympusolutions/senior_ws/install/extender_arduino/share/extender_arduino/hook/ld_library_path_lib.ps1'
[1.542s] INFO:colcon.colcon_core.shell:Creating environment descriptor '/home/olympusolutions/senior_ws/install/extender_arduino/share/extender_arduino/hook/ld_library_path_lib.dsv'
[1.544s] INFO:colcon.colcon_core.shell:Creating environment hook '/home/olympusolutions/senior_ws/install/extender_arduino/share/extender_arduino/hook/ld_library_path_lib.sh'
[1.545s] Level 1:colcon.colcon_core.environment:checking '/home/olympusolutions/senior_ws/install/extender_arduino/bin'
[1.545s] Level 1:colcon.colcon_core.environment:checking '/home/olympusolutions/senior_ws/install/extender_arduino/lib/pkgconfig/extender_arduino.pc'
[1.546s] Level 1:colcon.colcon_core.environment:checking '/home/olympusolutions/senior_ws/install/extender_arduino/lib/python3.12/site-packages'
[1.546s] Level 1:colcon.colcon_core.environment:checking '/home/olympusolutions/senior_ws/install/extender_arduino/bin'
[1.547s] INFO:colcon.colcon_core.shell:Creating package script '/home/olympusolutions/senior_ws/install/extender_arduino/share/extender_arduino/package.ps1'
[1.549s] INFO:colcon.colcon_core.shell:Creating package descriptor '/home/olympusolutions/senior_ws/install/extender_arduino/share/extender_arduino/package.dsv'
[1.551s] INFO:colcon.colcon_core.shell:Creating package script '/home/olympusolutions/senior_ws/install/extender_arduino/share/extender_arduino/package.sh'
[1.552s] INFO:colcon.colcon_core.shell:Creating package script '/home/olympusolutions/senior_ws/install/extender_arduino/share/extender_arduino/package.bash'
[1.557s] INFO:colcon.colcon_core.shell:Creating package script '/home/olympusolutions/senior_ws/install/extender_arduino/share/extender_arduino/package.zsh'
[1.559s] Level 1:colcon.colcon_core.environment:create_file_with_runtime_dependencies(/home/olympusolutions/senior_ws/install/extender_arduino/share/colcon-core/packages/extender_arduino)
[1.560s] Level 1:colcon.colcon_core.environment:create_environment_scripts_only(extender_arduino)
[1.561s] Level 1:colcon.colcon_core.environment:checking '/home/olympusolutions/senior_ws/install/extender_arduino' for CMake module files
[1.562s] Level 1:colcon.colcon_core.environment:checking '/home/olympusolutions/senior_ws/install/extender_arduino' for CMake config files
[1.562s] Level 1:colcon.colcon_core.shell:create_environment_hook('extender_arduino', 'cmake_prefix_path')
[1.562s] INFO:colcon.colcon_core.shell:Creating environment hook '/home/olympusolutions/senior_ws/install/extender_arduino/share/extender_arduino/hook/cmake_prefix_path.ps1'
[1.563s] INFO:colcon.colcon_core.shell:Creating environment descriptor '/home/olympusolutions/senior_ws/install/extender_arduino/share/extender_arduino/hook/cmake_prefix_path.dsv'
[1.564s] INFO:colcon.colcon_core.shell:Creating environment hook '/home/olympusolutions/senior_ws/install/extender_arduino/share/extender_arduino/hook/cmake_prefix_path.sh'
[1.566s] Level 1:colcon.colcon_core.environment:checking '/home/olympusolutions/senior_ws/install/extender_arduino/lib'
[1.566s] Level 1:colcon.colcon_core.shell:create_environment_hook('extender_arduino', 'ld_library_path_lib')
[1.567s] INFO:colcon.colcon_core.shell:Creating environment hook '/home/olympusolutions/senior_ws/install/extender_arduino/share/extender_arduino/hook/ld_library_path_lib.ps1'
[1.567s] INFO:colcon.colcon_core.shell:Creating environment descriptor '/home/olympusolutions/senior_ws/install/extender_arduino/share/extender_arduino/hook/ld_library_path_lib.dsv'
[1.569s] INFO:colcon.colcon_core.shell:Creating environment hook '/home/olympusolutions/senior_ws/install/extender_arduino/share/extender_arduino/hook/ld_library_path_lib.sh'
[1.572s] Level 1:colcon.colcon_core.environment:checking '/home/olympusolutions/senior_ws/install/extender_arduino/bin'
[1.572s] Level 1:colcon.colcon_core.environment:checking '/home/olympusolutions/senior_ws/install/extender_arduino/lib/pkgconfig/extender_arduino.pc'
[1.572s] Level 1:colcon.colcon_core.environment:checking '/home/olympusolutions/senior_ws/install/extender_arduino/lib/python3.12/site-packages'
[1.573s] Level 1:colcon.colcon_core.environment:checking '/home/olympusolutions/senior_ws/install/extender_arduino/bin'
[1.573s] INFO:colcon.colcon_core.shell:Creating package script '/home/olympusolutions/senior_ws/install/extender_arduino/share/extender_arduino/package.ps1'
[1.574s] INFO:colcon.colcon_core.shell:Creating package descriptor '/home/olympusolutions/senior_ws/install/extender_arduino/share/extender_arduino/package.dsv'
[1.576s] INFO:colcon.colcon_core.shell:Creating package script '/home/olympusolutions/senior_ws/install/extender_arduino/share/extender_arduino/package.sh'
[1.578s] INFO:colcon.colcon_core.shell:Creating package script '/home/olympusolutions/senior_ws/install/extender_arduino/share/extender_arduino/package.bash'
[1.579s] INFO:colcon.colcon_core.shell:Creating package script '/home/olympusolutions/senior_ws/install/extender_arduino/share/extender_arduino/package.zsh'
[1.583s] Level 1:colcon.colcon_core.environment:create_file_with_runtime_dependencies(/home/olympusolutions/senior_ws/install/extender_arduino/share/colcon-core/packages/extender_arduino)
[1.586s] INFO:colcon.colcon_ros.task.ament_python.build:Building ROS package in '/home/olympusolutions/senior_ws/src/riley_ws/src/listener_package' with build type 'ament_python'
[1.588s] Level 1:colcon.colcon_core.shell:create_environment_hook('listener_package', 'ament_prefix_path')
[1.589s] INFO:colcon.colcon_core.shell:Creating environment hook '/home/olympusolutions/senior_ws/install/listener_package/share/listener_package/hook/ament_prefix_path.ps1'
[1.590s] INFO:colcon.colcon_core.shell:Creating environment descriptor '/home/olympusolutions/senior_ws/install/listener_package/share/listener_package/hook/ament_prefix_path.dsv'
[1.595s] INFO:colcon.colcon_core.shell:Creating environment hook '/home/olympusolutions/senior_ws/install/listener_package/share/listener_package/hook/ament_prefix_path.sh'
[1.598s] INFO:colcon.colcon_core.shell:Skip shell extension 'powershell' for command environment: Not usable outside of PowerShell
[1.598s] DEBUG:colcon.colcon_core.shell:Skip shell extension 'dsv' for command environment
[1.609s] Level 1:colcon.colcon_core.environment:create_environment_scripts_only(diffdrive_arduino)
[1.610s] Level 1:colcon.colcon_core.environment:checking '/home/olympusolutions/senior_ws/install/diffdrive_arduino' for CMake module files
[1.612s] Level 1:colcon.colcon_core.environment:checking '/home/olympusolutions/senior_ws/install/diffdrive_arduino' for CMake config files
[1.612s] Level 1:colcon.colcon_core.shell:create_environment_hook('diffdrive_arduino', 'cmake_prefix_path')
[1.612s] DEBUG:colcon.colcon_core.event_handler.log_command:Invoked command in '/home/olympusolutions/senior_ws/build/diffdrive_arduino' returned '0': CMAKE_PREFIX_PATH=${CMAKE_PREFIX_PATH}:/home/olympusolutions/senior_ws/install/twist_stamper:/home/olympusolutions/senior_ws/install/serial_motor_demo:/home/olympusolutions/senior_ws/install/my_package:/home/olympusolutions/senior_ws/install/listener_package:/home/olympusolutions/senior_ws/install/joy_tester:/opt/ros/jazzy DEBUGINFOD_URLS=https://debuginfod.ubuntu.com /usr/bin/cmake --install /home/olympusolutions/senior_ws/build/diffdrive_arduino
[1.613s] INFO:colcon.colcon_core.shell:Creating environment hook '/home/olympusolutions/senior_ws/install/diffdrive_arduino/share/diffdrive_arduino/hook/cmake_prefix_path.ps1'
[1.614s] INFO:colcon.colcon_core.shell:Creating environment descriptor '/home/olympusolutions/senior_ws/install/diffdrive_arduino/share/diffdrive_arduino/hook/cmake_prefix_path.dsv'
[1.615s] INFO:colcon.colcon_core.shell:Creating environment hook '/home/olympusolutions/senior_ws/install/diffdrive_arduino/share/diffdrive_arduino/hook/cmake_prefix_path.sh'
[1.617s] Level 1:colcon.colcon_core.environment:checking '/home/olympusolutions/senior_ws/install/diffdrive_arduino/lib'
[1.617s] Level 1:colcon.colcon_core.shell:create_environment_hook('diffdrive_arduino', 'ld_library_path_lib')
[1.618s] INFO:colcon.colcon_core.shell:Creating environment hook '/home/olympusolutions/senior_ws/install/diffdrive_arduino/share/diffdrive_arduino/hook/ld_library_path_lib.ps1'
[1.619s] INFO:colcon.colcon_core.shell:Creating environment descriptor '/home/olympusolutions/senior_ws/install/diffdrive_arduino/share/diffdrive_arduino/hook/ld_library_path_lib.dsv'
[1.620s] INFO:colcon.colcon_core.shell:Creating environment hook '/home/olympusolutions/senior_ws/install/diffdrive_arduino/share/diffdrive_arduino/hook/ld_library_path_lib.sh'
[1.622s] Level 1:colcon.colcon_core.environment:checking '/home/olympusolutions/senior_ws/install/diffdrive_arduino/bin'
[1.622s] Level 1:colcon.colcon_core.environment:checking '/home/olympusolutions/senior_ws/install/diffdrive_arduino/lib/pkgconfig/diffdrive_arduino.pc'
[1.622s] Level 1:colcon.colcon_core.environment:checking '/home/olympusolutions/senior_ws/install/diffdrive_arduino/lib/python3.12/site-packages'
[1.623s] Level 1:colcon.colcon_core.environment:checking '/home/olympusolutions/senior_ws/install/diffdrive_arduino/bin'
[1.624s] INFO:colcon.colcon_core.shell:Creating package script '/home/olympusolutions/senior_ws/install/diffdrive_arduino/share/diffdrive_arduino/package.ps1'
[1.625s] INFO:colcon.colcon_core.shell:Creating package descriptor '/home/olympusolutions/senior_ws/install/diffdrive_arduino/share/diffdrive_arduino/package.dsv'
[1.627s] INFO:colcon.colcon_core.shell:Creating package script '/home/olympusolutions/senior_ws/install/diffdrive_arduino/share/diffdrive_arduino/package.sh'
[1.629s] INFO:colcon.colcon_core.shell:Creating package script '/home/olympusolutions/senior_ws/install/diffdrive_arduino/share/diffdrive_arduino/package.bash'
[1.630s] INFO:colcon.colcon_core.shell:Creating package script '/home/olympusolutions/senior_ws/install/diffdrive_arduino/share/diffdrive_arduino/package.zsh'
[1.632s] Level 1:colcon.colcon_core.environment:create_file_with_runtime_dependencies(/home/olympusolutions/senior_ws/install/diffdrive_arduino/share/colcon-core/packages/diffdrive_arduino)
[1.634s] Level 1:colcon.colcon_core.environment:create_environment_scripts_only(diffdrive_arduino)
[1.635s] Level 1:colcon.colcon_core.environment:checking '/home/olympusolutions/senior_ws/install/diffdrive_arduino' for CMake module files
[1.636s] Level 1:colcon.colcon_core.environment:checking '/home/olympusolutions/senior_ws/install/diffdrive_arduino' for CMake config files
[1.637s] Level 1:colcon.colcon_core.shell:create_environment_hook('diffdrive_arduino', 'cmake_prefix_path')
[1.638s] INFO:colcon.colcon_core.shell:Creating environment hook '/home/olympusolutions/senior_ws/install/diffdrive_arduino/share/diffdrive_arduino/hook/cmake_prefix_path.ps1'
[1.640s] INFO:colcon.colcon_core.shell:Creating environment descriptor '/home/olympusolutions/senior_ws/install/diffdrive_arduino/share/diffdrive_arduino/hook/cmake_prefix_path.dsv'
[1.641s] INFO:colcon.colcon_core.shell:Creating environment hook '/home/olympusolutions/senior_ws/install/diffdrive_arduino/share/diffdrive_arduino/hook/cmake_prefix_path.sh'
[1.642s] Level 1:colcon.colcon_core.environment:checking '/home/olympusolutions/senior_ws/install/diffdrive_arduino/lib'
[1.644s] Level 1:colcon.colcon_core.shell:create_environment_hook('diffdrive_arduino', 'ld_library_path_lib')
[1.645s] INFO:colcon.colcon_core.shell:Creating environment hook '/home/olympusolutions/senior_ws/install/diffdrive_arduino/share/diffdrive_arduino/hook/ld_library_path_lib.ps1'
[1.647s] INFO:colcon.colcon_core.shell:Creating environment descriptor '/home/olympusolutions/senior_ws/install/diffdrive_arduino/share/diffdrive_arduino/hook/ld_library_path_lib.dsv'
[1.648s] INFO:colcon.colcon_core.shell:Creating environment hook '/home/olympusolutions/senior_ws/install/diffdrive_arduino/share/diffdrive_arduino/hook/ld_library_path_lib.sh'
[1.649s] Level 1:colcon.colcon_core.environment:checking '/home/olympusolutions/senior_ws/install/diffdrive_arduino/bin'
[1.649s] Level 1:colcon.colcon_core.environment:checking '/home/olympusolutions/senior_ws/install/diffdrive_arduino/lib/pkgconfig/diffdrive_arduino.pc'
[1.650s] Level 1:colcon.colcon_core.environment:checking '/home/olympusolutions/senior_ws/install/diffdrive_arduino/lib/python3.12/site-packages'
[1.650s] Level 1:colcon.colcon_core.environment:checking '/home/olympusolutions/senior_ws/install/diffdrive_arduino/bin'
[1.651s] INFO:colcon.colcon_core.shell:Creating package script '/home/olympusolutions/senior_ws/install/diffdrive_arduino/share/diffdrive_arduino/package.ps1'
[1.653s] INFO:colcon.colcon_core.shell:Creating package descriptor '/home/olympusolutions/senior_ws/install/diffdrive_arduino/share/diffdrive_arduino/package.dsv'
[1.656s] INFO:colcon.colcon_core.shell:Creating package script '/home/olympusolutions/senior_ws/install/diffdrive_arduino/share/diffdrive_arduino/package.sh'
[1.658s] INFO:colcon.colcon_core.shell:Creating package script '/home/olympusolutions/senior_ws/install/diffdrive_arduino/share/diffdrive_arduino/package.bash'
[1.661s] INFO:colcon.colcon_core.shell:Creating package script '/home/olympusolutions/senior_ws/install/diffdrive_arduino/share/diffdrive_arduino/package.zsh'
[1.663s] Level 1:colcon.colcon_core.environment:create_file_with_runtime_dependencies(/home/olympusolutions/senior_ws/install/diffdrive_arduino/share/colcon-core/packages/diffdrive_arduino)
[1.665s] INFO:colcon.colcon_ros.task.ament_cmake.build:Building ROS package in '/home/olympusolutions/senior_ws/src/minibot' with build type 'ament_cmake'
[1.665s] INFO:colcon.colcon_cmake.task.cmake.build:Building CMake package in '/home/olympusolutions/senior_ws/src/minibot'
[1.666s] INFO:colcon.colcon_core.shell:Skip shell extension 'powershell' for command environment: Not usable outside of PowerShell
[1.666s] DEBUG:colcon.colcon_core.shell:Skip shell extension 'dsv' for command environment
[2.232s] INFO:colcon.colcon_core.task.python.build:Building Python package in '/home/olympusolutions/senior_ws/src/riley_ws/src/listener_package'
[2.232s] INFO:colcon.colcon_core.shell:Skip shell extension 'powershell' for command environment: Not usable outside of PowerShell
[2.232s] DEBUG:colcon.colcon_core.shell:Skip shell extension 'dsv' for command environment
[2.248s] DEBUG:colcon.colcon_core.event_handler.log_command:Invoking command in '/home/olympusolutions/senior_ws/build/minibot': CMAKE_PREFIX_PATH=${CMAKE_PREFIX_PATH}:/home/olympusolutions/senior_ws/install/twist_stamper:/home/olympusolutions/senior_ws/install/serial_motor_demo:/home/olympusolutions/senior_ws/install/my_package:/home/olympusolutions/senior_ws/install/listener_package:/home/olympusolutions/senior_ws/install/joy_tester:/opt/ros/jazzy DEBUGINFOD_URLS=https://debuginfod.ubuntu.com /usr/bin/cmake --build /home/olympusolutions/senior_ws/build/minibot -- -j4 -l4
[2.251s] DEBUG:colcon.colcon_core.event_handler.log_command:Invoked command in '/home/olympusolutions/senior_ws/build/serial_motor_demo_msgs' returned '0': CMAKE_PREFIX_PATH=${CMAKE_PREFIX_PATH}:/home/olympusolutions/senior_ws/install/twist_stamper:/home/olympusolutions/senior_ws/install/serial_motor_demo:/home/olympusolutions/senior_ws/install/my_package:/home/olympusolutions/senior_ws/install/listener_package:/home/olympusolutions/senior_ws/install/joy_tester:/opt/ros/jazzy DEBUGINFOD_URLS=https://debuginfod.ubuntu.com /usr/bin/cmake --build /home/olympusolutions/senior_ws/build/serial_motor_demo_msgs -- -j4 -l4
[2.253s] DEBUG:colcon.colcon_core.event_handler.log_command:Invoking command in '/home/olympusolutions/senior_ws/build/serial_motor_demo_msgs': CMAKE_PREFIX_PATH=${CMAKE_PREFIX_PATH}:/home/olympusolutions/senior_ws/install/twist_stamper:/home/olympusolutions/senior_ws/install/serial_motor_demo:/home/olympusolutions/senior_ws/install/my_package:/home/olympusolutions/senior_ws/install/listener_package:/home/olympusolutions/senior_ws/install/joy_tester:/opt/ros/jazzy DEBUGINFOD_URLS=https://debuginfod.ubuntu.com /usr/bin/cmake --install /home/olympusolutions/senior_ws/build/serial_motor_demo_msgs
[2.488s] Level 1:colcon.colcon_core.environment:create_environment_scripts_only(serial_motor_demo_msgs)
[2.489s] Level 1:colcon.colcon_core.environment:checking '/home/olympusolutions/senior_ws/install/serial_motor_demo_msgs' for CMake module files
[2.490s] Level 1:colcon.colcon_core.environment:checking '/home/olympusolutions/senior_ws/install/serial_motor_demo_msgs' for CMake config files
[2.491s] Level 1:colcon.colcon_core.shell:create_environment_hook('serial_motor_demo_msgs', 'cmake_prefix_path')
[2.489s] DEBUG:colcon.colcon_core.event_handler.log_command:Invoked command in '/home/olympusolutions/senior_ws/build/serial_motor_demo_msgs' returned '0': CMAKE_PREFIX_PATH=${CMAKE_PREFIX_PATH}:/home/olympusolutions/senior_ws/install/twist_stamper:/home/olympusolutions/senior_ws/install/serial_motor_demo:/home/olympusolutions/senior_ws/install/my_package:/home/olympusolutions/senior_ws/install/listener_package:/home/olympusolutions/senior_ws/install/joy_tester:/opt/ros/jazzy DEBUGINFOD_URLS=https://debuginfod.ubuntu.com /usr/bin/cmake --install /home/olympusolutions/senior_ws/build/serial_motor_demo_msgs
[2.492s] INFO:colcon.colcon_core.shell:Creating environment hook '/home/olympusolutions/senior_ws/install/serial_motor_demo_msgs/share/serial_motor_demo_msgs/hook/cmake_prefix_path.ps1'
[2.493s] INFO:colcon.colcon_core.shell:Creating environment descriptor '/home/olympusolutions/senior_ws/install/serial_motor_demo_msgs/share/serial_motor_demo_msgs/hook/cmake_prefix_path.dsv'
[2.494s] INFO:colcon.colcon_core.shell:Creating environment hook '/home/olympusolutions/senior_ws/install/serial_motor_demo_msgs/share/serial_motor_demo_msgs/hook/cmake_prefix_path.sh'
[2.496s] Level 1:colcon.colcon_core.environment:checking '/home/olympusolutions/senior_ws/install/serial_motor_demo_msgs/lib'
[2.496s] Level 1:colcon.colcon_core.shell:create_environment_hook('serial_motor_demo_msgs', 'ld_library_path_lib')
[2.497s] INFO:colcon.colcon_core.shell:Creating environment hook '/home/olympusolutions/senior_ws/install/serial_motor_demo_msgs/share/serial_motor_demo_msgs/hook/ld_library_path_lib.ps1'
[2.498s] INFO:colcon.colcon_core.shell:Creating environment descriptor '/home/olympusolutions/senior_ws/install/serial_motor_demo_msgs/share/serial_motor_demo_msgs/hook/ld_library_path_lib.dsv'
[2.499s] INFO:colcon.colcon_core.shell:Creating environment hook '/home/olympusolutions/senior_ws/install/serial_motor_demo_msgs/share/serial_motor_demo_msgs/hook/ld_library_path_lib.sh'
[2.502s] Level 1:colcon.colcon_core.environment:checking '/home/olympusolutions/senior_ws/install/serial_motor_demo_msgs/bin'
[2.502s] Level 1:colcon.colcon_core.environment:checking '/home/olympusolutions/senior_ws/install/serial_motor_demo_msgs/lib/pkgconfig/serial_motor_demo_msgs.pc'
[2.502s] Level 1:colcon.colcon_core.environment:checking '/home/olympusolutions/senior_ws/install/serial_motor_demo_msgs/lib/python3.12/site-packages'
[2.505s] Level 1:colcon.colcon_core.shell:create_environment_hook('serial_motor_demo_msgs', 'pythonpath')
[2.505s] INFO:colcon.colcon_core.shell:Creating environment hook '/home/olympusolutions/senior_ws/install/serial_motor_demo_msgs/share/serial_motor_demo_msgs/hook/pythonpath.ps1'
[2.506s] INFO:colcon.colcon_core.shell:Creating environment descriptor '/home/olympusolutions/senior_ws/install/serial_motor_demo_msgs/share/serial_motor_demo_msgs/hook/pythonpath.dsv'
[2.510s] INFO:colcon.colcon_core.shell:Creating environment hook '/home/olympusolutions/senior_ws/install/serial_motor_demo_msgs/share/serial_motor_demo_msgs/hook/pythonpath.sh'
[2.513s] Level 1:colcon.colcon_core.environment:checking '/home/olympusolutions/senior_ws/install/serial_motor_demo_msgs/bin'
[2.514s] INFO:colcon.colcon_core.shell:Creating package script '/home/olympusolutions/senior_ws/install/serial_motor_demo_msgs/share/serial_motor_demo_msgs/package.ps1'
[2.518s] INFO:colcon.colcon_core.shell:Creating package descriptor '/home/olympusolutions/senior_ws/install/serial_motor_demo_msgs/share/serial_motor_demo_msgs/package.dsv'
[2.520s] INFO:colcon.colcon_core.shell:Creating package script '/home/olympusolutions/senior_ws/install/serial_motor_demo_msgs/share/serial_motor_demo_msgs/package.sh'
[2.522s] INFO:colcon.colcon_core.shell:Creating package script '/home/olympusolutions/senior_ws/install/serial_motor_demo_msgs/share/serial_motor_demo_msgs/package.bash'
[2.524s] INFO:colcon.colcon_core.shell:Creating package script '/home/olympusolutions/senior_ws/install/serial_motor_demo_msgs/share/serial_motor_demo_msgs/package.zsh'
[2.527s] Level 1:colcon.colcon_core.environment:create_file_with_runtime_dependencies(/home/olympusolutions/senior_ws/install/serial_motor_demo_msgs/share/colcon-core/packages/serial_motor_demo_msgs)
[2.532s] Level 1:colcon.colcon_core.environment:create_environment_scripts_only(serial_motor_demo_msgs)
[2.532s] Level 1:colcon.colcon_core.environment:checking '/home/olympusolutions/senior_ws/install/serial_motor_demo_msgs' for CMake module files
[2.536s] Level 1:colcon.colcon_core.environment:checking '/home/olympusolutions/senior_ws/install/serial_motor_demo_msgs' for CMake config files
[2.537s] Level 1:colcon.colcon_core.shell:create_environment_hook('serial_motor_demo_msgs', 'cmake_prefix_path')
[2.537s] INFO:colcon.colcon_core.shell:Creating environment hook '/home/olympusolutions/senior_ws/install/serial_motor_demo_msgs/share/serial_motor_demo_msgs/hook/cmake_prefix_path.ps1'
[2.541s] INFO:colcon.colcon_core.shell:Creating environment descriptor '/home/olympusolutions/senior_ws/install/serial_motor_demo_msgs/share/serial_motor_demo_msgs/hook/cmake_prefix_path.dsv'
[2.544s] INFO:colcon.colcon_core.shell:Creating environment hook '/home/olympusolutions/senior_ws/install/serial_motor_demo_msgs/share/serial_motor_demo_msgs/hook/cmake_prefix_path.sh'
[2.562s] Level 1:colcon.colcon_core.environment:checking '/home/olympusolutions/senior_ws/install/serial_motor_demo_msgs/lib'
[2.563s] Level 1:colcon.colcon_core.shell:create_environment_hook('serial_motor_demo_msgs', 'ld_library_path_lib')
[2.563s] INFO:colcon.colcon_core.shell:Creating environment hook '/home/olympusolutions/senior_ws/install/serial_motor_demo_msgs/share/serial_motor_demo_msgs/hook/ld_library_path_lib.ps1'
[2.564s] INFO:colcon.colcon_core.shell:Creating environment descriptor '/home/olympusolutions/senior_ws/install/serial_motor_demo_msgs/share/serial_motor_demo_msgs/hook/ld_library_path_lib.dsv'
[2.566s] INFO:colcon.colcon_core.shell:Creating environment hook '/home/olympusolutions/senior_ws/install/serial_motor_demo_msgs/share/serial_motor_demo_msgs/hook/ld_library_path_lib.sh'
[2.568s] Level 1:colcon.colcon_core.environment:checking '/home/olympusolutions/senior_ws/install/serial_motor_demo_msgs/bin'
[2.568s] Level 1:colcon.colcon_core.environment:checking '/home/olympusolutions/senior_ws/install/serial_motor_demo_msgs/lib/pkgconfig/serial_motor_demo_msgs.pc'
[2.568s] Level 1:colcon.colcon_core.environment:checking '/home/olympusolutions/senior_ws/install/serial_motor_demo_msgs/lib/python3.12/site-packages'
[2.569s] Level 1:colcon.colcon_core.shell:create_environment_hook('serial_motor_demo_msgs', 'pythonpath')
[2.569s] INFO:colcon.colcon_core.shell:Creating environment hook '/home/olympusolutions/senior_ws/install/serial_motor_demo_msgs/share/serial_motor_demo_msgs/hook/pythonpath.ps1'
[2.571s] INFO:colcon.colcon_core.shell:Creating environment descriptor '/home/olympusolutions/senior_ws/install/serial_motor_demo_msgs/share/serial_motor_demo_msgs/hook/pythonpath.dsv'
[2.571s] INFO:colcon.colcon_core.shell:Creating environment hook '/home/olympusolutions/senior_ws/install/serial_motor_demo_msgs/share/serial_motor_demo_msgs/hook/pythonpath.sh'
[2.573s] Level 1:colcon.colcon_core.environment:checking '/home/olympusolutions/senior_ws/install/serial_motor_demo_msgs/bin'
[2.574s] INFO:colcon.colcon_core.shell:Creating package script '/home/olympusolutions/senior_ws/install/serial_motor_demo_msgs/share/serial_motor_demo_msgs/package.ps1'
[2.576s] INFO:colcon.colcon_core.shell:Creating package descriptor '/home/olympusolutions/senior_ws/install/serial_motor_demo_msgs/share/serial_motor_demo_msgs/package.dsv'
[2.578s] INFO:colcon.colcon_core.shell:Creating package script '/home/olympusolutions/senior_ws/install/serial_motor_demo_msgs/share/serial_motor_demo_msgs/package.sh'
[2.580s] INFO:colcon.colcon_core.shell:Creating package script '/home/olympusolutions/senior_ws/install/serial_motor_demo_msgs/share/serial_motor_demo_msgs/package.bash'
[2.581s] INFO:colcon.colcon_core.shell:Creating package script '/home/olympusolutions/senior_ws/install/serial_motor_demo_msgs/share/serial_motor_demo_msgs/package.zsh'
[2.582s] Level 1:colcon.colcon_core.environment:create_file_with_runtime_dependencies(/home/olympusolutions/senior_ws/install/serial_motor_demo_msgs/share/colcon-core/packages/serial_motor_demo_msgs)
[2.586s] INFO:colcon.colcon_ros.task.ament_python.build:Building ROS package in '/home/olympusolutions/senior_ws/src/riley_ws/src/my_package' with build type 'ament_python'
[2.586s] Level 1:colcon.colcon_core.shell:create_environment_hook('my_package', 'ament_prefix_path')
[2.587s] INFO:colcon.colcon_core.shell:Creating environment hook '/home/olympusolutions/senior_ws/install/my_package/share/my_package/hook/ament_prefix_path.ps1'
[2.590s] INFO:colcon.colcon_core.shell:Creating environment descriptor '/home/olympusolutions/senior_ws/install/my_package/share/my_package/hook/ament_prefix_path.dsv'
[2.592s] INFO:colcon.colcon_core.shell:Creating environment hook '/home/olympusolutions/senior_ws/install/my_package/share/my_package/hook/ament_prefix_path.sh'
[2.593s] INFO:colcon.colcon_core.shell:Skip shell extension 'powershell' for command environment: Not usable outside of PowerShell
[2.593s] DEBUG:colcon.colcon_core.shell:Skip shell extension 'dsv' for command environment
[2.618s] DEBUG:colcon.colcon_core.event_handler.log_command:Invoked command in '/home/olympusolutions/senior_ws/build/minibot' returned '0': CMAKE_PREFIX_PATH=${CMAKE_PREFIX_PATH}:/home/olympusolutions/senior_ws/install/twist_stamper:/home/olympusolutions/senior_ws/install/serial_motor_demo:/home/olympusolutions/senior_ws/install/my_package:/home/olympusolutions/senior_ws/install/listener_package:/home/olympusolutions/senior_ws/install/joy_tester:/opt/ros/jazzy DEBUGINFOD_URLS=https://debuginfod.ubuntu.com /usr/bin/cmake --build /home/olympusolutions/senior_ws/build/minibot -- -j4 -l4
[2.619s] DEBUG:colcon.colcon_core.event_handler.log_command:Invoking command in '/home/olympusolutions/senior_ws/build/minibot': CMAKE_PREFIX_PATH=${CMAKE_PREFIX_PATH}:/home/olympusolutions/senior_ws/install/twist_stamper:/home/olympusolutions/senior_ws/install/serial_motor_demo:/home/olympusolutions/senior_ws/install/my_package:/home/olympusolutions/senior_ws/install/listener_package:/home/olympusolutions/senior_ws/install/joy_tester:/opt/ros/jazzy DEBUGINFOD_URLS=https://debuginfod.ubuntu.com /usr/bin/cmake --install /home/olympusolutions/senior_ws/build/minibot
[3.211s] INFO:colcon.colcon_core.task.python.build:Building Python package in '/home/olympusolutions/senior_ws/src/riley_ws/src/my_package'
[3.211s] INFO:colcon.colcon_core.shell:Skip shell extension 'powershell' for command environment: Not usable outside of PowerShell
[3.211s] DEBUG:colcon.colcon_core.shell:Skip shell extension 'dsv' for command environment
[3.227s] DEBUG:colcon.colcon_core.event_handler.log_command:Invoking command in '/home/olympusolutions/senior_ws/src/joy_tester': DEBUGINFOD_URLS=https://debuginfod.ubuntu.com PYTHONPATH=/home/olympusolutions/senior_ws/build/joy_tester/prefix_override:/usr/lib/python3/dist-packages/colcon_core/task/python/colcon_distutils_commands:/home/olympusolutions/senior_ws/install/joy_tester/lib/python3.12/site-packages:${PYTHONPATH} /usr/bin/python3 -W ignore:setup.py install is deprecated -W ignore:easy_install command is deprecated setup.py egg_info --egg-base ../../build/joy_tester build --build-base /home/olympusolutions/senior_ws/build/joy_tester/build install --record /home/olympusolutions/senior_ws/build/joy_tester/install.log --single-version-externally-managed install_data
[3.230s] Level 1:colcon.colcon_core.environment:create_environment_scripts_only(minibot)
[3.230s] Level 1:colcon.colcon_core.environment:checking '/home/olympusolutions/senior_ws/install/minibot' for CMake module files
[3.231s] Level 1:colcon.colcon_core.environment:checking '/home/olympusolutions/senior_ws/install/minibot' for CMake config files
[3.232s] Level 1:colcon.colcon_core.shell:create_environment_hook('minibot', 'cmake_prefix_path')
[3.233s] INFO:colcon.colcon_core.shell:Creating environment hook '/home/olympusolutions/senior_ws/install/minibot/share/minibot/hook/cmake_prefix_path.ps1'
[3.234s] INFO:colcon.colcon_core.shell:Creating environment descriptor '/home/olympusolutions/senior_ws/install/minibot/share/minibot/hook/cmake_prefix_path.dsv'
[3.232s] DEBUG:colcon.colcon_core.event_handler.log_command:Invoked command in '/home/olympusolutions/senior_ws/build/minibot' returned '0': CMAKE_PREFIX_PATH=${CMAKE_PREFIX_PATH}:/home/olympusolutions/senior_ws/install/twist_stamper:/home/olympusolutions/senior_ws/install/serial_motor_demo:/home/olympusolutions/senior_ws/install/my_package:/home/olympusolutions/senior_ws/install/listener_package:/home/olympusolutions/senior_ws/install/joy_tester:/opt/ros/jazzy DEBUGINFOD_URLS=https://debuginfod.ubuntu.com /usr/bin/cmake --install /home/olympusolutions/senior_ws/build/minibot
[3.236s] INFO:colcon.colcon_core.shell:Creating environment hook '/home/olympusolutions/senior_ws/install/minibot/share/minibot/hook/cmake_prefix_path.sh'
[3.238s] Level 1:colcon.colcon_core.environment:checking '/home/olympusolutions/senior_ws/install/minibot/lib'
[3.238s] Level 1:colcon.colcon_core.environment:checking '/home/olympusolutions/senior_ws/install/minibot/bin'
[3.239s] Level 1:colcon.colcon_core.environment:checking '/home/olympusolutions/senior_ws/install/minibot/lib/pkgconfig/minibot.pc'
[3.239s] Level 1:colcon.colcon_core.environment:checking '/home/olympusolutions/senior_ws/install/minibot/lib/python3.12/site-packages'
[3.240s] Level 1:colcon.colcon_core.environment:checking '/home/olympusolutions/senior_ws/install/minibot/bin'
[3.240s] INFO:colcon.colcon_core.shell:Creating package script '/home/olympusolutions/senior_ws/install/minibot/share/minibot/package.ps1'
[3.242s] INFO:colcon.colcon_core.shell:Creating package descriptor '/home/olympusolutions/senior_ws/install/minibot/share/minibot/package.dsv'
[3.243s] INFO:colcon.colcon_core.shell:Creating package script '/home/olympusolutions/senior_ws/install/minibot/share/minibot/package.sh'
[3.245s] INFO:colcon.colcon_core.shell:Creating package script '/home/olympusolutions/senior_ws/install/minibot/share/minibot/package.bash'
[3.246s] INFO:colcon.colcon_core.shell:Creating package script '/home/olympusolutions/senior_ws/install/minibot/share/minibot/package.zsh'
[3.247s] Level 1:colcon.colcon_core.environment:create_file_with_runtime_dependencies(/home/olympusolutions/senior_ws/install/minibot/share/colcon-core/packages/minibot)
[3.251s] Level 1:colcon.colcon_core.environment:create_environment_scripts_only(minibot)
[3.251s] Level 1:colcon.colcon_core.environment:checking '/home/olympusolutions/senior_ws/install/minibot' for CMake module files
[3.252s] Level 1:colcon.colcon_core.environment:checking '/home/olympusolutions/senior_ws/install/minibot' for CMake config files
[3.252s] Level 1:colcon.colcon_core.shell:create_environment_hook('minibot', 'cmake_prefix_path')
[3.258s] INFO:colcon.colcon_core.shell:Creating environment hook '/home/olympusolutions/senior_ws/install/minibot/share/minibot/hook/cmake_prefix_path.ps1'
[3.260s] INFO:colcon.colcon_core.shell:Creating environment descriptor '/home/olympusolutions/senior_ws/install/minibot/share/minibot/hook/cmake_prefix_path.dsv'
[3.267s] INFO:colcon.colcon_core.shell:Creating environment hook '/home/olympusolutions/senior_ws/install/minibot/share/minibot/hook/cmake_prefix_path.sh'
[3.274s] Level 1:colcon.colcon_core.environment:checking '/home/olympusolutions/senior_ws/install/minibot/lib'
[3.275s] Level 1:colcon.colcon_core.environment:checking '/home/olympusolutions/senior_ws/install/minibot/bin'
[3.275s] Level 1:colcon.colcon_core.environment:checking '/home/olympusolutions/senior_ws/install/minibot/lib/pkgconfig/minibot.pc'
[3.275s] Level 1:colcon.colcon_core.environment:checking '/home/olympusolutions/senior_ws/install/minibot/lib/python3.12/site-packages'
[3.276s] Level 1:colcon.colcon_core.environment:checking '/home/olympusolutions/senior_ws/install/minibot/bin'
[3.278s] INFO:colcon.colcon_core.shell:Creating package script '/home/olympusolutions/senior_ws/install/minibot/share/minibot/package.ps1'
[3.279s] INFO:colcon.colcon_core.shell:Creating package descriptor '/home/olympusolutions/senior_ws/install/minibot/share/minibot/package.dsv'
[3.287s] INFO:colcon.colcon_core.shell:Creating package script '/home/olympusolutions/senior_ws/install/minibot/share/minibot/package.sh'
[3.291s] INFO:colcon.colcon_core.shell:Creating package script '/home/olympusolutions/senior_ws/install/minibot/share/minibot/package.bash'
[3.292s] INFO:colcon.colcon_core.shell:Creating package script '/home/olympusolutions/senior_ws/install/minibot/share/minibot/package.zsh'
[3.296s] Level 1:colcon.colcon_core.environment:create_file_with_runtime_dependencies(/home/olympusolutions/senior_ws/install/minibot/share/colcon-core/packages/minibot)
[3.297s] INFO:colcon.colcon_ros.task.ament_cmake.build:Building ROS package in '/home/olympusolutions/senior_ws/src/serial' with build type 'ament_cmake'
[3.297s] INFO:colcon.colcon_cmake.task.cmake.build:Building CMake package in '/home/olympusolutions/senior_ws/src/serial'
[3.302s] INFO:colcon.colcon_core.shell:Skip shell extension 'powershell' for command environment: Not usable outside of PowerShell
[3.306s] DEBUG:colcon.colcon_core.shell:Skip shell extension 'dsv' for command environment
[3.365s] DEBUG:colcon.colcon_core.event_handler.log_command:Invoking command in '/home/olympusolutions/senior_ws/build/serial': CMAKE_PREFIX_PATH=${CMAKE_PREFIX_PATH}:/home/olympusolutions/senior_ws/install/twist_stamper:/home/olympusolutions/senior_ws/install/serial_motor_demo:/home/olympusolutions/senior_ws/install/my_package:/home/olympusolutions/senior_ws/install/listener_package:/home/olympusolutions/senior_ws/install/joy_tester:/opt/ros/jazzy DEBUGINFOD_URLS=https://debuginfod.ubuntu.com /usr/bin/cmake --build /home/olympusolutions/senior_ws/build/serial -- -j4 -l4
[3.802s] DEBUG:colcon.colcon_core.event_handler.log_command:Invoked command in '/home/olympusolutions/senior_ws/build/serial' returned '0': CMAKE_PREFIX_PATH=${CMAKE_PREFIX_PATH}:/home/olympusolutions/senior_ws/install/twist_stamper:/home/olympusolutions/senior_ws/install/serial_motor_demo:/home/olympusolutions/senior_ws/install/my_package:/home/olympusolutions/senior_ws/install/listener_package:/home/olympusolutions/senior_ws/install/joy_tester:/opt/ros/jazzy DEBUGINFOD_URLS=https://debuginfod.ubuntu.com /usr/bin/cmake --build /home/olympusolutions/senior_ws/build/serial -- -j4 -l4
[3.802s] DEBUG:colcon.colcon_core.event_handler.log_command:Invoking command in '/home/olympusolutions/senior_ws/build/serial': CMAKE_PREFIX_PATH=${CMAKE_PREFIX_PATH}:/home/olympusolutions/senior_ws/install/twist_stamper:/home/olympusolutions/senior_ws/install/serial_motor_demo:/home/olympusolutions/senior_ws/install/my_package:/home/olympusolutions/senior_ws/install/listener_package:/home/olympusolutions/senior_ws/install/joy_tester:/opt/ros/jazzy DEBUGINFOD_URLS=https://debuginfod.ubuntu.com /usr/bin/cmake --install /home/olympusolutions/senior_ws/build/serial
[3.842s] Level 1:colcon.colcon_core.environment:create_environment_scripts_only(serial)
[3.842s] Level 1:colcon.colcon_core.environment:checking '/home/olympusolutions/senior_ws/install/serial' for CMake module files
[3.843s] Level 1:colcon.colcon_core.environment:checking '/home/olympusolutions/senior_ws/install/serial' for CMake config files
[3.843s] Level 1:colcon.colcon_core.shell:create_environment_hook('serial', 'cmake_prefix_path')
[3.844s] INFO:colcon.colcon_core.shell:Creating environment hook '/home/olympusolutions/senior_ws/install/serial/share/serial/hook/cmake_prefix_path.ps1'
[3.844s] INFO:colcon.colcon_core.shell:Creating environment descriptor '/home/olympusolutions/senior_ws/install/serial/share/serial/hook/cmake_prefix_path.dsv'
[3.849s] DEBUG:colcon.colcon_core.event_handler.log_command:Invoked command in '/home/olympusolutions/senior_ws/build/serial' returned '0': CMAKE_PREFIX_PATH=${CMAKE_PREFIX_PATH}:/home/olympusolutions/senior_ws/install/twist_stamper:/home/olympusolutions/senior_ws/install/serial_motor_demo:/home/olympusolutions/senior_ws/install/my_package:/home/olympusolutions/senior_ws/install/listener_package:/home/olympusolutions/senior_ws/install/joy_tester:/opt/ros/jazzy DEBUGINFOD_URLS=https://debuginfod.ubuntu.com /usr/bin/cmake --install /home/olympusolutions/senior_ws/build/serial
[3.850s] INFO:colcon.colcon_core.shell:Creating environment hook '/home/olympusolutions/senior_ws/install/serial/share/serial/hook/cmake_prefix_path.sh'
[3.852s] Level 1:colcon.colcon_core.environment:checking '/home/olympusolutions/senior_ws/install/serial/lib'
[3.852s] Level 1:colcon.colcon_core.environment:checking '/home/olympusolutions/senior_ws/install/serial/bin'
[3.853s] Level 1:colcon.colcon_core.environment:checking '/home/olympusolutions/senior_ws/install/serial/lib/pkgconfig/serial.pc'
[3.854s] Level 1:colcon.colcon_core.environment:checking '/home/olympusolutions/senior_ws/install/serial/lib/python3.12/site-packages'
[3.854s] Level 1:colcon.colcon_core.environment:checking '/home/olympusolutions/senior_ws/install/serial/bin'
[3.855s] INFO:colcon.colcon_core.shell:Creating package script '/home/olympusolutions/senior_ws/install/serial/share/serial/package.ps1'
[3.857s] INFO:colcon.colcon_core.shell:Creating package descriptor '/home/olympusolutions/senior_ws/install/serial/share/serial/package.dsv'
[3.858s] INFO:colcon.colcon_core.shell:Creating package script '/home/olympusolutions/senior_ws/install/serial/share/serial/package.sh'
[3.859s] INFO:colcon.colcon_core.shell:Creating package script '/home/olympusolutions/senior_ws/install/serial/share/serial/package.bash'
[3.860s] INFO:colcon.colcon_core.shell:Creating package script '/home/olympusolutions/senior_ws/install/serial/share/serial/package.zsh'
[3.861s] Level 1:colcon.colcon_core.environment:create_file_with_runtime_dependencies(/home/olympusolutions/senior_ws/install/serial/share/colcon-core/packages/serial)
[3.862s] Level 1:colcon.colcon_core.environment:create_environment_scripts_only(serial)
[3.863s] Level 1:colcon.colcon_core.environment:checking '/home/olympusolutions/senior_ws/install/serial' for CMake module files
[3.864s] Level 1:colcon.colcon_core.environment:checking '/home/olympusolutions/senior_ws/install/serial' for CMake config files
[3.865s] Level 1:colcon.colcon_core.shell:create_environment_hook('serial', 'cmake_prefix_path')
[3.865s] INFO:colcon.colcon_core.shell:Creating environment hook '/home/olympusolutions/senior_ws/install/serial/share/serial/hook/cmake_prefix_path.ps1'
[3.866s] INFO:colcon.colcon_core.shell:Creating environment descriptor '/home/olympusolutions/senior_ws/install/serial/share/serial/hook/cmake_prefix_path.dsv'
[3.868s] INFO:colcon.colcon_core.shell:Creating environment hook '/home/olympusolutions/senior_ws/install/serial/share/serial/hook/cmake_prefix_path.sh'
[3.870s] Level 1:colcon.colcon_core.environment:checking '/home/olympusolutions/senior_ws/install/serial/lib'
[3.871s] Level 1:colcon.colcon_core.environment:checking '/home/olympusolutions/senior_ws/install/serial/bin'
[3.872s] Level 1:colcon.colcon_core.environment:checking '/home/olympusolutions/senior_ws/install/serial/lib/pkgconfig/serial.pc'
[3.872s] Level 1:colcon.colcon_core.environment:checking '/home/olympusolutions/senior_ws/install/serial/lib/python3.12/site-packages'
[3.873s] Level 1:colcon.colcon_core.environment:checking '/home/olympusolutions/senior_ws/install/serial/bin'
[3.874s] INFO:colcon.colcon_core.shell:Creating package script '/home/olympusolutions/senior_ws/install/serial/share/serial/package.ps1'
[3.875s] INFO:colcon.colcon_core.shell:Creating package descriptor '/home/olympusolutions/senior_ws/install/serial/share/serial/package.dsv'
[3.879s] INFO:colcon.colcon_core.shell:Creating package script '/home/olympusolutions/senior_ws/install/serial/share/serial/package.sh'
[3.880s] INFO:colcon.colcon_core.shell:Creating package script '/home/olympusolutions/senior_ws/install/serial/share/serial/package.bash'
[3.882s] INFO:colcon.colcon_core.shell:Creating package script '/home/olympusolutions/senior_ws/install/serial/share/serial/package.zsh'
[3.883s] Level 1:colcon.colcon_core.environment:create_file_with_runtime_dependencies(/home/olympusolutions/senior_ws/install/serial/share/colcon-core/packages/serial)
[3.885s] INFO:colcon.colcon_ros.task.ament_cmake.build:Building ROS package in '/home/olympusolutions/senior_ws/src/sllidar_ros2' with build type 'ament_cmake'
[3.886s] INFO:colcon.colcon_cmake.task.cmake.build:Building CMake package in '/home/olympusolutions/senior_ws/src/sllidar_ros2'
[3.886s] INFO:colcon.colcon_core.shell:Skip shell extension 'powershell' for command environment: Not usable outside of PowerShell
[3.887s] DEBUG:colcon.colcon_core.shell:Skip shell extension 'dsv' for command environment
[3.918s] DEBUG:colcon.colcon_core.event_handler.log_command:Invoking command in '/home/olympusolutions/senior_ws/build/sllidar_ros2': CMAKE_PREFIX_PATH=${CMAKE_PREFIX_PATH}:/home/olympusolutions/senior_ws/install/twist_stamper:/home/olympusolutions/senior_ws/install/serial_motor_demo:/home/olympusolutions/senior_ws/install/my_package:/home/olympusolutions/senior_ws/install/listener_package:/home/olympusolutions/senior_ws/install/joy_tester:/opt/ros/jazzy DEBUGINFOD_URLS=https://debuginfod.ubuntu.com /usr/bin/cmake --build /home/olympusolutions/senior_ws/build/sllidar_ros2 -- -j4 -l4
[4.331s] DEBUG:colcon.colcon_core.event_handler.log_command:Invoking command in '/home/olympusolutions/senior_ws/src/riley_ws/src/listener_package': DEBUGINFOD_URLS=https://debuginfod.ubuntu.com PYTHONPATH=/home/olympusolutions/senior_ws/build/listener_package/prefix_override:/usr/lib/python3/dist-packages/colcon_core/task/python/colcon_distutils_commands:/home/olympusolutions/senior_ws/install/listener_package/lib/python3.12/site-packages:${PYTHONPATH} /usr/bin/python3 -W ignore:setup.py install is deprecated -W ignore:easy_install command is deprecated setup.py egg_info --egg-base ../../../../build/listener_package build --build-base /home/olympusolutions/senior_ws/build/listener_package/build install --record /home/olympusolutions/senior_ws/build/listener_package/install.log --single-version-externally-managed install_data
[4.372s] DEBUG:colcon.colcon_core.event_handler.log_command:Invoked command in '/home/olympusolutions/senior_ws/build/sllidar_ros2' returned '0': CMAKE_PREFIX_PATH=${CMAKE_PREFIX_PATH}:/home/olympusolutions/senior_ws/install/twist_stamper:/home/olympusolutions/senior_ws/install/serial_motor_demo:/home/olympusolutions/senior_ws/install/my_package:/home/olympusolutions/senior_ws/install/listener_package:/home/olympusolutions/senior_ws/install/joy_tester:/opt/ros/jazzy DEBUGINFOD_URLS=https://debuginfod.ubuntu.com /usr/bin/cmake --build /home/olympusolutions/senior_ws/build/sllidar_ros2 -- -j4 -l4
[4.373s] DEBUG:colcon.colcon_core.event_handler.log_command:Invoking command in '/home/olympusolutions/senior_ws/build/sllidar_ros2': CMAKE_PREFIX_PATH=${CMAKE_PREFIX_PATH}:/home/olympusolutions/senior_ws/install/twist_stamper:/home/olympusolutions/senior_ws/install/serial_motor_demo:/home/olympusolutions/senior_ws/install/my_package:/home/olympusolutions/senior_ws/install/listener_package:/home/olympusolutions/senior_ws/install/joy_tester:/opt/ros/jazzy DEBUGINFOD_URLS=https://debuginfod.ubuntu.com /usr/bin/cmake --install /home/olympusolutions/senior_ws/build/sllidar_ros2
[4.445s] Level 1:colcon.colcon_core.environment:create_environment_scripts_only(sllidar_ros2)
[4.446s] Level 1:colcon.colcon_core.environment:checking '/home/olympusolutions/senior_ws/install/sllidar_ros2' for CMake module files
[4.447s] Level 1:colcon.colcon_core.environment:checking '/home/olympusolutions/senior_ws/install/sllidar_ros2' for CMake config files
[4.457s] DEBUG:colcon.colcon_core.event_handler.log_command:Invoked command in '/home/olympusolutions/senior_ws/build/sllidar_ros2' returned '0': CMAKE_PREFIX_PATH=${CMAKE_PREFIX_PATH}:/home/olympusolutions/senior_ws/install/twist_stamper:/home/olympusolutions/senior_ws/install/serial_motor_demo:/home/olympusolutions/senior_ws/install/my_package:/home/olympusolutions/senior_ws/install/listener_package:/home/olympusolutions/senior_ws/install/joy_tester:/opt/ros/jazzy DEBUGINFOD_URLS=https://debuginfod.ubuntu.com /usr/bin/cmake --install /home/olympusolutions/senior_ws/build/sllidar_ros2
[4.457s] Level 1:colcon.colcon_core.shell:create_environment_hook('sllidar_ros2', 'cmake_prefix_path')
[4.458s] INFO:colcon.colcon_core.shell:Creating environment hook '/home/olympusolutions/senior_ws/install/sllidar_ros2/share/sllidar_ros2/hook/cmake_prefix_path.ps1'
[4.460s] INFO:colcon.colcon_core.shell:Creating environment descriptor '/home/olympusolutions/senior_ws/install/sllidar_ros2/share/sllidar_ros2/hook/cmake_prefix_path.dsv'
[4.462s] INFO:colcon.colcon_core.shell:Creating environment hook '/home/olympusolutions/senior_ws/install/sllidar_ros2/share/sllidar_ros2/hook/cmake_prefix_path.sh'
[4.466s] Level 1:colcon.colcon_core.environment:checking '/home/olympusolutions/senior_ws/install/sllidar_ros2/lib'
[4.466s] Level 1:colcon.colcon_core.environment:checking '/home/olympusolutions/senior_ws/install/sllidar_ros2/bin'
[4.466s] Level 1:colcon.colcon_core.environment:checking '/home/olympusolutions/senior_ws/install/sllidar_ros2/lib/pkgconfig/sllidar_ros2.pc'
[4.467s] Level 1:colcon.colcon_core.environment:checking '/home/olympusolutions/senior_ws/install/sllidar_ros2/lib/python3.12/site-packages'
[4.472s] Level 1:colcon.colcon_core.environment:checking '/home/olympusolutions/senior_ws/install/sllidar_ros2/bin'
[4.475s] INFO:colcon.colcon_core.shell:Creating package script '/home/olympusolutions/senior_ws/install/sllidar_ros2/share/sllidar_ros2/package.ps1'
[4.477s] INFO:colcon.colcon_core.shell:Creating package descriptor '/home/olympusolutions/senior_ws/install/sllidar_ros2/share/sllidar_ros2/package.dsv'
[4.482s] INFO:colcon.colcon_core.shell:Creating package script '/home/olympusolutions/senior_ws/install/sllidar_ros2/share/sllidar_ros2/package.sh'
[4.485s] INFO:colcon.colcon_core.shell:Creating package script '/home/olympusolutions/senior_ws/install/sllidar_ros2/share/sllidar_ros2/package.bash'
[4.490s] INFO:colcon.colcon_core.shell:Creating package script '/home/olympusolutions/senior_ws/install/sllidar_ros2/share/sllidar_ros2/package.zsh'
[4.492s] Level 1:colcon.colcon_core.environment:create_file_with_runtime_dependencies(/home/olympusolutions/senior_ws/install/sllidar_ros2/share/colcon-core/packages/sllidar_ros2)
[4.499s] Level 1:colcon.colcon_core.environment:create_environment_scripts_only(sllidar_ros2)
[4.501s] Level 1:colcon.colcon_core.environment:checking '/home/olympusolutions/senior_ws/install/sllidar_ros2' for CMake module files
[4.505s] Level 1:colcon.colcon_core.environment:checking '/home/olympusolutions/senior_ws/install/sllidar_ros2' for CMake config files
[4.508s] Level 1:colcon.colcon_core.shell:create_environment_hook('sllidar_ros2', 'cmake_prefix_path')
[4.508s] INFO:colcon.colcon_core.shell:Creating environment hook '/home/olympusolutions/senior_ws/install/sllidar_ros2/share/sllidar_ros2/hook/cmake_prefix_path.ps1'
[4.511s] INFO:colcon.colcon_core.shell:Creating environment descriptor '/home/olympusolutions/senior_ws/install/sllidar_ros2/share/sllidar_ros2/hook/cmake_prefix_path.dsv'
[4.517s] INFO:colcon.colcon_core.shell:Creating environment hook '/home/olympusolutions/senior_ws/install/sllidar_ros2/share/sllidar_ros2/hook/cmake_prefix_path.sh'
[4.522s] Level 1:colcon.colcon_core.environment:checking '/home/olympusolutions/senior_ws/install/sllidar_ros2/lib'
[4.522s] Level 1:colcon.colcon_core.environment:checking '/home/olympusolutions/senior_ws/install/sllidar_ros2/bin'
[4.522s] Level 1:colcon.colcon_core.environment:checking '/home/olympusolutions/senior_ws/install/sllidar_ros2/lib/pkgconfig/sllidar_ros2.pc'
[4.522s] Level 1:colcon.colcon_core.environment:checking '/home/olympusolutions/senior_ws/install/sllidar_ros2/lib/python3.12/site-packages'
[4.525s] Level 1:colcon.colcon_core.environment:checking '/home/olympusolutions/senior_ws/install/sllidar_ros2/bin'
[4.529s] INFO:colcon.colcon_core.shell:Creating package script '/home/olympusolutions/senior_ws/install/sllidar_ros2/share/sllidar_ros2/package.ps1'
[4.533s] INFO:colcon.colcon_core.shell:Creating package descriptor '/home/olympusolutions/senior_ws/install/sllidar_ros2/share/sllidar_ros2/package.dsv'
[4.536s] INFO:colcon.colcon_core.shell:Creating package script '/home/olympusolutions/senior_ws/install/sllidar_ros2/share/sllidar_ros2/package.sh'
[4.540s] INFO:colcon.colcon_core.shell:Creating package script '/home/olympusolutions/senior_ws/install/sllidar_ros2/share/sllidar_ros2/package.bash'
[4.542s] INFO:colcon.colcon_core.shell:Creating package script '/home/olympusolutions/senior_ws/install/sllidar_ros2/share/sllidar_ros2/package.zsh'
[4.547s] Level 1:colcon.colcon_core.environment:create_file_with_runtime_dependencies(/home/olympusolutions/senior_ws/install/sllidar_ros2/share/colcon-core/packages/sllidar_ros2)
[4.550s] INFO:colcon.colcon_ros.task.ament_python.build:Building ROS package in '/home/olympusolutions/senior_ws/src/twist_stamper' with build type 'ament_python'
[4.551s] Level 1:colcon.colcon_core.shell:create_environment_hook('twist_stamper', 'ament_prefix_path')
[4.552s] INFO:colcon.colcon_core.shell:Creating environment hook '/home/olympusolutions/senior_ws/install/twist_stamper/share/twist_stamper/hook/ament_prefix_path.ps1'
[4.557s] INFO:colcon.colcon_core.shell:Creating environment descriptor '/home/olympusolutions/senior_ws/install/twist_stamper/share/twist_stamper/hook/ament_prefix_path.dsv'
[4.558s] INFO:colcon.colcon_core.shell:Creating environment hook '/home/olympusolutions/senior_ws/install/twist_stamper/share/twist_stamper/hook/ament_prefix_path.sh'
[4.562s] INFO:colcon.colcon_core.shell:Skip shell extension 'powershell' for command environment: Not usable outside of PowerShell
[4.562s] DEBUG:colcon.colcon_core.shell:Skip shell extension 'dsv' for command environment
[5.596s] INFO:colcon.colcon_core.task.python.build:Building Python package in '/home/olympusolutions/senior_ws/src/twist_stamper'
[5.600s] INFO:colcon.colcon_core.shell:Skip shell extension 'powershell' for command environment: Not usable outside of PowerShell
[5.601s] DEBUG:colcon.colcon_core.shell:Skip shell extension 'dsv' for command environment
[5.636s] Level 1:colcon.colcon_core.environment:checking '/home/olympusolutions/senior_ws/install/joy_tester' for CMake module files
[5.637s] Level 1:colcon.colcon_core.environment:checking '/home/olympusolutions/senior_ws/install/joy_tester' for CMake config files
[5.639s] DEBUG:colcon.colcon_core.event_handler.log_command:Invoked command in '/home/olympusolutions/senior_ws/src/joy_tester' returned '0': DEBUGINFOD_URLS=https://debuginfod.ubuntu.com PYTHONPATH=/home/olympusolutions/senior_ws/build/joy_tester/prefix_override:/usr/lib/python3/dist-packages/colcon_core/task/python/colcon_distutils_commands:/home/olympusolutions/senior_ws/install/joy_tester/lib/python3.12/site-packages:${PYTHONPATH} /usr/bin/python3 -W ignore:setup.py install is deprecated -W ignore:easy_install command is deprecated setup.py egg_info --egg-base ../../build/joy_tester build --build-base /home/olympusolutions/senior_ws/build/joy_tester/build install --record /home/olympusolutions/senior_ws/build/joy_tester/install.log --single-version-externally-managed install_data
[5.646s] Level 1:colcon.colcon_core.environment:checking '/home/olympusolutions/senior_ws/install/joy_tester/lib'
[5.646s] Level 1:colcon.colcon_core.environment:checking '/home/olympusolutions/senior_ws/install/joy_tester/bin'
[5.646s] Level 1:colcon.colcon_core.environment:checking '/home/olympusolutions/senior_ws/install/joy_tester/lib/pkgconfig/joy_tester.pc'
[5.647s] Level 1:colcon.colcon_core.environment:checking '/home/olympusolutions/senior_ws/install/joy_tester/lib/python3.12/site-packages'
[5.647s] Level 1:colcon.colcon_core.shell:create_environment_hook('joy_tester', 'pythonpath')
[5.648s] INFO:colcon.colcon_core.shell:Creating environment hook '/home/olympusolutions/senior_ws/install/joy_tester/share/joy_tester/hook/pythonpath.ps1'
[5.649s] INFO:colcon.colcon_core.shell:Creating environment descriptor '/home/olympusolutions/senior_ws/install/joy_tester/share/joy_tester/hook/pythonpath.dsv'
[5.651s] INFO:colcon.colcon_core.shell:Creating environment hook '/home/olympusolutions/senior_ws/install/joy_tester/share/joy_tester/hook/pythonpath.sh'
[5.655s] Level 1:colcon.colcon_core.environment:checking '/home/olympusolutions/senior_ws/install/joy_tester/bin'
[5.655s] Level 1:colcon.colcon_core.environment:create_environment_scripts_only(joy_tester)
[5.656s] INFO:colcon.colcon_core.shell:Creating package script '/home/olympusolutions/senior_ws/install/joy_tester/share/joy_tester/package.ps1'
[5.657s] INFO:colcon.colcon_core.shell:Creating package descriptor '/home/olympusolutions/senior_ws/install/joy_tester/share/joy_tester/package.dsv'
[5.662s] INFO:colcon.colcon_core.shell:Creating package script '/home/olympusolutions/senior_ws/install/joy_tester/share/joy_tester/package.sh'
[5.664s] INFO:colcon.colcon_core.shell:Creating package script '/home/olympusolutions/senior_ws/install/joy_tester/share/joy_tester/package.bash'
[5.668s] INFO:colcon.colcon_core.shell:Creating package script '/home/olympusolutions/senior_ws/install/joy_tester/share/joy_tester/package.zsh'
[5.670s] Level 1:colcon.colcon_core.environment:create_file_with_runtime_dependencies(/home/olympusolutions/senior_ws/install/joy_tester/share/colcon-core/packages/joy_tester)
[5.673s] INFO:colcon.colcon_ros.task.ament_python.build:Building ROS package in '/home/olympusolutions/senior_ws/src/serial_motor_demo/serial_motor_demo' with build type 'ament_python'
[5.674s] Level 1:colcon.colcon_core.shell:create_environment_hook('serial_motor_demo', 'ament_prefix_path')
[5.674s] INFO:colcon.colcon_core.shell:Creating environment hook '/home/olympusolutions/senior_ws/install/serial_motor_demo/share/serial_motor_demo/hook/ament_prefix_path.ps1'
[5.687s] INFO:colcon.colcon_core.shell:Creating environment descriptor '/home/olympusolutions/senior_ws/install/serial_motor_demo/share/serial_motor_demo/hook/ament_prefix_path.dsv'
[5.688s] INFO:colcon.colcon_core.shell:Creating environment hook '/home/olympusolutions/senior_ws/install/serial_motor_demo/share/serial_motor_demo/hook/ament_prefix_path.sh'
[5.690s] INFO:colcon.colcon_core.shell:Skip shell extension 'powershell' for command environment: Not usable outside of PowerShell
[5.690s] DEBUG:colcon.colcon_core.shell:Skip shell extension 'dsv' for command environment
[6.981s] INFO:colcon.colcon_core.task.python.build:Building Python package in '/home/olympusolutions/senior_ws/src/serial_motor_demo/serial_motor_demo'
[6.981s] INFO:colcon.colcon_core.shell:Skip shell extension 'powershell' for command environment: Not usable outside of PowerShell
[6.981s] DEBUG:colcon.colcon_core.shell:Skip shell extension 'dsv' for command environment
[7.006s] DEBUG:colcon.colcon_core.event_handler.log_command:Invoking command in '/home/olympusolutions/senior_ws/src/riley_ws/src/my_package': DEBUGINFOD_URLS=https://debuginfod.ubuntu.com PYTHONPATH=/home/olympusolutions/senior_ws/build/my_package/prefix_override:/usr/lib/python3/dist-packages/colcon_core/task/python/colcon_distutils_commands:/home/olympusolutions/senior_ws/install/my_package/lib/python3.12/site-packages:${PYTHONPATH} /usr/bin/python3 -W ignore:setup.py install is deprecated -W ignore:easy_install command is deprecated setup.py egg_info --egg-base ../../../../build/my_package build --build-base /home/olympusolutions/senior_ws/build/my_package/build install --record /home/olympusolutions/senior_ws/build/my_package/install.log --single-version-externally-managed install_data
[7.013s] Level 1:colcon.colcon_core.environment:checking '/home/olympusolutions/senior_ws/install/listener_package' for CMake module files
[7.015s] DEBUG:colcon.colcon_core.event_handler.log_command:Invoked command in '/home/olympusolutions/senior_ws/src/riley_ws/src/listener_package' returned '0': DEBUGINFOD_URLS=https://debuginfod.ubuntu.com PYTHONPATH=/home/olympusolutions/senior_ws/build/listener_package/prefix_override:/usr/lib/python3/dist-packages/colcon_core/task/python/colcon_distutils_commands:/home/olympusolutions/senior_ws/install/listener_package/lib/python3.12/site-packages:${PYTHONPATH} /usr/bin/python3 -W ignore:setup.py install is deprecated -W ignore:easy_install command is deprecated setup.py egg_info --egg-base ../../../../build/listener_package build --build-base /home/olympusolutions/senior_ws/build/listener_package/build install --record /home/olympusolutions/senior_ws/build/listener_package/install.log --single-version-externally-managed install_data
[7.020s] Level 1:colcon.colcon_core.environment:checking '/home/olympusolutions/senior_ws/install/listener_package' for CMake config files
[7.022s] Level 1:colcon.colcon_core.environment:checking '/home/olympusolutions/senior_ws/install/listener_package/lib'
[7.024s] Level 1:colcon.colcon_core.environment:checking '/home/olympusolutions/senior_ws/install/listener_package/bin'
[7.024s] Level 1:colcon.colcon_core.environment:checking '/home/olympusolutions/senior_ws/install/listener_package/lib/pkgconfig/listener_package.pc'
[7.025s] Level 1:colcon.colcon_core.environment:checking '/home/olympusolutions/senior_ws/install/listener_package/lib/python3.12/site-packages'
[7.025s] Level 1:colcon.colcon_core.shell:create_environment_hook('listener_package', 'pythonpath')
[7.026s] INFO:colcon.colcon_core.shell:Creating environment hook '/home/olympusolutions/senior_ws/install/listener_package/share/listener_package/hook/pythonpath.ps1'
[7.029s] INFO:colcon.colcon_core.shell:Creating environment descriptor '/home/olympusolutions/senior_ws/install/listener_package/share/listener_package/hook/pythonpath.dsv'
[7.030s] INFO:colcon.colcon_core.shell:Creating environment hook '/home/olympusolutions/senior_ws/install/listener_package/share/listener_package/hook/pythonpath.sh'
[7.034s] Level 1:colcon.colcon_core.environment:checking '/home/olympusolutions/senior_ws/install/listener_package/bin'
[7.034s] Level 1:colcon.colcon_core.environment:create_environment_scripts_only(listener_package)
[7.035s] INFO:colcon.colcon_core.shell:Creating package script '/home/olympusolutions/senior_ws/install/listener_package/share/listener_package/package.ps1'
[7.040s] INFO:colcon.colcon_core.shell:Creating package descriptor '/home/olympusolutions/senior_ws/install/listener_package/share/listener_package/package.dsv'
[7.050s] INFO:colcon.colcon_core.shell:Creating package script '/home/olympusolutions/senior_ws/install/listener_package/share/listener_package/package.sh'
[7.062s] INFO:colcon.colcon_core.shell:Creating package script '/home/olympusolutions/senior_ws/install/listener_package/share/listener_package/package.bash'
[7.070s] INFO:colcon.colcon_core.shell:Creating package script '/home/olympusolutions/senior_ws/install/listener_package/share/listener_package/package.zsh'
[7.079s] Level 1:colcon.colcon_core.environment:create_file_with_runtime_dependencies(/home/olympusolutions/senior_ws/install/listener_package/share/colcon-core/packages/listener_package)
[9.670s] DEBUG:colcon.colcon_core.event_handler.log_command:Invoking command in '/home/olympusolutions/senior_ws/src/twist_stamper': DEBUGINFOD_URLS=https://debuginfod.ubuntu.com PYTHONPATH=/home/olympusolutions/senior_ws/build/twist_stamper/prefix_override:/usr/lib/python3/dist-packages/colcon_core/task/python/colcon_distutils_commands:/home/olympusolutions/senior_ws/install/twist_stamper/lib/python3.12/site-packages:${PYTHONPATH} /usr/bin/python3 -W ignore:setup.py install is deprecated -W ignore:easy_install command is deprecated setup.py egg_info --egg-base ../../build/twist_stamper build --build-base /home/olympusolutions/senior_ws/build/twist_stamper/build install --record /home/olympusolutions/senior_ws/build/twist_stamper/install.log --single-version-externally-managed install_data
[10.393s] Level 1:colcon.colcon_core.environment:checking '/home/olympusolutions/senior_ws/install/my_package' for CMake module files
[10.395s] DEBUG:colcon.colcon_core.event_handler.log_command:Invoked command in '/home/olympusolutions/senior_ws/src/riley_ws/src/my_package' returned '0': DEBUGINFOD_URLS=https://debuginfod.ubuntu.com PYTHONPATH=/home/olympusolutions/senior_ws/build/my_package/prefix_override:/usr/lib/python3/dist-packages/colcon_core/task/python/colcon_distutils_commands:/home/olympusolutions/senior_ws/install/my_package/lib/python3.12/site-packages:${PYTHONPATH} /usr/bin/python3 -W ignore:setup.py install is deprecated -W ignore:easy_install command is deprecated setup.py egg_info --egg-base ../../../../build/my_package build --build-base /home/olympusolutions/senior_ws/build/my_package/build install --record /home/olympusolutions/senior_ws/build/my_package/install.log --single-version-externally-managed install_data
[10.401s] Level 1:colcon.colcon_core.environment:checking '/home/olympusolutions/senior_ws/install/my_package' for CMake config files
[10.409s] Level 1:colcon.colcon_core.environment:checking '/home/olympusolutions/senior_ws/install/my_package/lib'
[10.409s] Level 1:colcon.colcon_core.environment:checking '/home/olympusolutions/senior_ws/install/my_package/bin'
[10.413s] Level 1:colcon.colcon_core.environment:checking '/home/olympusolutions/senior_ws/install/my_package/lib/pkgconfig/my_package.pc'
[10.415s] Level 1:colcon.colcon_core.environment:checking '/home/olympusolutions/senior_ws/install/my_package/lib/python3.12/site-packages'
[10.417s] Level 1:colcon.colcon_core.shell:create_environment_hook('my_package', 'pythonpath')
[10.420s] INFO:colcon.colcon_core.shell:Creating environment hook '/home/olympusolutions/senior_ws/install/my_package/share/my_package/hook/pythonpath.ps1'
[10.427s] INFO:colcon.colcon_core.shell:Creating environment descriptor '/home/olympusolutions/senior_ws/install/my_package/share/my_package/hook/pythonpath.dsv'
[10.436s] INFO:colcon.colcon_core.shell:Creating environment hook '/home/olympusolutions/senior_ws/install/my_package/share/my_package/hook/pythonpath.sh'
[10.449s] Level 1:colcon.colcon_core.environment:checking '/home/olympusolutions/senior_ws/install/my_package/bin'
[10.450s] Level 1:colcon.colcon_core.environment:create_environment_scripts_only(my_package)
[10.458s] INFO:colcon.colcon_core.shell:Creating package script '/home/olympusolutions/senior_ws/install/my_package/share/my_package/package.ps1'
[10.460s] INFO:colcon.colcon_core.shell:Creating package descriptor '/home/olympusolutions/senior_ws/install/my_package/share/my_package/package.dsv'
[10.463s] INFO:colcon.colcon_core.shell:Creating package script '/home/olympusolutions/senior_ws/install/my_package/share/my_package/package.sh'
[10.465s] INFO:colcon.colcon_core.shell:Creating package script '/home/olympusolutions/senior_ws/install/my_package/share/my_package/package.bash'
[10.466s] INFO:colcon.colcon_core.shell:Creating package script '/home/olympusolutions/senior_ws/install/my_package/share/my_package/package.zsh'
[10.467s] Level 1:colcon.colcon_core.environment:create_file_with_runtime_dependencies(/home/olympusolutions/senior_ws/install/my_package/share/colcon-core/packages/my_package)
[10.981s] DEBUG:colcon.colcon_core.event_handler.log_command:Invoking command in '/home/olympusolutions/senior_ws/src/serial_motor_demo/serial_motor_demo': CMAKE_PREFIX_PATH=/home/olympusolutions/senior_ws/install/serial_motor_demo_msgs:/home/olympusolutions/senior_ws/install/sllidar_ros2:/home/olympusolutions/senior_ws/install/serial:/home/olympusolutions/senior_ws/install/minibot:/home/olympusolutions/senior_ws/install/extender_arduino:/home/olympusolutions/senior_ws/install/diffdrive_arduino:/opt/ros/jazzy/opt/gz_sim_vendor:/opt/ros/jazzy/opt/gz_sensors_vendor:/opt/ros/jazzy/opt/gz_physics_vendor:/opt/ros/jazzy/opt/sdformat_vendor:/opt/ros/jazzy/opt/gz_gui_vendor:/opt/ros/jazzy/opt/gz_transport_vendor:/opt/ros/jazzy/opt/gz_rendering_vendor:/opt/ros/jazzy/opt/gz_plugin_vendor:/opt/ros/jazzy/opt/gz_fuel_tools_vendor:/opt/ros/jazzy/opt/gz_msgs_vendor:/opt/ros/jazzy/opt/gz_common_vendor:/opt/ros/jazzy/opt/gz_math_vendor:/opt/ros/jazzy/opt/gz_utils_vendor:/opt/ros/jazzy/opt/gz_tools_vendor:/opt/ros/jazzy/opt/gz_ogre_next_vendor:/opt/ros/jazzy/opt/gz_dartsim_vendor:/opt/ros/jazzy/opt/gz_cmake_vendor DEBUGINFOD_URLS=https://debuginfod.ubuntu.com PYTHONPATH=/home/olympusolutions/senior_ws/build/serial_motor_demo/prefix_override:/usr/lib/python3/dist-packages/colcon_core/task/python/colcon_distutils_commands:/home/olympusolutions/senior_ws/install/serial_motor_demo/lib/python3.12/site-packages:/home/olympusolutions/senior_ws/install/serial_motor_demo_msgs/lib/python3.12/site-packages:/home/olympusolutions/senior_ws/install/twist_stamper/lib/python3.12/site-packages:/home/olympusolutions/senior_ws/install/serial_motor_demo/lib/python3.12/site-packages:/home/olympusolutions/senior_ws/install/my_package/lib/python3.12/site-packages:/home/olympusolutions/senior_ws/install/listener_package/lib/python3.12/site-packages:/home/olympusolutions/senior_ws/install/joy_tester/lib/python3.12/site-packages:/opt/ros/jazzy/lib/python3.12/site-packages /usr/bin/python3 -W ignore:setup.py install is deprecated -W ignore:easy_install command is deprecated setup.py egg_info --egg-base ../../../build/serial_motor_demo build --build-base /home/olympusolutions/senior_ws/build/serial_motor_demo/build install --record /home/olympusolutions/senior_ws/build/serial_motor_demo/install.log --install-scripts $base/lib/serial_motor_demo --single-version-externally-managed install_data
[12.410s] Level 1:colcon.colcon_core.environment:checking '/home/olympusolutions/senior_ws/install/twist_stamper' for CMake module files
[12.412s] Level 1:colcon.colcon_core.environment:checking '/home/olympusolutions/senior_ws/install/twist_stamper' for CMake config files
[12.414s] DEBUG:colcon.colcon_core.event_handler.log_command:Invoked command in '/home/olympusolutions/senior_ws/src/twist_stamper' returned '0': DEBUGINFOD_URLS=https://debuginfod.ubuntu.com PYTHONPATH=/home/olympusolutions/senior_ws/build/twist_stamper/prefix_override:/usr/lib/python3/dist-packages/colcon_core/task/python/colcon_distutils_commands:/home/olympusolutions/senior_ws/install/twist_stamper/lib/python3.12/site-packages:${PYTHONPATH} /usr/bin/python3 -W ignore:setup.py install is deprecated -W ignore:easy_install command is deprecated setup.py egg_info --egg-base ../../build/twist_stamper build --build-base /home/olympusolutions/senior_ws/build/twist_stamper/build install --record /home/olympusolutions/senior_ws/build/twist_stamper/install.log --single-version-externally-managed install_data
[12.418s] Level 1:colcon.colcon_core.environment:checking '/home/olympusolutions/senior_ws/install/twist_stamper/lib'
[12.419s] Level 1:colcon.colcon_core.environment:checking '/home/olympusolutions/senior_ws/install/twist_stamper/bin'
[12.419s] Level 1:colcon.colcon_core.environment:checking '/home/olympusolutions/senior_ws/install/twist_stamper/lib/pkgconfig/twist_stamper.pc'
[12.420s] Level 1:colcon.colcon_core.environment:checking '/home/olympusolutions/senior_ws/install/twist_stamper/lib/python3.12/site-packages'
[12.420s] Level 1:colcon.colcon_core.shell:create_environment_hook('twist_stamper', 'pythonpath')
[12.422s] INFO:colcon.colcon_core.shell:Creating environment hook '/home/olympusolutions/senior_ws/install/twist_stamper/share/twist_stamper/hook/pythonpath.ps1'
[12.423s] INFO:colcon.colcon_core.shell:Creating environment descriptor '/home/olympusolutions/senior_ws/install/twist_stamper/share/twist_stamper/hook/pythonpath.dsv'
[12.426s] INFO:colcon.colcon_core.shell:Creating environment hook '/home/olympusolutions/senior_ws/install/twist_stamper/share/twist_stamper/hook/pythonpath.sh'
[12.429s] Level 1:colcon.colcon_core.environment:checking '/home/olympusolutions/senior_ws/install/twist_stamper/bin'
[12.430s] Level 1:colcon.colcon_core.environment:create_environment_scripts_only(twist_stamper)
[12.431s] INFO:colcon.colcon_core.shell:Creating package script '/home/olympusolutions/senior_ws/install/twist_stamper/share/twist_stamper/package.ps1'
[12.434s] INFO:colcon.colcon_core.shell:Creating package descriptor '/home/olympusolutions/senior_ws/install/twist_stamper/share/twist_stamper/package.dsv'
[12.439s] INFO:colcon.colcon_core.shell:Creating package script '/home/olympusolutions/senior_ws/install/twist_stamper/share/twist_stamper/package.sh'
[12.442s] INFO:colcon.colcon_core.shell:Creating package script '/home/olympusolutions/senior_ws/install/twist_stamper/share/twist_stamper/package.bash'
[12.444s] INFO:colcon.colcon_core.shell:Creating package script '/home/olympusolutions/senior_ws/install/twist_stamper/share/twist_stamper/package.zsh'
[12.448s] Level 1:colcon.colcon_core.environment:create_file_with_runtime_dependencies(/home/olympusolutions/senior_ws/install/twist_stamper/share/colcon-core/packages/twist_stamper)
[13.444s] Level 1:colcon.colcon_core.environment:checking '/home/olympusolutions/senior_ws/install/serial_motor_demo' for CMake module files
[13.445s] Level 1:colcon.colcon_core.environment:checking '/home/olympusolutions/senior_ws/install/serial_motor_demo' for CMake config files
[13.446s] Level 1:colcon.colcon_core.environment:checking '/home/olympusolutions/senior_ws/install/serial_motor_demo/lib'
[13.447s] Level 1:colcon.colcon_core.environment:checking '/home/olympusolutions/senior_ws/install/serial_motor_demo/bin'
[13.447s] Level 1:colcon.colcon_core.environment:checking '/home/olympusolutions/senior_ws/install/serial_motor_demo/lib/pkgconfig/serial_motor_demo.pc'
[13.447s] Level 1:colcon.colcon_core.environment:checking '/home/olympusolutions/senior_ws/install/serial_motor_demo/lib/python3.12/site-packages'
[13.448s] Level 1:colcon.colcon_core.shell:create_environment_hook('serial_motor_demo', 'pythonpath')
[13.448s] INFO:colcon.colcon_core.shell:Creating environment hook '/home/olympusolutions/senior_ws/install/serial_motor_demo/share/serial_motor_demo/hook/pythonpath.ps1'
[13.449s] INFO:colcon.colcon_core.shell:Creating environment descriptor '/home/olympusolutions/senior_ws/install/serial_motor_demo/share/serial_motor_demo/hook/pythonpath.dsv'
[13.450s] INFO:colcon.colcon_core.shell:Creating environment hook '/home/olympusolutions/senior_ws/install/serial_motor_demo/share/serial_motor_demo/hook/pythonpath.sh'
[13.452s] Level 1:colcon.colcon_core.environment:checking '/home/olympusolutions/senior_ws/install/serial_motor_demo/bin'
[13.453s] DEBUG:colcon.colcon_core.event_handler.log_command:Invoked command in '/home/olympusolutions/senior_ws/src/serial_motor_demo/serial_motor_demo' returned '0': CMAKE_PREFIX_PATH=/home/olympusolutions/senior_ws/install/serial_motor_demo_msgs:/home/olympusolutions/senior_ws/install/sllidar_ros2:/home/olympusolutions/senior_ws/install/serial:/home/olympusolutions/senior_ws/install/minibot:/home/olympusolutions/senior_ws/install/extender_arduino:/home/olympusolutions/senior_ws/install/diffdrive_arduino:/opt/ros/jazzy/opt/gz_sim_vendor:/opt/ros/jazzy/opt/gz_sensors_vendor:/opt/ros/jazzy/opt/gz_physics_vendor:/opt/ros/jazzy/opt/sdformat_vendor:/opt/ros/jazzy/opt/gz_gui_vendor:/opt/ros/jazzy/opt/gz_transport_vendor:/opt/ros/jazzy/opt/gz_rendering_vendor:/opt/ros/jazzy/opt/gz_plugin_vendor:/opt/ros/jazzy/opt/gz_fuel_tools_vendor:/opt/ros/jazzy/opt/gz_msgs_vendor:/opt/ros/jazzy/opt/gz_common_vendor:/opt/ros/jazzy/opt/gz_math_vendor:/opt/ros/jazzy/opt/gz_utils_vendor:/opt/ros/jazzy/opt/gz_tools_vendor:/opt/ros/jazzy/opt/gz_ogre_next_vendor:/opt/ros/jazzy/opt/gz_dartsim_vendor:/opt/ros/jazzy/opt/gz_cmake_vendor DEBUGINFOD_URLS=https://debuginfod.ubuntu.com PYTHONPATH=/home/olympusolutions/senior_ws/build/serial_motor_demo/prefix_override:/usr/lib/python3/dist-packages/colcon_core/task/python/colcon_distutils_commands:/home/olympusolutions/senior_ws/install/serial_motor_demo/lib/python3.12/site-packages:/home/olympusolutions/senior_ws/install/serial_motor_demo_msgs/lib/python3.12/site-packages:/home/olympusolutions/senior_ws/install/twist_stamper/lib/python3.12/site-packages:/home/olympusolutions/senior_ws/install/serial_motor_demo/lib/python3.12/site-packages:/home/olympusolutions/senior_ws/install/my_package/lib/python3.12/site-packages:/home/olympusolutions/senior_ws/install/listener_package/lib/python3.12/site-packages:/home/olympusolutions/senior_ws/install/joy_tester/lib/python3.12/site-packages:/opt/ros/jazzy/lib/python3.12/site-packages /usr/bin/python3 -W ignore:setup.py install is deprecated -W ignore:easy_install command is deprecated setup.py egg_info --egg-base ../../../build/serial_motor_demo build --build-base /home/olympusolutions/senior_ws/build/serial_motor_demo/build install --record /home/olympusolutions/senior_ws/build/serial_motor_demo/install.log --install-scripts $base/lib/serial_motor_demo --single-version-externally-managed install_data
[13.454s] Level 1:colcon.colcon_core.environment:create_environment_scripts_only(serial_motor_demo)
[13.458s] INFO:colcon.colcon_core.shell:Creating package script '/home/olympusolutions/senior_ws/install/serial_motor_demo/share/serial_motor_demo/package.ps1'
[13.463s] INFO:colcon.colcon_core.shell:Creating package descriptor '/home/olympusolutions/senior_ws/install/serial_motor_demo/share/serial_motor_demo/package.dsv'
[13.466s] INFO:colcon.colcon_core.shell:Creating package script '/home/olympusolutions/senior_ws/install/serial_motor_demo/share/serial_motor_demo/package.sh'
[13.470s] INFO:colcon.colcon_core.shell:Creating package script '/home/olympusolutions/senior_ws/install/serial_motor_demo/share/serial_motor_demo/package.bash'
[13.472s] INFO:colcon.colcon_core.shell:Creating package script '/home/olympusolutions/senior_ws/install/serial_motor_demo/share/serial_motor_demo/package.zsh'
[13.474s] Level 1:colcon.colcon_core.environment:create_file_with_runtime_dependencies(/home/olympusolutions/senior_ws/install/serial_motor_demo/share/colcon-core/packages/serial_motor_demo)
[13.479s] DEBUG:colcon.colcon_parallel_executor.executor.parallel:closing loop
[13.480s] DEBUG:colcon.colcon_parallel_executor.executor.parallel:loop closed
[13.480s] DEBUG:colcon.colcon_parallel_executor.executor.parallel:run_until_complete finished with '0'
[13.480s] DEBUG:colcon.colcon_core.event_reactor:joining thread
[13.513s] INFO:colcon.colcon_core.plugin_system:Skipping extension 'colcon_notification.desktop_notification.terminal_notifier': Not used on non-Darwin systems
[13.515s] INFO:colcon.colcon_core.plugin_system:Skipping extension 'colcon_notification.desktop_notification.win32': Not used on non-Windows systems
[13.516s] INFO:colcon.colcon_notification.desktop_notification:Sending desktop notification using 'notify2'
[13.578s] DEBUG:colcon.colcon_core.event_reactor:joined thread
[13.580s] INFO:colcon.colcon_core.shell:Creating prefix script '/home/olympusolutions/senior_ws/install/local_setup.ps1'
[13.582s] INFO:colcon.colcon_core.shell:Creating prefix util module '/home/olympusolutions/senior_ws/install/_local_setup_util_ps1.py'
[13.586s] INFO:colcon.colcon_core.shell:Creating prefix chain script '/home/olympusolutions/senior_ws/install/setup.ps1'
[13.591s] INFO:colcon.colcon_core.shell:Creating prefix script '/home/olympusolutions/senior_ws/install/local_setup.sh'
[13.593s] INFO:colcon.colcon_core.shell:Creating prefix util module '/home/olympusolutions/senior_ws/install/_local_setup_util_sh.py'
[13.596s] INFO:colcon.colcon_core.shell:Creating prefix chain script '/home/olympusolutions/senior_ws/install/setup.sh'
[13.600s] INFO:colcon.colcon_core.shell:Creating prefix script '/home/olympusolutions/senior_ws/install/local_setup.bash'
[13.603s] INFO:colcon.colcon_core.shell:Creating prefix chain script '/home/olympusolutions/senior_ws/install/setup.bash'
[13.608s] INFO:colcon.colcon_core.shell:Creating prefix script '/home/olympusolutions/senior_ws/install/local_setup.zsh'
[13.611s] INFO:colcon.colcon_core.shell:Creating prefix chain script '/home/olympusolutions/senior_ws/install/setup.zsh'
