[0.531s] DEBUG:colcon:Command line arguments: ['/usr/bin/colcon', 'build']
[0.531s] DEBUG:colcon:Parsed command line arguments: Namespace(log_base=None, log_level=None, verb_name='build', build_base='build', install_base='install', merge_install=False, symlink_install=False, test_result_base=None, continue_on_error=False, executor='parallel', parallel_workers=4, event_handlers=None, ignore_user_meta=False, metas=['./colcon.meta'], base_paths=['.'], packages_ignore=None, packages_ignore_regex=None, paths=None, packages_up_to=None, packages_up_to_regex=None, packages_above=None, packages_above_and_dependencies=None, packages_above_depth=None, packages_select_by_dep=None, packages_skip_by_dep=None, packages_skip_up_to=None, packages_select_build_failed=False, packages_skip_build_finished=False, packages_select_test_failures=False, packages_skip_test_passed=False, packages_select=None, packages_skip=None, packages_select_regex=None, packages_skip_regex=None, packages_start=None, packages_end=None, allow_overriding=[], cmake_args=None, cmake_target=None, cmake_target_skip_unavailable=False, cmake_clean_cache=False, cmake_clean_first=False, cmake_force_configure=False, ament_cmake_args=None, catkin_cmake_args=None, catkin_skip_building_tests=False, mixin_files=None, mixin=None, verb_parser=<colcon_mixin.mixin.mixin_argument.MixinArgumentDecorator object at 0xffffabe207a0>, verb_extension=<colcon_core.verb.build.BuildVerb object at 0xffffabfc4c50>, main=<bound method BuildVerb.main of <colcon_core.verb.build.BuildVerb object at 0xffffabfc4c50>>, mixin_verb=('build',))
[0.644s] Level 1:colcon.colcon_core.package_discovery:discover_packages(colcon_meta) check parameters
[0.644s] Level 1:colcon.colcon_core.package_discovery:discover_packages(recursive) check parameters
[0.644s] Level 1:colcon.colcon_core.package_discovery:discover_packages(ignore) check parameters
[0.644s] Level 1:colcon.colcon_core.package_discovery:discover_packages(path) check parameters
[0.644s] Level 1:colcon.colcon_core.package_discovery:discover_packages(colcon_meta) discover
[0.645s] Level 1:colcon.colcon_core.package_discovery:discover_packages(recursive) discover
[0.645s] INFO:colcon.colcon_core.package_discovery:Crawling recursively for packages in '/home/olympusolutions/senior_ws'
[0.645s] Level 1:colcon.colcon_core.package_identification:_identify(.) by extensions ['ignore', 'ignore_ament_install']
[0.645s] Level 1:colcon.colcon_core.package_identification:_identify(.) by extension 'ignore'
[0.645s] Level 1:colcon.colcon_core.package_identification:_identify(.) by extension 'ignore_ament_install'
[0.645s] Level 1:colcon.colcon_core.package_identification:_identify(.) by extensions ['colcon_pkg']
[0.645s] Level 1:colcon.colcon_core.package_identification:_identify(.) by extension 'colcon_pkg'
[0.645s] Level 1:colcon.colcon_core.package_identification:_identify(.) by extensions ['colcon_meta']
[0.645s] Level 1:colcon.colcon_core.package_identification:_identify(.) by extension 'colcon_meta'
[0.645s] Level 1:colcon.colcon_core.package_identification:_identify(.) by extensions ['ros']
[0.645s] Level 1:colcon.colcon_core.package_identification:_identify(.) by extension 'ros'
[0.700s] Level 1:colcon.colcon_core.package_identification:_identify(.) by extensions ['cmake', 'python']
[0.700s] Level 1:colcon.colcon_core.package_identification:_identify(.) by extension 'cmake'
[0.700s] Level 1:colcon.colcon_core.package_identification:_identify(.) by extension 'python'
[0.700s] Level 1:colcon.colcon_core.package_identification:_identify(.) by extensions ['python_setup_py']
[0.700s] Level 1:colcon.colcon_core.package_identification:_identify(.) by extension 'python_setup_py'
[0.700s] Level 1:colcon.colcon_core.package_identification:_identify(build) by extensions ['ignore', 'ignore_ament_install']
[0.700s] Level 1:colcon.colcon_core.package_identification:_identify(build) by extension 'ignore'
[0.700s] Level 1:colcon.colcon_core.package_identification:_identify(build) ignored
[0.701s] Level 1:colcon.colcon_core.package_identification:_identify(install) by extensions ['ignore', 'ignore_ament_install']
[0.701s] Level 1:colcon.colcon_core.package_identification:_identify(install) by extension 'ignore'
[0.701s] Level 1:colcon.colcon_core.package_identification:_identify(install) ignored
[0.701s] Level 1:colcon.colcon_core.package_identification:_identify(log) by extensions ['ignore', 'ignore_ament_install']
[0.701s] Level 1:colcon.colcon_core.package_identification:_identify(log) by extension 'ignore'
[0.701s] Level 1:colcon.colcon_core.package_identification:_identify(log) ignored
[0.702s] Level 1:colcon.colcon_core.package_identification:_identify(src) by extensions ['ignore', 'ignore_ament_install']
[0.702s] Level 1:colcon.colcon_core.package_identification:_identify(src) by extension 'ignore'
[0.702s] Level 1:colcon.colcon_core.package_identification:_identify(src) by extension 'ignore_ament_install'
[0.702s] Level 1:colcon.colcon_core.package_identification:_identify(src) by extensions ['colcon_pkg']
[0.702s] Level 1:colcon.colcon_core.package_identification:_identify(src) by extension 'colcon_pkg'
[0.702s] Level 1:colcon.colcon_core.package_identification:_identify(src) by extensions ['colcon_meta']
[0.702s] Level 1:colcon.colcon_core.package_identification:_identify(src) by extension 'colcon_meta'
[0.702s] Level 1:colcon.colcon_core.package_identification:_identify(src) by extensions ['ros']
[0.702s] Level 1:colcon.colcon_core.package_identification:_identify(src) by extension 'ros'
[0.702s] Level 1:colcon.colcon_core.package_identification:_identify(src) by extensions ['cmake', 'python']
[0.702s] Level 1:colcon.colcon_core.package_identification:_identify(src) by extension 'cmake'
[0.702s] Level 1:colcon.colcon_core.package_identification:_identify(src) by extension 'python'
[0.702s] Level 1:colcon.colcon_core.package_identification:_identify(src) by extensions ['python_setup_py']
[0.702s] Level 1:colcon.colcon_core.package_identification:_identify(src) by extension 'python_setup_py'
[0.703s] Level 1:colcon.colcon_core.package_identification:_identify(src/diffdrive_arduino) by extensions ['ignore', 'ignore_ament_install']
[0.703s] Level 1:colcon.colcon_core.package_identification:_identify(src/diffdrive_arduino) by extension 'ignore'
[0.703s] Level 1:colcon.colcon_core.package_identification:_identify(src/diffdrive_arduino) by extension 'ignore_ament_install'
[0.703s] Level 1:colcon.colcon_core.package_identification:_identify(src/diffdrive_arduino) by extensions ['colcon_pkg']
[0.703s] Level 1:colcon.colcon_core.package_identification:_identify(src/diffdrive_arduino) by extension 'colcon_pkg'
[0.703s] Level 1:colcon.colcon_core.package_identification:_identify(src/diffdrive_arduino) by extensions ['colcon_meta']
[0.703s] Level 1:colcon.colcon_core.package_identification:_identify(src/diffdrive_arduino) by extension 'colcon_meta'
[0.703s] Level 1:colcon.colcon_core.package_identification:_identify(src/diffdrive_arduino) by extensions ['ros']
[0.703s] Level 1:colcon.colcon_core.package_identification:_identify(src/diffdrive_arduino) by extension 'ros'
[0.709s] DEBUG:colcon.colcon_core.package_identification:Package 'src/diffdrive_arduino' with type 'ros.ament_cmake' and name 'diffdrive_arduino'
[0.709s] Level 1:colcon.colcon_core.package_identification:_identify(src/extender_arduino) by extensions ['ignore', 'ignore_ament_install']
[0.709s] Level 1:colcon.colcon_core.package_identification:_identify(src/extender_arduino) by extension 'ignore'
[0.709s] Level 1:colcon.colcon_core.package_identification:_identify(src/extender_arduino) by extension 'ignore_ament_install'
[0.709s] Level 1:colcon.colcon_core.package_identification:_identify(src/extender_arduino) by extensions ['colcon_pkg']
[0.709s] Level 1:colcon.colcon_core.package_identification:_identify(src/extender_arduino) by extension 'colcon_pkg'
[0.710s] Level 1:colcon.colcon_core.package_identification:_identify(src/extender_arduino) by extensions ['colcon_meta']
[0.710s] Level 1:colcon.colcon_core.package_identification:_identify(src/extender_arduino) by extension 'colcon_meta'
[0.710s] Level 1:colcon.colcon_core.package_identification:_identify(src/extender_arduino) by extensions ['ros']
[0.710s] Level 1:colcon.colcon_core.package_identification:_identify(src/extender_arduino) by extension 'ros'
[0.713s] DEBUG:colcon.colcon_core.package_identification:Package 'src/extender_arduino' with type 'ros.ament_cmake' and name 'extender_arduino'
[0.714s] Level 1:colcon.colcon_core.package_identification:_identify(src/joy_tester) by extensions ['ignore', 'ignore_ament_install']
[0.714s] Level 1:colcon.colcon_core.package_identification:_identify(src/joy_tester) by extension 'ignore'
[0.714s] Level 1:colcon.colcon_core.package_identification:_identify(src/joy_tester) by extension 'ignore_ament_install'
[0.714s] Level 1:colcon.colcon_core.package_identification:_identify(src/joy_tester) by extensions ['colcon_pkg']
[0.714s] Level 1:colcon.colcon_core.package_identification:_identify(src/joy_tester) by extension 'colcon_pkg'
[0.714s] Level 1:colcon.colcon_core.package_identification:_identify(src/joy_tester) by extensions ['colcon_meta']
[0.714s] Level 1:colcon.colcon_core.package_identification:_identify(src/joy_tester) by extension 'colcon_meta'
[0.714s] Level 1:colcon.colcon_core.package_identification:_identify(src/joy_tester) by extensions ['ros']
[0.714s] Level 1:colcon.colcon_core.package_identification:_identify(src/joy_tester) by extension 'ros'
[0.715s] DEBUG:colcon.colcon_core.package_identification:Package 'src/joy_tester' with type 'ros.ament_python' and name 'joy_tester'
[0.716s] Level 1:colcon.colcon_core.package_identification:_identify(src/minibot) by extensions ['ignore', 'ignore_ament_install']
[0.716s] Level 1:colcon.colcon_core.package_identification:_identify(src/minibot) by extension 'ignore'
[0.716s] Level 1:colcon.colcon_core.package_identification:_identify(src/minibot) by extension 'ignore_ament_install'
[0.716s] Level 1:colcon.colcon_core.package_identification:_identify(src/minibot) by extensions ['colcon_pkg']
[0.716s] Level 1:colcon.colcon_core.package_identification:_identify(src/minibot) by extension 'colcon_pkg'
[0.716s] Level 1:colcon.colcon_core.package_identification:_identify(src/minibot) by extensions ['colcon_meta']
[0.716s] Level 1:colcon.colcon_core.package_identification:_identify(src/minibot) by extension 'colcon_meta'
[0.716s] Level 1:colcon.colcon_core.package_identification:_identify(src/minibot) by extensions ['ros']
[0.716s] Level 1:colcon.colcon_core.package_identification:_identify(src/minibot) by extension 'ros'
[0.717s] DEBUG:colcon.colcon_core.package_identification:Package 'src/minibot' with type 'ros.ament_cmake' and name 'minibot'
[0.718s] Level 1:colcon.colcon_core.package_identification:_identify(src/riley_ws) by extensions ['ignore', 'ignore_ament_install']
[0.718s] Level 1:colcon.colcon_core.package_identification:_identify(src/riley_ws) by extension 'ignore'
[0.718s] Level 1:colcon.colcon_core.package_identification:_identify(src/riley_ws) by extension 'ignore_ament_install'
[0.718s] Level 1:colcon.colcon_core.package_identification:_identify(src/riley_ws) by extensions ['colcon_pkg']
[0.718s] Level 1:colcon.colcon_core.package_identification:_identify(src/riley_ws) by extension 'colcon_pkg'
[0.718s] Level 1:colcon.colcon_core.package_identification:_identify(src/riley_ws) by extensions ['colcon_meta']
[0.718s] Level 1:colcon.colcon_core.package_identification:_identify(src/riley_ws) by extension 'colcon_meta'
[0.718s] Level 1:colcon.colcon_core.package_identification:_identify(src/riley_ws) by extensions ['ros']
[0.718s] Level 1:colcon.colcon_core.package_identification:_identify(src/riley_ws) by extension 'ros'
[0.718s] Level 1:colcon.colcon_core.package_identification:_identify(src/riley_ws) by extensions ['cmake', 'python']
[0.718s] Level 1:colcon.colcon_core.package_identification:_identify(src/riley_ws) by extension 'cmake'
[0.719s] Level 1:colcon.colcon_core.package_identification:_identify(src/riley_ws) by extension 'python'
[0.719s] Level 1:colcon.colcon_core.package_identification:_identify(src/riley_ws) by extensions ['python_setup_py']
[0.719s] Level 1:colcon.colcon_core.package_identification:_identify(src/riley_ws) by extension 'python_setup_py'
[0.722s] Level 1:colcon.colcon_core.package_identification:_identify(src/riley_ws/build) by extensions ['ignore', 'ignore_ament_install']
[0.722s] Level 1:colcon.colcon_core.package_identification:_identify(src/riley_ws/build) by extension 'ignore'
[0.722s] Level 1:colcon.colcon_core.package_identification:_identify(src/riley_ws/build) ignored
[0.722s] Level 1:colcon.colcon_core.package_identification:_identify(src/riley_ws/install) by extensions ['ignore', 'ignore_ament_install']
[0.722s] Level 1:colcon.colcon_core.package_identification:_identify(src/riley_ws/install) by extension 'ignore'
[0.722s] Level 1:colcon.colcon_core.package_identification:_identify(src/riley_ws/install) ignored
[0.723s] Level 1:colcon.colcon_core.package_identification:_identify(src/riley_ws/log) by extensions ['ignore', 'ignore_ament_install']
[0.723s] Level 1:colcon.colcon_core.package_identification:_identify(src/riley_ws/log) by extension 'ignore'
[0.723s] Level 1:colcon.colcon_core.package_identification:_identify(src/riley_ws/log) ignored
[0.723s] Level 1:colcon.colcon_core.package_identification:_identify(src/riley_ws/src) by extensions ['ignore', 'ignore_ament_install']
[0.723s] Level 1:colcon.colcon_core.package_identification:_identify(src/riley_ws/src) by extension 'ignore'
[0.723s] Level 1:colcon.colcon_core.package_identification:_identify(src/riley_ws/src) by extension 'ignore_ament_install'
[0.724s] Level 1:colcon.colcon_core.package_identification:_identify(src/riley_ws/src) by extensions ['colcon_pkg']
[0.724s] Level 1:colcon.colcon_core.package_identification:_identify(src/riley_ws/src) by extension 'colcon_pkg'
[0.724s] Level 1:colcon.colcon_core.package_identification:_identify(src/riley_ws/src) by extensions ['colcon_meta']
[0.724s] Level 1:colcon.colcon_core.package_identification:_identify(src/riley_ws/src) by extension 'colcon_meta'
[0.724s] Level 1:colcon.colcon_core.package_identification:_identify(src/riley_ws/src) by extensions ['ros']
[0.724s] Level 1:colcon.colcon_core.package_identification:_identify(src/riley_ws/src) by extension 'ros'
[0.724s] Level 1:colcon.colcon_core.package_identification:_identify(src/riley_ws/src) by extensions ['cmake', 'python']
[0.724s] Level 1:colcon.colcon_core.package_identification:_identify(src/riley_ws/src) by extension 'cmake'
[0.724s] Level 1:colcon.colcon_core.package_identification:_identify(src/riley_ws/src) by extension 'python'
[0.724s] Level 1:colcon.colcon_core.package_identification:_identify(src/riley_ws/src) by extensions ['python_setup_py']
[0.724s] Level 1:colcon.colcon_core.package_identification:_identify(src/riley_ws/src) by extension 'python_setup_py'
[0.724s] Level 1:colcon.colcon_core.package_identification:_identify(src/riley_ws/src/listener_package) by extensions ['ignore', 'ignore_ament_install']
[0.725s] Level 1:colcon.colcon_core.package_identification:_identify(src/riley_ws/src/listener_package) by extension 'ignore'
[0.725s] Level 1:colcon.colcon_core.package_identification:_identify(src/riley_ws/src/listener_package) by extension 'ignore_ament_install'
[0.725s] Level 1:colcon.colcon_core.package_identification:_identify(src/riley_ws/src/listener_package) by extensions ['colcon_pkg']
[0.725s] Level 1:colcon.colcon_core.package_identification:_identify(src/riley_ws/src/listener_package) by extension 'colcon_pkg'
[0.725s] Level 1:colcon.colcon_core.package_identification:_identify(src/riley_ws/src/listener_package) by extensions ['colcon_meta']
[0.725s] Level 1:colcon.colcon_core.package_identification:_identify(src/riley_ws/src/listener_package) by extension 'colcon_meta'
[0.725s] Level 1:colcon.colcon_core.package_identification:_identify(src/riley_ws/src/listener_package) by extensions ['ros']
[0.725s] Level 1:colcon.colcon_core.package_identification:_identify(src/riley_ws/src/listener_package) by extension 'ros'
[0.726s] DEBUG:colcon.colcon_core.package_identification:Package 'src/riley_ws/src/listener_package' with type 'ros.ament_python' and name 'listener_package'
[0.726s] Level 1:colcon.colcon_core.package_identification:_identify(src/riley_ws/src/my_package) by extensions ['ignore', 'ignore_ament_install']
[0.726s] Level 1:colcon.colcon_core.package_identification:_identify(src/riley_ws/src/my_package) by extension 'ignore'
[0.726s] Level 1:colcon.colcon_core.package_identification:_identify(src/riley_ws/src/my_package) by extension 'ignore_ament_install'
[0.727s] Level 1:colcon.colcon_core.package_identification:_identify(src/riley_ws/src/my_package) by extensions ['colcon_pkg']
[0.727s] Level 1:colcon.colcon_core.package_identification:_identify(src/riley_ws/src/my_package) by extension 'colcon_pkg'
[0.727s] Level 1:colcon.colcon_core.package_identification:_identify(src/riley_ws/src/my_package) by extensions ['colcon_meta']
[0.727s] Level 1:colcon.colcon_core.package_identification:_identify(src/riley_ws/src/my_package) by extension 'colcon_meta'
[0.727s] Level 1:colcon.colcon_core.package_identification:_identify(src/riley_ws/src/my_package) by extensions ['ros']
[0.727s] Level 1:colcon.colcon_core.package_identification:_identify(src/riley_ws/src/my_package) by extension 'ros'
[0.728s] DEBUG:colcon.colcon_core.package_identification:Package 'src/riley_ws/src/my_package' with type 'ros.ament_python' and name 'my_package'
[0.728s] Level 1:colcon.colcon_core.package_identification:_identify(src/serial) by extensions ['ignore', 'ignore_ament_install']
[0.728s] Level 1:colcon.colcon_core.package_identification:_identify(src/serial) by extension 'ignore'
[0.728s] Level 1:colcon.colcon_core.package_identification:_identify(src/serial) by extension 'ignore_ament_install'
[0.728s] Level 1:colcon.colcon_core.package_identification:_identify(src/serial) by extensions ['colcon_pkg']
[0.728s] Level 1:colcon.colcon_core.package_identification:_identify(src/serial) by extension 'colcon_pkg'
[0.729s] Level 1:colcon.colcon_core.package_identification:_identify(src/serial) by extensions ['colcon_meta']
[0.729s] Level 1:colcon.colcon_core.package_identification:_identify(src/serial) by extension 'colcon_meta'
[0.729s] Level 1:colcon.colcon_core.package_identification:_identify(src/serial) by extensions ['ros']
[0.729s] Level 1:colcon.colcon_core.package_identification:_identify(src/serial) by extension 'ros'
[0.730s] DEBUG:colcon.colcon_core.package_identification:Package 'src/serial' with type 'ros.ament_cmake' and name 'serial'
[0.733s] Level 1:colcon.colcon_core.package_identification:_identify(src/serial_motor_demo) by extensions ['ignore', 'ignore_ament_install']
[0.733s] Level 1:colcon.colcon_core.package_identification:_identify(src/serial_motor_demo) by extension 'ignore'
[0.733s] Level 1:colcon.colcon_core.package_identification:_identify(src/serial_motor_demo) by extension 'ignore_ament_install'
[0.733s] Level 1:colcon.colcon_core.package_identification:_identify(src/serial_motor_demo) by extensions ['colcon_pkg']
[0.733s] Level 1:colcon.colcon_core.package_identification:_identify(src/serial_motor_demo) by extension 'colcon_pkg'
[0.733s] Level 1:colcon.colcon_core.package_identification:_identify(src/serial_motor_demo) by extensions ['colcon_meta']
[0.733s] Level 1:colcon.colcon_core.package_identification:_identify(src/serial_motor_demo) by extension 'colcon_meta'
[0.733s] Level 1:colcon.colcon_core.package_identification:_identify(src/serial_motor_demo) by extensions ['ros']
[0.733s] Level 1:colcon.colcon_core.package_identification:_identify(src/serial_motor_demo) by extension 'ros'
[0.733s] Level 1:colcon.colcon_core.package_identification:_identify(src/serial_motor_demo) by extensions ['cmake', 'python']
[0.733s] Level 1:colcon.colcon_core.package_identification:_identify(src/serial_motor_demo) by extension 'cmake'
[0.733s] Level 1:colcon.colcon_core.package_identification:_identify(src/serial_motor_demo) by extension 'python'
[0.733s] Level 1:colcon.colcon_core.package_identification:_identify(src/serial_motor_demo) by extensions ['python_setup_py']
[0.733s] Level 1:colcon.colcon_core.package_identification:_identify(src/serial_motor_demo) by extension 'python_setup_py'
[0.734s] Level 1:colcon.colcon_core.package_identification:_identify(src/serial_motor_demo/serial_motor_demo) by extensions ['ignore', 'ignore_ament_install']
[0.734s] Level 1:colcon.colcon_core.package_identification:_identify(src/serial_motor_demo/serial_motor_demo) by extension 'ignore'
[0.734s] Level 1:colcon.colcon_core.package_identification:_identify(src/serial_motor_demo/serial_motor_demo) by extension 'ignore_ament_install'
[0.734s] Level 1:colcon.colcon_core.package_identification:_identify(src/serial_motor_demo/serial_motor_demo) by extensions ['colcon_pkg']
[0.734s] Level 1:colcon.colcon_core.package_identification:_identify(src/serial_motor_demo/serial_motor_demo) by extension 'colcon_pkg'
[0.734s] Level 1:colcon.colcon_core.package_identification:_identify(src/serial_motor_demo/serial_motor_demo) by extensions ['colcon_meta']
[0.734s] Level 1:colcon.colcon_core.package_identification:_identify(src/serial_motor_demo/serial_motor_demo) by extension 'colcon_meta'
[0.734s] Level 1:colcon.colcon_core.package_identification:_identify(src/serial_motor_demo/serial_motor_demo) by extensions ['ros']
[0.734s] Level 1:colcon.colcon_core.package_identification:_identify(src/serial_motor_demo/serial_motor_demo) by extension 'ros'
[0.735s] DEBUG:colcon.colcon_core.package_identification:Package 'src/serial_motor_demo/serial_motor_demo' with type 'ros.ament_python' and name 'serial_motor_demo'
[0.736s] Level 1:colcon.colcon_core.package_identification:_identify(src/serial_motor_demo/serial_motor_demo_msgs) by extensions ['ignore', 'ignore_ament_install']
[0.736s] Level 1:colcon.colcon_core.package_identification:_identify(src/serial_motor_demo/serial_motor_demo_msgs) by extension 'ignore'
[0.736s] Level 1:colcon.colcon_core.package_identification:_identify(src/serial_motor_demo/serial_motor_demo_msgs) by extension 'ignore_ament_install'
[0.736s] Level 1:colcon.colcon_core.package_identification:_identify(src/serial_motor_demo/serial_motor_demo_msgs) by extensions ['colcon_pkg']
[0.736s] Level 1:colcon.colcon_core.package_identification:_identify(src/serial_motor_demo/serial_motor_demo_msgs) by extension 'colcon_pkg'
[0.736s] Level 1:colcon.colcon_core.package_identification:_identify(src/serial_motor_demo/serial_motor_demo_msgs) by extensions ['colcon_meta']
[0.736s] Level 1:colcon.colcon_core.package_identification:_identify(src/serial_motor_demo/serial_motor_demo_msgs) by extension 'colcon_meta'
[0.736s] Level 1:colcon.colcon_core.package_identification:_identify(src/serial_motor_demo/serial_motor_demo_msgs) by extensions ['ros']
[0.736s] Level 1:colcon.colcon_core.package_identification:_identify(src/serial_motor_demo/serial_motor_demo_msgs) by extension 'ros'
[0.737s] DEBUG:colcon.colcon_core.package_identification:Package 'src/serial_motor_demo/serial_motor_demo_msgs' with type 'ros.ament_cmake' and name 'serial_motor_demo_msgs'
[0.738s] Level 1:colcon.colcon_core.package_identification:_identify(src/sllidar_ros2) by extensions ['ignore', 'ignore_ament_install']
[0.738s] Level 1:colcon.colcon_core.package_identification:_identify(src/sllidar_ros2) by extension 'ignore'
[0.738s] Level 1:colcon.colcon_core.package_identification:_identify(src/sllidar_ros2) by extension 'ignore_ament_install'
[0.738s] Level 1:colcon.colcon_core.package_identification:_identify(src/sllidar_ros2) by extensions ['colcon_pkg']
[0.738s] Level 1:colcon.colcon_core.package_identification:_identify(src/sllidar_ros2) by extension 'colcon_pkg'
[0.738s] Level 1:colcon.colcon_core.package_identification:_identify(src/sllidar_ros2) by extensions ['colcon_meta']
[0.738s] Level 1:colcon.colcon_core.package_identification:_identify(src/sllidar_ros2) by extension 'colcon_meta'
[0.738s] Level 1:colcon.colcon_core.package_identification:_identify(src/sllidar_ros2) by extensions ['ros']
[0.738s] Level 1:colcon.colcon_core.package_identification:_identify(src/sllidar_ros2) by extension 'ros'
[0.739s] DEBUG:colcon.colcon_core.package_identification:Package 'src/sllidar_ros2' with type 'ros.ament_cmake' and name 'sllidar_ros2'
[0.740s] Level 1:colcon.colcon_core.package_identification:_identify(src/twist_stamper) by extensions ['ignore', 'ignore_ament_install']
[0.740s] Level 1:colcon.colcon_core.package_identification:_identify(src/twist_stamper) by extension 'ignore'
[0.740s] Level 1:colcon.colcon_core.package_identification:_identify(src/twist_stamper) by extension 'ignore_ament_install'
[0.740s] Level 1:colcon.colcon_core.package_identification:_identify(src/twist_stamper) by extensions ['colcon_pkg']
[0.740s] Level 1:colcon.colcon_core.package_identification:_identify(src/twist_stamper) by extension 'colcon_pkg'
[0.740s] Level 1:colcon.colcon_core.package_identification:_identify(src/twist_stamper) by extensions ['colcon_meta']
[0.740s] Level 1:colcon.colcon_core.package_identification:_identify(src/twist_stamper) by extension 'colcon_meta'
[0.740s] Level 1:colcon.colcon_core.package_identification:_identify(src/twist_stamper) by extensions ['ros']
[0.740s] Level 1:colcon.colcon_core.package_identification:_identify(src/twist_stamper) by extension 'ros'
[0.741s] DEBUG:colcon.colcon_core.package_identification:Package 'src/twist_stamper' with type 'ros.ament_python' and name 'twist_stamper'
[0.741s] Level 1:colcon.colcon_core.package_discovery:discover_packages(recursive) using defaults
[0.742s] Level 1:colcon.colcon_core.package_discovery:discover_packages(ignore) discover
[0.742s] Level 1:colcon.colcon_core.package_discovery:discover_packages(ignore) using defaults
[0.742s] Level 1:colcon.colcon_core.package_discovery:discover_packages(path) discover
[0.742s] Level 1:colcon.colcon_core.package_discovery:discover_packages(path) using defaults
[0.785s] Level 1:colcon.colcon_core.package_discovery:discover_packages(prefix_path) check parameters
[0.785s] Level 1:colcon.colcon_core.package_discovery:discover_packages(prefix_path) discover
[0.792s] DEBUG:colcon.colcon_installed_package_information.package_discovery:Found 424 installed packages in /opt/ros/jazzy
[0.796s] Level 1:colcon.colcon_core.package_discovery:discover_packages(prefix_path) using defaults
[0.879s] Level 5:colcon.colcon_core.verb:set package 'diffdrive_arduino' build argument 'cmake_args' from command line to 'None'
[0.879s] Level 5:colcon.colcon_core.verb:set package 'diffdrive_arduino' build argument 'cmake_target' from command line to 'None'
[0.879s] Level 5:colcon.colcon_core.verb:set package 'diffdrive_arduino' build argument 'cmake_target_skip_unavailable' from command line to 'False'
[0.879s] Level 5:colcon.colcon_core.verb:set package 'diffdrive_arduino' build argument 'cmake_clean_cache' from command line to 'False'
[0.879s] Level 5:colcon.colcon_core.verb:set package 'diffdrive_arduino' build argument 'cmake_clean_first' from command line to 'False'
[0.879s] Level 5:colcon.colcon_core.verb:set package 'diffdrive_arduino' build argument 'cmake_force_configure' from command line to 'False'
[0.879s] Level 5:colcon.colcon_core.verb:set package 'diffdrive_arduino' build argument 'ament_cmake_args' from command line to 'None'
[0.879s] Level 5:colcon.colcon_core.verb:set package 'diffdrive_arduino' build argument 'catkin_cmake_args' from command line to 'None'
[0.880s] Level 5:colcon.colcon_core.verb:set package 'diffdrive_arduino' build argument 'catkin_skip_building_tests' from command line to 'False'
[0.880s] DEBUG:colcon.colcon_core.verb:Building package 'diffdrive_arduino' with the following arguments: {'ament_cmake_args': None, 'build_base': '/home/olympusolutions/senior_ws/build/diffdrive_arduino', 'catkin_cmake_args': None, 'catkin_skip_building_tests': False, 'cmake_args': None, 'cmake_clean_cache': False, 'cmake_clean_first': False, 'cmake_force_configure': False, 'cmake_target': None, 'cmake_target_skip_unavailable': False, 'install_base': '/home/olympusolutions/senior_ws/install/diffdrive_arduino', 'merge_install': False, 'path': '/home/olympusolutions/senior_ws/src/diffdrive_arduino', 'symlink_install': False, 'test_result_base': None}
[0.880s] Level 5:colcon.colcon_core.verb:set package 'extender_arduino' build argument 'cmake_args' from command line to 'None'
[0.880s] Level 5:colcon.colcon_core.verb:set package 'extender_arduino' build argument 'cmake_target' from command line to 'None'
[0.880s] Level 5:colcon.colcon_core.verb:set package 'extender_arduino' build argument 'cmake_target_skip_unavailable' from command line to 'False'
[0.880s] Level 5:colcon.colcon_core.verb:set package 'extender_arduino' build argument 'cmake_clean_cache' from command line to 'False'
[0.880s] Level 5:colcon.colcon_core.verb:set package 'extender_arduino' build argument 'cmake_clean_first' from command line to 'False'
[0.880s] Level 5:colcon.colcon_core.verb:set package 'extender_arduino' build argument 'cmake_force_configure' from command line to 'False'
[0.880s] Level 5:colcon.colcon_core.verb:set package 'extender_arduino' build argument 'ament_cmake_args' from command line to 'None'
[0.880s] Level 5:colcon.colcon_core.verb:set package 'extender_arduino' build argument 'catkin_cmake_args' from command line to 'None'
[0.880s] Level 5:colcon.colcon_core.verb:set package 'extender_arduino' build argument 'catkin_skip_building_tests' from command line to 'False'
[0.880s] DEBUG:colcon.colcon_core.verb:Building package 'extender_arduino' with the following arguments: {'ament_cmake_args': None, 'build_base': '/home/olympusolutions/senior_ws/build/extender_arduino', 'catkin_cmake_args': None, 'catkin_skip_building_tests': False, 'cmake_args': None, 'cmake_clean_cache': False, 'cmake_clean_first': False, 'cmake_force_configure': False, 'cmake_target': None, 'cmake_target_skip_unavailable': False, 'install_base': '/home/olympusolutions/senior_ws/install/extender_arduino', 'merge_install': False, 'path': '/home/olympusolutions/senior_ws/src/extender_arduino', 'symlink_install': False, 'test_result_base': None}
[0.880s] Level 5:colcon.colcon_core.verb:set package 'joy_tester' build argument 'cmake_args' from command line to 'None'
[0.881s] Level 5:colcon.colcon_core.verb:set package 'joy_tester' build argument 'cmake_target' from command line to 'None'
[0.881s] Level 5:colcon.colcon_core.verb:set package 'joy_tester' build argument 'cmake_target_skip_unavailable' from command line to 'False'
[0.881s] Level 5:colcon.colcon_core.verb:set package 'joy_tester' build argument 'cmake_clean_cache' from command line to 'False'
[0.881s] Level 5:colcon.colcon_core.verb:set package 'joy_tester' build argument 'cmake_clean_first' from command line to 'False'
[0.881s] Level 5:colcon.colcon_core.verb:set package 'joy_tester' build argument 'cmake_force_configure' from command line to 'False'
[0.881s] Level 5:colcon.colcon_core.verb:set package 'joy_tester' build argument 'ament_cmake_args' from command line to 'None'
[0.881s] Level 5:colcon.colcon_core.verb:set package 'joy_tester' build argument 'catkin_cmake_args' from command line to 'None'
[0.881s] Level 5:colcon.colcon_core.verb:set package 'joy_tester' build argument 'catkin_skip_building_tests' from command line to 'False'
[0.881s] DEBUG:colcon.colcon_core.verb:Building package 'joy_tester' with the following arguments: {'ament_cmake_args': None, 'build_base': '/home/olympusolutions/senior_ws/build/joy_tester', 'catkin_cmake_args': None, 'catkin_skip_building_tests': False, 'cmake_args': None, 'cmake_clean_cache': False, 'cmake_clean_first': False, 'cmake_force_configure': False, 'cmake_target': None, 'cmake_target_skip_unavailable': False, 'install_base': '/home/olympusolutions/senior_ws/install/joy_tester', 'merge_install': False, 'path': '/home/olympusolutions/senior_ws/src/joy_tester', 'symlink_install': False, 'test_result_base': None}
[0.881s] Level 5:colcon.colcon_core.verb:set package 'listener_package' build argument 'cmake_args' from command line to 'None'
[0.881s] Level 5:colcon.colcon_core.verb:set package 'listener_package' build argument 'cmake_target' from command line to 'None'
[0.881s] Level 5:colcon.colcon_core.verb:set package 'listener_package' build argument 'cmake_target_skip_unavailable' from command line to 'False'
[0.881s] Level 5:colcon.colcon_core.verb:set package 'listener_package' build argument 'cmake_clean_cache' from command line to 'False'
[0.881s] Level 5:colcon.colcon_core.verb:set package 'listener_package' build argument 'cmake_clean_first' from command line to 'False'
[0.881s] Level 5:colcon.colcon_core.verb:set package 'listener_package' build argument 'cmake_force_configure' from command line to 'False'
[0.881s] Level 5:colcon.colcon_core.verb:set package 'listener_package' build argument 'ament_cmake_args' from command line to 'None'
[0.881s] Level 5:colcon.colcon_core.verb:set package 'listener_package' build argument 'catkin_cmake_args' from command line to 'None'
[0.881s] Level 5:colcon.colcon_core.verb:set package 'listener_package' build argument 'catkin_skip_building_tests' from command line to 'False'
[0.881s] DEBUG:colcon.colcon_core.verb:Building package 'listener_package' with the following arguments: {'ament_cmake_args': None, 'build_base': '/home/olympusolutions/senior_ws/build/listener_package', 'catkin_cmake_args': None, 'catkin_skip_building_tests': False, 'cmake_args': None, 'cmake_clean_cache': False, 'cmake_clean_first': False, 'cmake_force_configure': False, 'cmake_target': None, 'cmake_target_skip_unavailable': False, 'install_base': '/home/olympusolutions/senior_ws/install/listener_package', 'merge_install': False, 'path': '/home/olympusolutions/senior_ws/src/riley_ws/src/listener_package', 'symlink_install': False, 'test_result_base': None}
[0.882s] Level 5:colcon.colcon_core.verb:set package 'minibot' build argument 'cmake_args' from command line to 'None'
[0.882s] Level 5:colcon.colcon_core.verb:set package 'minibot' build argument 'cmake_target' from command line to 'None'
[0.882s] Level 5:colcon.colcon_core.verb:set package 'minibot' build argument 'cmake_target_skip_unavailable' from command line to 'False'
[0.882s] Level 5:colcon.colcon_core.verb:set package 'minibot' build argument 'cmake_clean_cache' from command line to 'False'
[0.882s] Level 5:colcon.colcon_core.verb:set package 'minibot' build argument 'cmake_clean_first' from command line to 'False'
[0.882s] Level 5:colcon.colcon_core.verb:set package 'minibot' build argument 'cmake_force_configure' from command line to 'False'
[0.882s] Level 5:colcon.colcon_core.verb:set package 'minibot' build argument 'ament_cmake_args' from command line to 'None'
[0.882s] Level 5:colcon.colcon_core.verb:set package 'minibot' build argument 'catkin_cmake_args' from command line to 'None'
[0.882s] Level 5:colcon.colcon_core.verb:set package 'minibot' build argument 'catkin_skip_building_tests' from command line to 'False'
[0.882s] DEBUG:colcon.colcon_core.verb:Building package 'minibot' with the following arguments: {'ament_cmake_args': None, 'build_base': '/home/olympusolutions/senior_ws/build/minibot', 'catkin_cmake_args': None, 'catkin_skip_building_tests': False, 'cmake_args': None, 'cmake_clean_cache': False, 'cmake_clean_first': False, 'cmake_force_configure': False, 'cmake_target': None, 'cmake_target_skip_unavailable': False, 'install_base': '/home/olympusolutions/senior_ws/install/minibot', 'merge_install': False, 'path': '/home/olympusolutions/senior_ws/src/minibot', 'symlink_install': False, 'test_result_base': None}
[0.882s] Level 5:colcon.colcon_core.verb:set package 'my_package' build argument 'cmake_args' from command line to 'None'
[0.882s] Level 5:colcon.colcon_core.verb:set package 'my_package' build argument 'cmake_target' from command line to 'None'
[0.882s] Level 5:colcon.colcon_core.verb:set package 'my_package' build argument 'cmake_target_skip_unavailable' from command line to 'False'
[0.882s] Level 5:colcon.colcon_core.verb:set package 'my_package' build argument 'cmake_clean_cache' from command line to 'False'
[0.882s] Level 5:colcon.colcon_core.verb:set package 'my_package' build argument 'cmake_clean_first' from command line to 'False'
[0.882s] Level 5:colcon.colcon_core.verb:set package 'my_package' build argument 'cmake_force_configure' from command line to 'False'
[0.882s] Level 5:colcon.colcon_core.verb:set package 'my_package' build argument 'ament_cmake_args' from command line to 'None'
[0.882s] Level 5:colcon.colcon_core.verb:set package 'my_package' build argument 'catkin_cmake_args' from command line to 'None'
[0.882s] Level 5:colcon.colcon_core.verb:set package 'my_package' build argument 'catkin_skip_building_tests' from command line to 'False'
[0.882s] DEBUG:colcon.colcon_core.verb:Building package 'my_package' with the following arguments: {'ament_cmake_args': None, 'build_base': '/home/olympusolutions/senior_ws/build/my_package', 'catkin_cmake_args': None, 'catkin_skip_building_tests': False, 'cmake_args': None, 'cmake_clean_cache': False, 'cmake_clean_first': False, 'cmake_force_configure': False, 'cmake_target': None, 'cmake_target_skip_unavailable': False, 'install_base': '/home/olympusolutions/senior_ws/install/my_package', 'merge_install': False, 'path': '/home/olympusolutions/senior_ws/src/riley_ws/src/my_package', 'symlink_install': False, 'test_result_base': None}
[0.883s] Level 5:colcon.colcon_core.verb:set package 'serial' build argument 'cmake_args' from command line to 'None'
[0.883s] Level 5:colcon.colcon_core.verb:set package 'serial' build argument 'cmake_target' from command line to 'None'
[0.883s] Level 5:colcon.colcon_core.verb:set package 'serial' build argument 'cmake_target_skip_unavailable' from command line to 'False'
[0.883s] Level 5:colcon.colcon_core.verb:set package 'serial' build argument 'cmake_clean_cache' from command line to 'False'
[0.883s] Level 5:colcon.colcon_core.verb:set package 'serial' build argument 'cmake_clean_first' from command line to 'False'
[0.883s] Level 5:colcon.colcon_core.verb:set package 'serial' build argument 'cmake_force_configure' from command line to 'False'
[0.883s] Level 5:colcon.colcon_core.verb:set package 'serial' build argument 'ament_cmake_args' from command line to 'None'
[0.883s] Level 5:colcon.colcon_core.verb:set package 'serial' build argument 'catkin_cmake_args' from command line to 'None'
[0.883s] Level 5:colcon.colcon_core.verb:set package 'serial' build argument 'catkin_skip_building_tests' from command line to 'False'
[0.883s] DEBUG:colcon.colcon_core.verb:Building package 'serial' with the following arguments: {'ament_cmake_args': None, 'build_base': '/home/olympusolutions/senior_ws/build/serial', 'catkin_cmake_args': None, 'catkin_skip_building_tests': False, 'cmake_args': None, 'cmake_clean_cache': False, 'cmake_clean_first': False, 'cmake_force_configure': False, 'cmake_target': None, 'cmake_target_skip_unavailable': False, 'install_base': '/home/olympusolutions/senior_ws/install/serial', 'merge_install': False, 'path': '/home/olympusolutions/senior_ws/src/serial', 'symlink_install': False, 'test_result_base': None}
[0.883s] Level 5:colcon.colcon_core.verb:set package 'serial_motor_demo_msgs' build argument 'cmake_args' from command line to 'None'
[0.883s] Level 5:colcon.colcon_core.verb:set package 'serial_motor_demo_msgs' build argument 'cmake_target' from command line to 'None'
[0.883s] Level 5:colcon.colcon_core.verb:set package 'serial_motor_demo_msgs' build argument 'cmake_target_skip_unavailable' from command line to 'False'
[0.883s] Level 5:colcon.colcon_core.verb:set package 'serial_motor_demo_msgs' build argument 'cmake_clean_cache' from command line to 'False'
[0.883s] Level 5:colcon.colcon_core.verb:set package 'serial_motor_demo_msgs' build argument 'cmake_clean_first' from command line to 'False'
[0.883s] Level 5:colcon.colcon_core.verb:set package 'serial_motor_demo_msgs' build argument 'cmake_force_configure' from command line to 'False'
[0.883s] Level 5:colcon.colcon_core.verb:set package 'serial_motor_demo_msgs' build argument 'ament_cmake_args' from command line to 'None'
[0.883s] Level 5:colcon.colcon_core.verb:set package 'serial_motor_demo_msgs' build argument 'catkin_cmake_args' from command line to 'None'
[0.883s] Level 5:colcon.colcon_core.verb:set package 'serial_motor_demo_msgs' build argument 'catkin_skip_building_tests' from command line to 'False'
[0.883s] DEBUG:colcon.colcon_core.verb:Building package 'serial_motor_demo_msgs' with the following arguments: {'ament_cmake_args': None, 'build_base': '/home/olympusolutions/senior_ws/build/serial_motor_demo_msgs', 'catkin_cmake_args': None, 'catkin_skip_building_tests': False, 'cmake_args': None, 'cmake_clean_cache': False, 'cmake_clean_first': False, 'cmake_force_configure': False, 'cmake_target': None, 'cmake_target_skip_unavailable': False, 'install_base': '/home/olympusolutions/senior_ws/install/serial_motor_demo_msgs', 'merge_install': False, 'path': '/home/olympusolutions/senior_ws/src/serial_motor_demo/serial_motor_demo_msgs', 'symlink_install': False, 'test_result_base': None}
[0.883s] Level 5:colcon.colcon_core.verb:set package 'sllidar_ros2' build argument 'cmake_args' from command line to 'None'
[0.884s] Level 5:colcon.colcon_core.verb:set package 'sllidar_ros2' build argument 'cmake_target' from command line to 'None'
[0.884s] Level 5:colcon.colcon_core.verb:set package 'sllidar_ros2' build argument 'cmake_target_skip_unavailable' from command line to 'False'
[0.884s] Level 5:colcon.colcon_core.verb:set package 'sllidar_ros2' build argument 'cmake_clean_cache' from command line to 'False'
[0.884s] Level 5:colcon.colcon_core.verb:set package 'sllidar_ros2' build argument 'cmake_clean_first' from command line to 'False'
[0.884s] Level 5:colcon.colcon_core.verb:set package 'sllidar_ros2' build argument 'cmake_force_configure' from command line to 'False'
[0.884s] Level 5:colcon.colcon_core.verb:set package 'sllidar_ros2' build argument 'ament_cmake_args' from command line to 'None'
[0.884s] Level 5:colcon.colcon_core.verb:set package 'sllidar_ros2' build argument 'catkin_cmake_args' from command line to 'None'
[0.884s] Level 5:colcon.colcon_core.verb:set package 'sllidar_ros2' build argument 'catkin_skip_building_tests' from command line to 'False'
[0.884s] DEBUG:colcon.colcon_core.verb:Building package 'sllidar_ros2' with the following arguments: {'ament_cmake_args': None, 'build_base': '/home/olympusolutions/senior_ws/build/sllidar_ros2', 'catkin_cmake_args': None, 'catkin_skip_building_tests': False, 'cmake_args': None, 'cmake_clean_cache': False, 'cmake_clean_first': False, 'cmake_force_configure': False, 'cmake_target': None, 'cmake_target_skip_unavailable': False, 'install_base': '/home/olympusolutions/senior_ws/install/sllidar_ros2', 'merge_install': False, 'path': '/home/olympusolutions/senior_ws/src/sllidar_ros2', 'symlink_install': False, 'test_result_base': None}
[0.884s] Level 5:colcon.colcon_core.verb:set package 'twist_stamper' build argument 'cmake_args' from command line to 'None'
[0.884s] Level 5:colcon.colcon_core.verb:set package 'twist_stamper' build argument 'cmake_target' from command line to 'None'
[0.884s] Level 5:colcon.colcon_core.verb:set package 'twist_stamper' build argument 'cmake_target_skip_unavailable' from command line to 'False'
[0.884s] Level 5:colcon.colcon_core.verb:set package 'twist_stamper' build argument 'cmake_clean_cache' from command line to 'False'
[0.884s] Level 5:colcon.colcon_core.verb:set package 'twist_stamper' build argument 'cmake_clean_first' from command line to 'False'
[0.884s] Level 5:colcon.colcon_core.verb:set package 'twist_stamper' build argument 'cmake_force_configure' from command line to 'False'
[0.884s] Level 5:colcon.colcon_core.verb:set package 'twist_stamper' build argument 'ament_cmake_args' from command line to 'None'
[0.884s] Level 5:colcon.colcon_core.verb:set package 'twist_stamper' build argument 'catkin_cmake_args' from command line to 'None'
[0.884s] Level 5:colcon.colcon_core.verb:set package 'twist_stamper' build argument 'catkin_skip_building_tests' from command line to 'False'
[0.884s] DEBUG:colcon.colcon_core.verb:Building package 'twist_stamper' with the following arguments: {'ament_cmake_args': None, 'build_base': '/home/olympusolutions/senior_ws/build/twist_stamper', 'catkin_cmake_args': None, 'catkin_skip_building_tests': False, 'cmake_args': None, 'cmake_clean_cache': False, 'cmake_clean_first': False, 'cmake_force_configure': False, 'cmake_target': None, 'cmake_target_skip_unavailable': False, 'install_base': '/home/olympusolutions/senior_ws/install/twist_stamper', 'merge_install': False, 'path': '/home/olympusolutions/senior_ws/src/twist_stamper', 'symlink_install': False, 'test_result_base': None}
[0.884s] Level 5:colcon.colcon_core.verb:set package 'serial_motor_demo' build argument 'cmake_args' from command line to 'None'
[0.884s] Level 5:colcon.colcon_core.verb:set package 'serial_motor_demo' build argument 'cmake_target' from command line to 'None'
[0.885s] Level 5:colcon.colcon_core.verb:set package 'serial_motor_demo' build argument 'cmake_target_skip_unavailable' from command line to 'False'
[0.885s] Level 5:colcon.colcon_core.verb:set package 'serial_motor_demo' build argument 'cmake_clean_cache' from command line to 'False'
[0.885s] Level 5:colcon.colcon_core.verb:set package 'serial_motor_demo' build argument 'cmake_clean_first' from command line to 'False'
[0.885s] Level 5:colcon.colcon_core.verb:set package 'serial_motor_demo' build argument 'cmake_force_configure' from command line to 'False'
[0.885s] Level 5:colcon.colcon_core.verb:set package 'serial_motor_demo' build argument 'ament_cmake_args' from command line to 'None'
[0.885s] Level 5:colcon.colcon_core.verb:set package 'serial_motor_demo' build argument 'catkin_cmake_args' from command line to 'None'
[0.885s] Level 5:colcon.colcon_core.verb:set package 'serial_motor_demo' build argument 'catkin_skip_building_tests' from command line to 'False'
[0.885s] DEBUG:colcon.colcon_core.verb:Building package 'serial_motor_demo' with the following arguments: {'ament_cmake_args': None, 'build_base': '/home/olympusolutions/senior_ws/build/serial_motor_demo', 'catkin_cmake_args': None, 'catkin_skip_building_tests': False, 'cmake_args': None, 'cmake_clean_cache': False, 'cmake_clean_first': False, 'cmake_force_configure': False, 'cmake_target': None, 'cmake_target_skip_unavailable': False, 'install_base': '/home/olympusolutions/senior_ws/install/serial_motor_demo', 'merge_install': False, 'path': '/home/olympusolutions/senior_ws/src/serial_motor_demo/serial_motor_demo', 'symlink_install': False, 'test_result_base': None}
[0.885s] INFO:colcon.colcon_core.executor:Executing jobs using 'parallel' executor
[0.886s] DEBUG:colcon.colcon_parallel_executor.executor.parallel:run_until_complete
[0.887s] INFO:colcon.colcon_ros.task.ament_cmake.build:Building ROS package in '/home/olympusolutions/senior_ws/src/serial_motor_demo/serial_motor_demo_msgs' with build type 'ament_cmake'
[0.887s] INFO:colcon.colcon_cmake.task.cmake.build:Building CMake package in '/home/olympusolutions/senior_ws/src/serial_motor_demo/serial_motor_demo_msgs'
[0.901s] INFO:colcon.colcon_core.plugin_system:Skipping extension 'colcon_core.shell.bat': Not used on non-Windows systems
[0.902s] INFO:colcon.colcon_core.shell:Skip shell extension 'powershell' for command environment: Not usable outside of PowerShell
[0.902s] DEBUG:colcon.colcon_core.shell:Skip shell extension 'dsv' for command environment
[0.908s] INFO:colcon.colcon_ros.task.ament_cmake.build:Building ROS package in '/home/olympusolutions/senior_ws/src/diffdrive_arduino' with build type 'ament_cmake'
[0.908s] INFO:colcon.colcon_cmake.task.cmake.build:Building CMake package in '/home/olympusolutions/senior_ws/src/diffdrive_arduino'
[0.908s] INFO:colcon.colcon_core.shell:Skip shell extension 'powershell' for command environment: Not usable outside of PowerShell
[0.909s] DEBUG:colcon.colcon_core.shell:Skip shell extension 'dsv' for command environment
[0.917s] INFO:colcon.colcon_ros.task.ament_cmake.build:Building ROS package in '/home/olympusolutions/senior_ws/src/extender_arduino' with build type 'ament_cmake'
[0.917s] INFO:colcon.colcon_cmake.task.cmake.build:Building CMake package in '/home/olympusolutions/senior_ws/src/extender_arduino'
[0.918s] INFO:colcon.colcon_core.shell:Skip shell extension 'powershell' for command environment: Not usable outside of PowerShell
[0.918s] DEBUG:colcon.colcon_core.shell:Skip shell extension 'dsv' for command environment
[0.925s] INFO:colcon.colcon_ros.task.ament_python.build:Building ROS package in '/home/olympusolutions/senior_ws/src/joy_tester' with build type 'ament_python'
[0.925s] Level 1:colcon.colcon_core.shell:create_environment_hook('joy_tester', 'ament_prefix_path')
[0.926s] INFO:colcon.colcon_core.shell:Creating environment hook '/home/olympusolutions/senior_ws/install/joy_tester/share/joy_tester/hook/ament_prefix_path.ps1'
[0.929s] INFO:colcon.colcon_core.shell:Creating environment descriptor '/home/olympusolutions/senior_ws/install/joy_tester/share/joy_tester/hook/ament_prefix_path.dsv'
[0.933s] INFO:colcon.colcon_core.shell:Creating environment hook '/home/olympusolutions/senior_ws/install/joy_tester/share/joy_tester/hook/ament_prefix_path.sh'
[0.936s] INFO:colcon.colcon_core.shell:Skip shell extension 'powershell' for command environment: Not usable outside of PowerShell
[0.937s] DEBUG:colcon.colcon_core.shell:Skip shell extension 'dsv' for command environment
[0.954s] DEBUG:colcon.colcon_core.event_handler.log_command:Invoking command in '/home/olympusolutions/senior_ws/build/serial_motor_demo_msgs': CMAKE_PREFIX_PATH=${CMAKE_PREFIX_PATH}:/opt/ros/jazzy DEBUGINFOD_URLS=https://debuginfod.ubuntu.com /usr/bin/cmake --build /home/olympusolutions/senior_ws/build/serial_motor_demo_msgs -- -j4 -l4
[0.972s] DEBUG:colcon.colcon_core.event_handler.log_command:Invoking command in '/home/olympusolutions/senior_ws/build/diffdrive_arduino': CMAKE_PREFIX_PATH=${CMAKE_PREFIX_PATH}:/opt/ros/jazzy DEBUGINFOD_URLS=https://debuginfod.ubuntu.com /usr/bin/cmake --build /home/olympusolutions/senior_ws/build/diffdrive_arduino -- -j4 -l4
[0.983s] DEBUG:colcon.colcon_core.event_handler.log_command:Invoking command in '/home/olympusolutions/senior_ws/build/extender_arduino': CMAKE_PREFIX_PATH=${CMAKE_PREFIX_PATH}:/opt/ros/jazzy DEBUGINFOD_URLS=https://debuginfod.ubuntu.com /usr/bin/cmake --build /home/olympusolutions/senior_ws/build/extender_arduino -- -j4 -l4
[1.485s] INFO:colcon.colcon_core.task.python.build:Building Python package in '/home/olympusolutions/senior_ws/src/joy_tester'
[1.485s] INFO:colcon.colcon_core.shell:Skip shell extension 'powershell' for command environment: Not usable outside of PowerShell
[1.486s] DEBUG:colcon.colcon_core.shell:Skip shell extension 'dsv' for command environment
[1.528s] DEBUG:colcon.colcon_core.event_handler.log_command:Invoked command in '/home/olympusolutions/senior_ws/build/extender_arduino' returned '0': CMAKE_PREFIX_PATH=${CMAKE_PREFIX_PATH}:/opt/ros/jazzy DEBUGINFOD_URLS=https://debuginfod.ubuntu.com /usr/bin/cmake --build /home/olympusolutions/senior_ws/build/extender_arduino -- -j4 -l4
[1.581s] DEBUG:colcon.colcon_core.event_handler.log_command:Invoking command in '/home/olympusolutions/senior_ws/build/extender_arduino': CMAKE_PREFIX_PATH=${CMAKE_PREFIX_PATH}:/opt/ros/jazzy DEBUGINFOD_URLS=https://debuginfod.ubuntu.com /usr/bin/cmake --install /home/olympusolutions/senior_ws/build/extender_arduino
[1.582s] DEBUG:colcon.colcon_core.event_handler.log_command:Invoked command in '/home/olympusolutions/senior_ws/build/diffdrive_arduino' returned '0': CMAKE_PREFIX_PATH=${CMAKE_PREFIX_PATH}:/opt/ros/jazzy DEBUGINFOD_URLS=https://debuginfod.ubuntu.com /usr/bin/cmake --build /home/olympusolutions/senior_ws/build/diffdrive_arduino -- -j4 -l4
[1.589s] DEBUG:colcon.colcon_core.event_handler.log_command:Invoking command in '/home/olympusolutions/senior_ws/build/diffdrive_arduino': CMAKE_PREFIX_PATH=${CMAKE_PREFIX_PATH}:/opt/ros/jazzy DEBUGINFOD_URLS=https://debuginfod.ubuntu.com /usr/bin/cmake --install /home/olympusolutions/senior_ws/build/diffdrive_arduino
[1.771s] Level 1:colcon.colcon_core.environment:create_environment_scripts_only(extender_arduino)
[1.771s] DEBUG:colcon.colcon_core.event_handler.log_command:Invoked command in '/home/olympusolutions/senior_ws/build/extender_arduino' returned '0': CMAKE_PREFIX_PATH=${CMAKE_PREFIX_PATH}:/opt/ros/jazzy DEBUGINFOD_URLS=https://debuginfod.ubuntu.com /usr/bin/cmake --install /home/olympusolutions/senior_ws/build/extender_arduino
[1.792s] Level 1:colcon.colcon_core.environment:checking '/home/olympusolutions/senior_ws/install/extender_arduino' for CMake module files
[1.797s] Level 1:colcon.colcon_core.environment:checking '/home/olympusolutions/senior_ws/install/extender_arduino' for CMake config files
[1.803s] Level 1:colcon.colcon_core.shell:create_environment_hook('extender_arduino', 'cmake_prefix_path')
[1.804s] INFO:colcon.colcon_core.shell:Creating environment hook '/home/olympusolutions/senior_ws/install/extender_arduino/share/extender_arduino/hook/cmake_prefix_path.ps1'
[1.805s] INFO:colcon.colcon_core.shell:Creating environment descriptor '/home/olympusolutions/senior_ws/install/extender_arduino/share/extender_arduino/hook/cmake_prefix_path.dsv'
[1.806s] INFO:colcon.colcon_core.shell:Creating environment hook '/home/olympusolutions/senior_ws/install/extender_arduino/share/extender_arduino/hook/cmake_prefix_path.sh'
[1.808s] Level 1:colcon.colcon_core.environment:checking '/home/olympusolutions/senior_ws/install/extender_arduino/lib'
[1.808s] Level 1:colcon.colcon_core.shell:create_environment_hook('extender_arduino', 'ld_library_path_lib')
[1.809s] INFO:colcon.colcon_core.shell:Creating environment hook '/home/olympusolutions/senior_ws/install/extender_arduino/share/extender_arduino/hook/ld_library_path_lib.ps1'
[1.810s] INFO:colcon.colcon_core.shell:Creating environment descriptor '/home/olympusolutions/senior_ws/install/extender_arduino/share/extender_arduino/hook/ld_library_path_lib.dsv'
[1.810s] INFO:colcon.colcon_core.shell:Creating environment hook '/home/olympusolutions/senior_ws/install/extender_arduino/share/extender_arduino/hook/ld_library_path_lib.sh'
[1.811s] Level 1:colcon.colcon_core.environment:checking '/home/olympusolutions/senior_ws/install/extender_arduino/bin'
[1.811s] Level 1:colcon.colcon_core.environment:checking '/home/olympusolutions/senior_ws/install/extender_arduino/lib/pkgconfig/extender_arduino.pc'
[1.812s] Level 1:colcon.colcon_core.environment:checking '/home/olympusolutions/senior_ws/install/extender_arduino/lib/python3.12/site-packages'
[1.812s] Level 1:colcon.colcon_core.environment:checking '/home/olympusolutions/senior_ws/install/extender_arduino/bin'
[1.812s] INFO:colcon.colcon_core.shell:Creating package script '/home/olympusolutions/senior_ws/install/extender_arduino/share/extender_arduino/package.ps1'
[1.816s] INFO:colcon.colcon_core.shell:Creating package descriptor '/home/olympusolutions/senior_ws/install/extender_arduino/share/extender_arduino/package.dsv'
[1.820s] INFO:colcon.colcon_core.shell:Creating package script '/home/olympusolutions/senior_ws/install/extender_arduino/share/extender_arduino/package.sh'
[1.821s] INFO:colcon.colcon_core.shell:Creating package script '/home/olympusolutions/senior_ws/install/extender_arduino/share/extender_arduino/package.bash'
[1.826s] INFO:colcon.colcon_core.shell:Creating package script '/home/olympusolutions/senior_ws/install/extender_arduino/share/extender_arduino/package.zsh'
[1.829s] Level 1:colcon.colcon_core.environment:create_file_with_runtime_dependencies(/home/olympusolutions/senior_ws/install/extender_arduino/share/colcon-core/packages/extender_arduino)
[1.832s] Level 1:colcon.colcon_core.environment:create_environment_scripts_only(extender_arduino)
[1.832s] Level 1:colcon.colcon_core.environment:checking '/home/olympusolutions/senior_ws/install/extender_arduino' for CMake module files
[1.833s] Level 1:colcon.colcon_core.environment:checking '/home/olympusolutions/senior_ws/install/extender_arduino' for CMake config files
[1.834s] Level 1:colcon.colcon_core.shell:create_environment_hook('extender_arduino', 'cmake_prefix_path')
[1.834s] INFO:colcon.colcon_core.shell:Creating environment hook '/home/olympusolutions/senior_ws/install/extender_arduino/share/extender_arduino/hook/cmake_prefix_path.ps1'
[1.836s] INFO:colcon.colcon_core.shell:Creating environment descriptor '/home/olympusolutions/senior_ws/install/extender_arduino/share/extender_arduino/hook/cmake_prefix_path.dsv'
[1.836s] INFO:colcon.colcon_core.shell:Creating environment hook '/home/olympusolutions/senior_ws/install/extender_arduino/share/extender_arduino/hook/cmake_prefix_path.sh'
[1.837s] Level 1:colcon.colcon_core.environment:checking '/home/olympusolutions/senior_ws/install/extender_arduino/lib'
[1.837s] Level 1:colcon.colcon_core.shell:create_environment_hook('extender_arduino', 'ld_library_path_lib')
[1.838s] INFO:colcon.colcon_core.shell:Creating environment hook '/home/olympusolutions/senior_ws/install/extender_arduino/share/extender_arduino/hook/ld_library_path_lib.ps1'
[1.838s] INFO:colcon.colcon_core.shell:Creating environment descriptor '/home/olympusolutions/senior_ws/install/extender_arduino/share/extender_arduino/hook/ld_library_path_lib.dsv'
[1.839s] INFO:colcon.colcon_core.shell:Creating environment hook '/home/olympusolutions/senior_ws/install/extender_arduino/share/extender_arduino/hook/ld_library_path_lib.sh'
[1.840s] Level 1:colcon.colcon_core.environment:checking '/home/olympusolutions/senior_ws/install/extender_arduino/bin'
[1.840s] Level 1:colcon.colcon_core.environment:checking '/home/olympusolutions/senior_ws/install/extender_arduino/lib/pkgconfig/extender_arduino.pc'
[1.840s] Level 1:colcon.colcon_core.environment:checking '/home/olympusolutions/senior_ws/install/extender_arduino/lib/python3.12/site-packages'
[1.840s] Level 1:colcon.colcon_core.environment:checking '/home/olympusolutions/senior_ws/install/extender_arduino/bin'
[1.841s] INFO:colcon.colcon_core.shell:Creating package script '/home/olympusolutions/senior_ws/install/extender_arduino/share/extender_arduino/package.ps1'
[1.842s] INFO:colcon.colcon_core.shell:Creating package descriptor '/home/olympusolutions/senior_ws/install/extender_arduino/share/extender_arduino/package.dsv'
[1.843s] INFO:colcon.colcon_core.shell:Creating package script '/home/olympusolutions/senior_ws/install/extender_arduino/share/extender_arduino/package.sh'
[1.843s] INFO:colcon.colcon_core.shell:Creating package script '/home/olympusolutions/senior_ws/install/extender_arduino/share/extender_arduino/package.bash'
[1.844s] INFO:colcon.colcon_core.shell:Creating package script '/home/olympusolutions/senior_ws/install/extender_arduino/share/extender_arduino/package.zsh'
[1.844s] Level 1:colcon.colcon_core.environment:create_file_with_runtime_dependencies(/home/olympusolutions/senior_ws/install/extender_arduino/share/colcon-core/packages/extender_arduino)
[1.845s] INFO:colcon.colcon_ros.task.ament_python.build:Building ROS package in '/home/olympusolutions/senior_ws/src/riley_ws/src/listener_package' with build type 'ament_python'
[1.846s] Level 1:colcon.colcon_core.shell:create_environment_hook('listener_package', 'ament_prefix_path')
[1.847s] INFO:colcon.colcon_core.shell:Creating environment hook '/home/olympusolutions/senior_ws/install/listener_package/share/listener_package/hook/ament_prefix_path.ps1'
[1.857s] INFO:colcon.colcon_core.shell:Creating environment descriptor '/home/olympusolutions/senior_ws/install/listener_package/share/listener_package/hook/ament_prefix_path.dsv'
[1.858s] INFO:colcon.colcon_core.shell:Creating environment hook '/home/olympusolutions/senior_ws/install/listener_package/share/listener_package/hook/ament_prefix_path.sh'
[1.860s] INFO:colcon.colcon_core.shell:Skip shell extension 'powershell' for command environment: Not usable outside of PowerShell
[1.860s] DEBUG:colcon.colcon_core.shell:Skip shell extension 'dsv' for command environment
[1.872s] Level 1:colcon.colcon_core.environment:create_environment_scripts_only(diffdrive_arduino)
[1.873s] Level 1:colcon.colcon_core.environment:checking '/home/olympusolutions/senior_ws/install/diffdrive_arduino' for CMake module files
[1.874s] Level 1:colcon.colcon_core.environment:checking '/home/olympusolutions/senior_ws/install/diffdrive_arduino' for CMake config files
[1.874s] DEBUG:colcon.colcon_core.event_handler.log_command:Invoked command in '/home/olympusolutions/senior_ws/build/diffdrive_arduino' returned '0': CMAKE_PREFIX_PATH=${CMAKE_PREFIX_PATH}:/opt/ros/jazzy DEBUGINFOD_URLS=https://debuginfod.ubuntu.com /usr/bin/cmake --install /home/olympusolutions/senior_ws/build/diffdrive_arduino
[1.877s] Level 1:colcon.colcon_core.shell:create_environment_hook('diffdrive_arduino', 'cmake_prefix_path')
[1.877s] INFO:colcon.colcon_core.shell:Creating environment hook '/home/olympusolutions/senior_ws/install/diffdrive_arduino/share/diffdrive_arduino/hook/cmake_prefix_path.ps1'
[1.881s] INFO:colcon.colcon_core.shell:Creating environment descriptor '/home/olympusolutions/senior_ws/install/diffdrive_arduino/share/diffdrive_arduino/hook/cmake_prefix_path.dsv'
[1.883s] INFO:colcon.colcon_core.shell:Creating environment hook '/home/olympusolutions/senior_ws/install/diffdrive_arduino/share/diffdrive_arduino/hook/cmake_prefix_path.sh'
[1.886s] Level 1:colcon.colcon_core.environment:checking '/home/olympusolutions/senior_ws/install/diffdrive_arduino/lib'
[1.886s] Level 1:colcon.colcon_core.shell:create_environment_hook('diffdrive_arduino', 'ld_library_path_lib')
[1.887s] INFO:colcon.colcon_core.shell:Creating environment hook '/home/olympusolutions/senior_ws/install/diffdrive_arduino/share/diffdrive_arduino/hook/ld_library_path_lib.ps1'
[1.888s] INFO:colcon.colcon_core.shell:Creating environment descriptor '/home/olympusolutions/senior_ws/install/diffdrive_arduino/share/diffdrive_arduino/hook/ld_library_path_lib.dsv'
[1.888s] INFO:colcon.colcon_core.shell:Creating environment hook '/home/olympusolutions/senior_ws/install/diffdrive_arduino/share/diffdrive_arduino/hook/ld_library_path_lib.sh'
[1.889s] Level 1:colcon.colcon_core.environment:checking '/home/olympusolutions/senior_ws/install/diffdrive_arduino/bin'
[1.889s] Level 1:colcon.colcon_core.environment:checking '/home/olympusolutions/senior_ws/install/diffdrive_arduino/lib/pkgconfig/diffdrive_arduino.pc'
[1.889s] Level 1:colcon.colcon_core.environment:checking '/home/olympusolutions/senior_ws/install/diffdrive_arduino/lib/python3.12/site-packages'
[1.890s] Level 1:colcon.colcon_core.environment:checking '/home/olympusolutions/senior_ws/install/diffdrive_arduino/bin'
[1.890s] INFO:colcon.colcon_core.shell:Creating package script '/home/olympusolutions/senior_ws/install/diffdrive_arduino/share/diffdrive_arduino/package.ps1'
[1.891s] INFO:colcon.colcon_core.shell:Creating package descriptor '/home/olympusolutions/senior_ws/install/diffdrive_arduino/share/diffdrive_arduino/package.dsv'
[1.892s] INFO:colcon.colcon_core.shell:Creating package script '/home/olympusolutions/senior_ws/install/diffdrive_arduino/share/diffdrive_arduino/package.sh'
[1.892s] INFO:colcon.colcon_core.shell:Creating package script '/home/olympusolutions/senior_ws/install/diffdrive_arduino/share/diffdrive_arduino/package.bash'
[1.893s] INFO:colcon.colcon_core.shell:Creating package script '/home/olympusolutions/senior_ws/install/diffdrive_arduino/share/diffdrive_arduino/package.zsh'
[1.894s] Level 1:colcon.colcon_core.environment:create_file_with_runtime_dependencies(/home/olympusolutions/senior_ws/install/diffdrive_arduino/share/colcon-core/packages/diffdrive_arduino)
[1.894s] Level 1:colcon.colcon_core.environment:create_environment_scripts_only(diffdrive_arduino)
[1.895s] Level 1:colcon.colcon_core.environment:checking '/home/olympusolutions/senior_ws/install/diffdrive_arduino' for CMake module files
[1.895s] Level 1:colcon.colcon_core.environment:checking '/home/olympusolutions/senior_ws/install/diffdrive_arduino' for CMake config files
[1.896s] Level 1:colcon.colcon_core.shell:create_environment_hook('diffdrive_arduino', 'cmake_prefix_path')
[1.896s] INFO:colcon.colcon_core.shell:Creating environment hook '/home/olympusolutions/senior_ws/install/diffdrive_arduino/share/diffdrive_arduino/hook/cmake_prefix_path.ps1'
[1.897s] INFO:colcon.colcon_core.shell:Creating environment descriptor '/home/olympusolutions/senior_ws/install/diffdrive_arduino/share/diffdrive_arduino/hook/cmake_prefix_path.dsv'
[1.897s] INFO:colcon.colcon_core.shell:Creating environment hook '/home/olympusolutions/senior_ws/install/diffdrive_arduino/share/diffdrive_arduino/hook/cmake_prefix_path.sh'
[1.898s] Level 1:colcon.colcon_core.environment:checking '/home/olympusolutions/senior_ws/install/diffdrive_arduino/lib'
[1.898s] Level 1:colcon.colcon_core.shell:create_environment_hook('diffdrive_arduino', 'ld_library_path_lib')
[1.898s] INFO:colcon.colcon_core.shell:Creating environment hook '/home/olympusolutions/senior_ws/install/diffdrive_arduino/share/diffdrive_arduino/hook/ld_library_path_lib.ps1'
[1.899s] INFO:colcon.colcon_core.shell:Creating environment descriptor '/home/olympusolutions/senior_ws/install/diffdrive_arduino/share/diffdrive_arduino/hook/ld_library_path_lib.dsv'
[1.899s] INFO:colcon.colcon_core.shell:Creating environment hook '/home/olympusolutions/senior_ws/install/diffdrive_arduino/share/diffdrive_arduino/hook/ld_library_path_lib.sh'
[1.900s] Level 1:colcon.colcon_core.environment:checking '/home/olympusolutions/senior_ws/install/diffdrive_arduino/bin'
[1.900s] Level 1:colcon.colcon_core.environment:checking '/home/olympusolutions/senior_ws/install/diffdrive_arduino/lib/pkgconfig/diffdrive_arduino.pc'
[1.900s] Level 1:colcon.colcon_core.environment:checking '/home/olympusolutions/senior_ws/install/diffdrive_arduino/lib/python3.12/site-packages'
[1.900s] Level 1:colcon.colcon_core.environment:checking '/home/olympusolutions/senior_ws/install/diffdrive_arduino/bin'
[1.901s] INFO:colcon.colcon_core.shell:Creating package script '/home/olympusolutions/senior_ws/install/diffdrive_arduino/share/diffdrive_arduino/package.ps1'
[1.902s] INFO:colcon.colcon_core.shell:Creating package descriptor '/home/olympusolutions/senior_ws/install/diffdrive_arduino/share/diffdrive_arduino/package.dsv'
[1.904s] INFO:colcon.colcon_core.shell:Creating package script '/home/olympusolutions/senior_ws/install/diffdrive_arduino/share/diffdrive_arduino/package.sh'
[1.906s] INFO:colcon.colcon_core.shell:Creating package script '/home/olympusolutions/senior_ws/install/diffdrive_arduino/share/diffdrive_arduino/package.bash'
[1.906s] INFO:colcon.colcon_core.shell:Creating package script '/home/olympusolutions/senior_ws/install/diffdrive_arduino/share/diffdrive_arduino/package.zsh'
[1.910s] Level 1:colcon.colcon_core.environment:create_file_with_runtime_dependencies(/home/olympusolutions/senior_ws/install/diffdrive_arduino/share/colcon-core/packages/diffdrive_arduino)
[1.914s] INFO:colcon.colcon_ros.task.ament_cmake.build:Building ROS package in '/home/olympusolutions/senior_ws/src/minibot' with build type 'ament_cmake'
[1.914s] INFO:colcon.colcon_cmake.task.cmake.build:Building CMake package in '/home/olympusolutions/senior_ws/src/minibot'
[1.915s] INFO:colcon.colcon_core.shell:Skip shell extension 'powershell' for command environment: Not usable outside of PowerShell
[1.915s] DEBUG:colcon.colcon_core.shell:Skip shell extension 'dsv' for command environment
[2.403s] INFO:colcon.colcon_core.task.python.build:Building Python package in '/home/olympusolutions/senior_ws/src/riley_ws/src/listener_package'
[2.404s] INFO:colcon.colcon_core.shell:Skip shell extension 'powershell' for command environment: Not usable outside of PowerShell
[2.404s] DEBUG:colcon.colcon_core.shell:Skip shell extension 'dsv' for command environment
[2.420s] DEBUG:colcon.colcon_core.event_handler.log_command:Invoking command in '/home/olympusolutions/senior_ws/build/minibot': CMAKE_PREFIX_PATH=${CMAKE_PREFIX_PATH}:/opt/ros/jazzy DEBUGINFOD_URLS=https://debuginfod.ubuntu.com /usr/bin/cmake --build /home/olympusolutions/senior_ws/build/minibot -- -j4 -l4
[2.421s] DEBUG:colcon.colcon_core.event_handler.log_command:Invoked command in '/home/olympusolutions/senior_ws/build/serial_motor_demo_msgs' returned '0': CMAKE_PREFIX_PATH=${CMAKE_PREFIX_PATH}:/opt/ros/jazzy DEBUGINFOD_URLS=https://debuginfod.ubuntu.com /usr/bin/cmake --build /home/olympusolutions/senior_ws/build/serial_motor_demo_msgs -- -j4 -l4
[2.433s] DEBUG:colcon.colcon_core.event_handler.log_command:Invoking command in '/home/olympusolutions/senior_ws/build/serial_motor_demo_msgs': CMAKE_PREFIX_PATH=${CMAKE_PREFIX_PATH}:/opt/ros/jazzy DEBUGINFOD_URLS=https://debuginfod.ubuntu.com /usr/bin/cmake --install /home/olympusolutions/senior_ws/build/serial_motor_demo_msgs
[2.630s] DEBUG:colcon.colcon_core.event_handler.log_command:Invoked command in '/home/olympusolutions/senior_ws/build/minibot' returned '0': CMAKE_PREFIX_PATH=${CMAKE_PREFIX_PATH}:/opt/ros/jazzy DEBUGINFOD_URLS=https://debuginfod.ubuntu.com /usr/bin/cmake --build /home/olympusolutions/senior_ws/build/minibot -- -j4 -l4
[2.632s] DEBUG:colcon.colcon_core.event_handler.log_command:Invoking command in '/home/olympusolutions/senior_ws/build/minibot': CMAKE_PREFIX_PATH=${CMAKE_PREFIX_PATH}:/opt/ros/jazzy DEBUGINFOD_URLS=https://debuginfod.ubuntu.com /usr/bin/cmake --install /home/olympusolutions/senior_ws/build/minibot
[2.739s] Level 1:colcon.colcon_core.environment:create_environment_scripts_only(serial_motor_demo_msgs)
[2.740s] Level 1:colcon.colcon_core.environment:checking '/home/olympusolutions/senior_ws/install/serial_motor_demo_msgs' for CMake module files
[2.741s] Level 1:colcon.colcon_core.environment:checking '/home/olympusolutions/senior_ws/install/serial_motor_demo_msgs' for CMake config files
[2.741s] DEBUG:colcon.colcon_core.event_handler.log_command:Invoked command in '/home/olympusolutions/senior_ws/build/serial_motor_demo_msgs' returned '0': CMAKE_PREFIX_PATH=${CMAKE_PREFIX_PATH}:/opt/ros/jazzy DEBUGINFOD_URLS=https://debuginfod.ubuntu.com /usr/bin/cmake --install /home/olympusolutions/senior_ws/build/serial_motor_demo_msgs
[2.743s] Level 1:colcon.colcon_core.shell:create_environment_hook('serial_motor_demo_msgs', 'cmake_prefix_path')
[2.744s] INFO:colcon.colcon_core.shell:Creating environment hook '/home/olympusolutions/senior_ws/install/serial_motor_demo_msgs/share/serial_motor_demo_msgs/hook/cmake_prefix_path.ps1'
[2.744s] INFO:colcon.colcon_core.shell:Creating environment descriptor '/home/olympusolutions/senior_ws/install/serial_motor_demo_msgs/share/serial_motor_demo_msgs/hook/cmake_prefix_path.dsv'
[2.745s] INFO:colcon.colcon_core.shell:Creating environment hook '/home/olympusolutions/senior_ws/install/serial_motor_demo_msgs/share/serial_motor_demo_msgs/hook/cmake_prefix_path.sh'
[2.747s] Level 1:colcon.colcon_core.environment:checking '/home/olympusolutions/senior_ws/install/serial_motor_demo_msgs/lib'
[2.747s] Level 1:colcon.colcon_core.shell:create_environment_hook('serial_motor_demo_msgs', 'ld_library_path_lib')
[2.747s] INFO:colcon.colcon_core.shell:Creating environment hook '/home/olympusolutions/senior_ws/install/serial_motor_demo_msgs/share/serial_motor_demo_msgs/hook/ld_library_path_lib.ps1'
[2.748s] INFO:colcon.colcon_core.shell:Creating environment descriptor '/home/olympusolutions/senior_ws/install/serial_motor_demo_msgs/share/serial_motor_demo_msgs/hook/ld_library_path_lib.dsv'
[2.749s] INFO:colcon.colcon_core.shell:Creating environment hook '/home/olympusolutions/senior_ws/install/serial_motor_demo_msgs/share/serial_motor_demo_msgs/hook/ld_library_path_lib.sh'
[2.750s] Level 1:colcon.colcon_core.environment:checking '/home/olympusolutions/senior_ws/install/serial_motor_demo_msgs/bin'
[2.750s] Level 1:colcon.colcon_core.environment:checking '/home/olympusolutions/senior_ws/install/serial_motor_demo_msgs/lib/pkgconfig/serial_motor_demo_msgs.pc'
[2.751s] Level 1:colcon.colcon_core.environment:checking '/home/olympusolutions/senior_ws/install/serial_motor_demo_msgs/lib/python3.12/site-packages'
[2.751s] Level 1:colcon.colcon_core.shell:create_environment_hook('serial_motor_demo_msgs', 'pythonpath')
[2.751s] INFO:colcon.colcon_core.shell:Creating environment hook '/home/olympusolutions/senior_ws/install/serial_motor_demo_msgs/share/serial_motor_demo_msgs/hook/pythonpath.ps1'
[2.752s] INFO:colcon.colcon_core.shell:Creating environment descriptor '/home/olympusolutions/senior_ws/install/serial_motor_demo_msgs/share/serial_motor_demo_msgs/hook/pythonpath.dsv'
[2.753s] INFO:colcon.colcon_core.shell:Creating environment hook '/home/olympusolutions/senior_ws/install/serial_motor_demo_msgs/share/serial_motor_demo_msgs/hook/pythonpath.sh'
[2.755s] Level 1:colcon.colcon_core.environment:checking '/home/olympusolutions/senior_ws/install/serial_motor_demo_msgs/bin'
[2.756s] INFO:colcon.colcon_core.shell:Creating package script '/home/olympusolutions/senior_ws/install/serial_motor_demo_msgs/share/serial_motor_demo_msgs/package.ps1'
[2.756s] INFO:colcon.colcon_core.shell:Creating package descriptor '/home/olympusolutions/senior_ws/install/serial_motor_demo_msgs/share/serial_motor_demo_msgs/package.dsv'
[2.757s] INFO:colcon.colcon_core.shell:Creating package script '/home/olympusolutions/senior_ws/install/serial_motor_demo_msgs/share/serial_motor_demo_msgs/package.sh'
[2.758s] INFO:colcon.colcon_core.shell:Creating package script '/home/olympusolutions/senior_ws/install/serial_motor_demo_msgs/share/serial_motor_demo_msgs/package.bash'
[2.760s] INFO:colcon.colcon_core.shell:Creating package script '/home/olympusolutions/senior_ws/install/serial_motor_demo_msgs/share/serial_motor_demo_msgs/package.zsh'
[2.761s] Level 1:colcon.colcon_core.environment:create_file_with_runtime_dependencies(/home/olympusolutions/senior_ws/install/serial_motor_demo_msgs/share/colcon-core/packages/serial_motor_demo_msgs)
[2.764s] Level 1:colcon.colcon_core.environment:create_environment_scripts_only(serial_motor_demo_msgs)
[2.764s] Level 1:colcon.colcon_core.environment:checking '/home/olympusolutions/senior_ws/install/serial_motor_demo_msgs' for CMake module files
[2.765s] Level 1:colcon.colcon_core.environment:checking '/home/olympusolutions/senior_ws/install/serial_motor_demo_msgs' for CMake config files
[2.767s] Level 1:colcon.colcon_core.shell:create_environment_hook('serial_motor_demo_msgs', 'cmake_prefix_path')
[2.768s] INFO:colcon.colcon_core.shell:Creating environment hook '/home/olympusolutions/senior_ws/install/serial_motor_demo_msgs/share/serial_motor_demo_msgs/hook/cmake_prefix_path.ps1'
[2.769s] INFO:colcon.colcon_core.shell:Creating environment descriptor '/home/olympusolutions/senior_ws/install/serial_motor_demo_msgs/share/serial_motor_demo_msgs/hook/cmake_prefix_path.dsv'
[2.770s] INFO:colcon.colcon_core.shell:Creating environment hook '/home/olympusolutions/senior_ws/install/serial_motor_demo_msgs/share/serial_motor_demo_msgs/hook/cmake_prefix_path.sh'
[2.772s] Level 1:colcon.colcon_core.environment:checking '/home/olympusolutions/senior_ws/install/serial_motor_demo_msgs/lib'
[2.772s] Level 1:colcon.colcon_core.shell:create_environment_hook('serial_motor_demo_msgs', 'ld_library_path_lib')
[2.773s] INFO:colcon.colcon_core.shell:Creating environment hook '/home/olympusolutions/senior_ws/install/serial_motor_demo_msgs/share/serial_motor_demo_msgs/hook/ld_library_path_lib.ps1'
[2.774s] INFO:colcon.colcon_core.shell:Creating environment descriptor '/home/olympusolutions/senior_ws/install/serial_motor_demo_msgs/share/serial_motor_demo_msgs/hook/ld_library_path_lib.dsv'
[2.777s] INFO:colcon.colcon_core.shell:Creating environment hook '/home/olympusolutions/senior_ws/install/serial_motor_demo_msgs/share/serial_motor_demo_msgs/hook/ld_library_path_lib.sh'
[2.778s] Level 1:colcon.colcon_core.environment:checking '/home/olympusolutions/senior_ws/install/serial_motor_demo_msgs/bin'
[2.778s] Level 1:colcon.colcon_core.environment:checking '/home/olympusolutions/senior_ws/install/serial_motor_demo_msgs/lib/pkgconfig/serial_motor_demo_msgs.pc'
[2.779s] Level 1:colcon.colcon_core.environment:checking '/home/olympusolutions/senior_ws/install/serial_motor_demo_msgs/lib/python3.12/site-packages'
[2.779s] Level 1:colcon.colcon_core.shell:create_environment_hook('serial_motor_demo_msgs', 'pythonpath')
[2.779s] INFO:colcon.colcon_core.shell:Creating environment hook '/home/olympusolutions/senior_ws/install/serial_motor_demo_msgs/share/serial_motor_demo_msgs/hook/pythonpath.ps1'
[2.780s] INFO:colcon.colcon_core.shell:Creating environment descriptor '/home/olympusolutions/senior_ws/install/serial_motor_demo_msgs/share/serial_motor_demo_msgs/hook/pythonpath.dsv'
[2.780s] INFO:colcon.colcon_core.shell:Creating environment hook '/home/olympusolutions/senior_ws/install/serial_motor_demo_msgs/share/serial_motor_demo_msgs/hook/pythonpath.sh'
[2.781s] Level 1:colcon.colcon_core.environment:checking '/home/olympusolutions/senior_ws/install/serial_motor_demo_msgs/bin'
[2.782s] INFO:colcon.colcon_core.shell:Creating package script '/home/olympusolutions/senior_ws/install/serial_motor_demo_msgs/share/serial_motor_demo_msgs/package.ps1'
[2.783s] INFO:colcon.colcon_core.shell:Creating package descriptor '/home/olympusolutions/senior_ws/install/serial_motor_demo_msgs/share/serial_motor_demo_msgs/package.dsv'
[2.783s] INFO:colcon.colcon_core.shell:Creating package script '/home/olympusolutions/senior_ws/install/serial_motor_demo_msgs/share/serial_motor_demo_msgs/package.sh'
[2.784s] INFO:colcon.colcon_core.shell:Creating package script '/home/olympusolutions/senior_ws/install/serial_motor_demo_msgs/share/serial_motor_demo_msgs/package.bash'
[2.785s] INFO:colcon.colcon_core.shell:Creating package script '/home/olympusolutions/senior_ws/install/serial_motor_demo_msgs/share/serial_motor_demo_msgs/package.zsh'
[2.786s] Level 1:colcon.colcon_core.environment:create_file_with_runtime_dependencies(/home/olympusolutions/senior_ws/install/serial_motor_demo_msgs/share/colcon-core/packages/serial_motor_demo_msgs)
[2.787s] INFO:colcon.colcon_ros.task.ament_python.build:Building ROS package in '/home/olympusolutions/senior_ws/src/riley_ws/src/my_package' with build type 'ament_python'
[2.787s] Level 1:colcon.colcon_core.shell:create_environment_hook('my_package', 'ament_prefix_path')
[2.789s] INFO:colcon.colcon_core.shell:Creating environment hook '/home/olympusolutions/senior_ws/install/my_package/share/my_package/hook/ament_prefix_path.ps1'
[2.794s] INFO:colcon.colcon_core.shell:Creating environment descriptor '/home/olympusolutions/senior_ws/install/my_package/share/my_package/hook/ament_prefix_path.dsv'
[2.795s] INFO:colcon.colcon_core.shell:Creating environment hook '/home/olympusolutions/senior_ws/install/my_package/share/my_package/hook/ament_prefix_path.sh'
[2.798s] INFO:colcon.colcon_core.shell:Skip shell extension 'powershell' for command environment: Not usable outside of PowerShell
[2.798s] DEBUG:colcon.colcon_core.shell:Skip shell extension 'dsv' for command environment
[2.811s] Level 1:colcon.colcon_core.environment:create_environment_scripts_only(minibot)
[2.812s] Level 1:colcon.colcon_core.environment:checking '/home/olympusolutions/senior_ws/install/minibot' for CMake module files
[2.813s] DEBUG:colcon.colcon_core.event_handler.log_command:Invoked command in '/home/olympusolutions/senior_ws/build/minibot' returned '0': CMAKE_PREFIX_PATH=${CMAKE_PREFIX_PATH}:/opt/ros/jazzy DEBUGINFOD_URLS=https://debuginfod.ubuntu.com /usr/bin/cmake --install /home/olympusolutions/senior_ws/build/minibot
[2.815s] Level 1:colcon.colcon_core.environment:checking '/home/olympusolutions/senior_ws/install/minibot' for CMake config files
[2.819s] Level 1:colcon.colcon_core.shell:create_environment_hook('minibot', 'cmake_prefix_path')
[2.820s] INFO:colcon.colcon_core.shell:Creating environment hook '/home/olympusolutions/senior_ws/install/minibot/share/minibot/hook/cmake_prefix_path.ps1'
[2.821s] INFO:colcon.colcon_core.shell:Creating environment descriptor '/home/olympusolutions/senior_ws/install/minibot/share/minibot/hook/cmake_prefix_path.dsv'
[2.822s] INFO:colcon.colcon_core.shell:Creating environment hook '/home/olympusolutions/senior_ws/install/minibot/share/minibot/hook/cmake_prefix_path.sh'
[2.824s] Level 1:colcon.colcon_core.environment:checking '/home/olympusolutions/senior_ws/install/minibot/lib'
[2.824s] Level 1:colcon.colcon_core.environment:checking '/home/olympusolutions/senior_ws/install/minibot/bin'
[2.824s] Level 1:colcon.colcon_core.environment:checking '/home/olympusolutions/senior_ws/install/minibot/lib/pkgconfig/minibot.pc'
[2.825s] Level 1:colcon.colcon_core.environment:checking '/home/olympusolutions/senior_ws/install/minibot/lib/python3.12/site-packages'
[2.825s] Level 1:colcon.colcon_core.environment:checking '/home/olympusolutions/senior_ws/install/minibot/bin'
[2.825s] INFO:colcon.colcon_core.shell:Creating package script '/home/olympusolutions/senior_ws/install/minibot/share/minibot/package.ps1'
[2.826s] INFO:colcon.colcon_core.shell:Creating package descriptor '/home/olympusolutions/senior_ws/install/minibot/share/minibot/package.dsv'
[2.827s] INFO:colcon.colcon_core.shell:Creating package script '/home/olympusolutions/senior_ws/install/minibot/share/minibot/package.sh'
[2.827s] INFO:colcon.colcon_core.shell:Creating package script '/home/olympusolutions/senior_ws/install/minibot/share/minibot/package.bash'
[2.828s] INFO:colcon.colcon_core.shell:Creating package script '/home/olympusolutions/senior_ws/install/minibot/share/minibot/package.zsh'
[2.828s] Level 1:colcon.colcon_core.environment:create_file_with_runtime_dependencies(/home/olympusolutions/senior_ws/install/minibot/share/colcon-core/packages/minibot)
[2.835s] Level 1:colcon.colcon_core.environment:create_environment_scripts_only(minibot)
[2.835s] Level 1:colcon.colcon_core.environment:checking '/home/olympusolutions/senior_ws/install/minibot' for CMake module files
[2.836s] Level 1:colcon.colcon_core.environment:checking '/home/olympusolutions/senior_ws/install/minibot' for CMake config files
[2.837s] Level 1:colcon.colcon_core.shell:create_environment_hook('minibot', 'cmake_prefix_path')
[2.837s] INFO:colcon.colcon_core.shell:Creating environment hook '/home/olympusolutions/senior_ws/install/minibot/share/minibot/hook/cmake_prefix_path.ps1'
[2.837s] INFO:colcon.colcon_core.shell:Creating environment descriptor '/home/olympusolutions/senior_ws/install/minibot/share/minibot/hook/cmake_prefix_path.dsv'
[2.838s] INFO:colcon.colcon_core.shell:Creating environment hook '/home/olympusolutions/senior_ws/install/minibot/share/minibot/hook/cmake_prefix_path.sh'
[2.839s] Level 1:colcon.colcon_core.environment:checking '/home/olympusolutions/senior_ws/install/minibot/lib'
[2.839s] Level 1:colcon.colcon_core.environment:checking '/home/olympusolutions/senior_ws/install/minibot/bin'
[2.839s] Level 1:colcon.colcon_core.environment:checking '/home/olympusolutions/senior_ws/install/minibot/lib/pkgconfig/minibot.pc'
[2.839s] Level 1:colcon.colcon_core.environment:checking '/home/olympusolutions/senior_ws/install/minibot/lib/python3.12/site-packages'
[2.839s] Level 1:colcon.colcon_core.environment:checking '/home/olympusolutions/senior_ws/install/minibot/bin'
[2.840s] INFO:colcon.colcon_core.shell:Creating package script '/home/olympusolutions/senior_ws/install/minibot/share/minibot/package.ps1'
[2.873s] INFO:colcon.colcon_core.shell:Creating package descriptor '/home/olympusolutions/senior_ws/install/minibot/share/minibot/package.dsv'
[2.874s] INFO:colcon.colcon_core.shell:Creating package script '/home/olympusolutions/senior_ws/install/minibot/share/minibot/package.sh'
[2.874s] INFO:colcon.colcon_core.shell:Creating package script '/home/olympusolutions/senior_ws/install/minibot/share/minibot/package.bash'
[2.875s] INFO:colcon.colcon_core.shell:Creating package script '/home/olympusolutions/senior_ws/install/minibot/share/minibot/package.zsh'
[2.876s] Level 1:colcon.colcon_core.environment:create_file_with_runtime_dependencies(/home/olympusolutions/senior_ws/install/minibot/share/colcon-core/packages/minibot)
[2.878s] INFO:colcon.colcon_ros.task.ament_cmake.build:Building ROS package in '/home/olympusolutions/senior_ws/src/serial' with build type 'ament_cmake'
[2.878s] INFO:colcon.colcon_cmake.task.cmake.build:Building CMake package in '/home/olympusolutions/senior_ws/src/serial'
[2.879s] INFO:colcon.colcon_core.shell:Skip shell extension 'powershell' for command environment: Not usable outside of PowerShell
[2.880s] DEBUG:colcon.colcon_core.shell:Skip shell extension 'dsv' for command environment
[3.298s] INFO:colcon.colcon_core.task.python.build:Building Python package in '/home/olympusolutions/senior_ws/src/riley_ws/src/my_package'
[3.299s] INFO:colcon.colcon_core.shell:Skip shell extension 'powershell' for command environment: Not usable outside of PowerShell
[3.299s] DEBUG:colcon.colcon_core.shell:Skip shell extension 'dsv' for command environment
[3.409s] DEBUG:colcon.colcon_core.event_handler.log_command:Invoking command in '/home/olympusolutions/senior_ws/build/serial': CMAKE_PREFIX_PATH=${CMAKE_PREFIX_PATH}:/opt/ros/jazzy DEBUGINFOD_URLS=https://debuginfod.ubuntu.com /usr/bin/cmake --build /home/olympusolutions/senior_ws/build/serial -- -j4 -l4
[3.412s] DEBUG:colcon.colcon_core.event_handler.log_command:Invoking command in '/home/olympusolutions/senior_ws/src/joy_tester': DEBUGINFOD_URLS=https://debuginfod.ubuntu.com PYTHONPATH=/home/olympusolutions/senior_ws/build/joy_tester/prefix_override:/usr/lib/python3/dist-packages/colcon_core/task/python/colcon_distutils_commands:/home/olympusolutions/senior_ws/install/joy_tester/lib/python3.12/site-packages:${PYTHONPATH} /usr/bin/python3 -W ignore:setup.py install is deprecated -W ignore:easy_install command is deprecated setup.py egg_info --egg-base ../../build/joy_tester build --build-base /home/olympusolutions/senior_ws/build/joy_tester/build install --record /home/olympusolutions/senior_ws/build/joy_tester/install.log --single-version-externally-managed install_data
[3.691s] DEBUG:colcon.colcon_core.event_handler.log_command:Invoking command in '/home/olympusolutions/senior_ws/src/riley_ws/src/listener_package': DEBUGINFOD_URLS=https://debuginfod.ubuntu.com PYTHONPATH=/home/olympusolutions/senior_ws/build/listener_package/prefix_override:/usr/lib/python3/dist-packages/colcon_core/task/python/colcon_distutils_commands:/home/olympusolutions/senior_ws/install/listener_package/lib/python3.12/site-packages:${PYTHONPATH} /usr/bin/python3 -W ignore:setup.py install is deprecated -W ignore:easy_install command is deprecated setup.py egg_info --egg-base ../../../../build/listener_package build --build-base /home/olympusolutions/senior_ws/build/listener_package/build install --record /home/olympusolutions/senior_ws/build/listener_package/install.log --single-version-externally-managed install_data
[3.898s] DEBUG:colcon.colcon_core.event_handler.log_command:Invoked command in '/home/olympusolutions/senior_ws/build/serial' returned '0': CMAKE_PREFIX_PATH=${CMAKE_PREFIX_PATH}:/opt/ros/jazzy DEBUGINFOD_URLS=https://debuginfod.ubuntu.com /usr/bin/cmake --build /home/olympusolutions/senior_ws/build/serial -- -j4 -l4
[3.902s] DEBUG:colcon.colcon_core.event_handler.log_command:Invoking command in '/home/olympusolutions/senior_ws/build/serial': CMAKE_PREFIX_PATH=${CMAKE_PREFIX_PATH}:/opt/ros/jazzy DEBUGINFOD_URLS=https://debuginfod.ubuntu.com /usr/bin/cmake --install /home/olympusolutions/senior_ws/build/serial
[3.976s] Level 1:colcon.colcon_core.environment:create_environment_scripts_only(serial)
[3.976s] Level 1:colcon.colcon_core.environment:checking '/home/olympusolutions/senior_ws/install/serial' for CMake module files
[3.977s] Level 1:colcon.colcon_core.environment:checking '/home/olympusolutions/senior_ws/install/serial' for CMake config files
[3.978s] DEBUG:colcon.colcon_core.event_handler.log_command:Invoked command in '/home/olympusolutions/senior_ws/build/serial' returned '0': CMAKE_PREFIX_PATH=${CMAKE_PREFIX_PATH}:/opt/ros/jazzy DEBUGINFOD_URLS=https://debuginfod.ubuntu.com /usr/bin/cmake --install /home/olympusolutions/senior_ws/build/serial
[3.982s] Level 1:colcon.colcon_core.shell:create_environment_hook('serial', 'cmake_prefix_path')
[3.982s] INFO:colcon.colcon_core.shell:Creating environment hook '/home/olympusolutions/senior_ws/install/serial/share/serial/hook/cmake_prefix_path.ps1'
[3.983s] INFO:colcon.colcon_core.shell:Creating environment descriptor '/home/olympusolutions/senior_ws/install/serial/share/serial/hook/cmake_prefix_path.dsv'
[3.984s] INFO:colcon.colcon_core.shell:Creating environment hook '/home/olympusolutions/senior_ws/install/serial/share/serial/hook/cmake_prefix_path.sh'
[3.988s] Level 1:colcon.colcon_core.environment:checking '/home/olympusolutions/senior_ws/install/serial/lib'
[3.988s] Level 1:colcon.colcon_core.environment:checking '/home/olympusolutions/senior_ws/install/serial/bin'
[3.988s] Level 1:colcon.colcon_core.environment:checking '/home/olympusolutions/senior_ws/install/serial/lib/pkgconfig/serial.pc'
[3.988s] Level 1:colcon.colcon_core.environment:checking '/home/olympusolutions/senior_ws/install/serial/lib/python3.12/site-packages'
[3.989s] Level 1:colcon.colcon_core.environment:checking '/home/olympusolutions/senior_ws/install/serial/bin'
[3.992s] INFO:colcon.colcon_core.shell:Creating package script '/home/olympusolutions/senior_ws/install/serial/share/serial/package.ps1'
[3.993s] INFO:colcon.colcon_core.shell:Creating package descriptor '/home/olympusolutions/senior_ws/install/serial/share/serial/package.dsv'
[3.994s] INFO:colcon.colcon_core.shell:Creating package script '/home/olympusolutions/senior_ws/install/serial/share/serial/package.sh'
[3.995s] INFO:colcon.colcon_core.shell:Creating package script '/home/olympusolutions/senior_ws/install/serial/share/serial/package.bash'
[3.999s] INFO:colcon.colcon_core.shell:Creating package script '/home/olympusolutions/senior_ws/install/serial/share/serial/package.zsh'
[4.000s] Level 1:colcon.colcon_core.environment:create_file_with_runtime_dependencies(/home/olympusolutions/senior_ws/install/serial/share/colcon-core/packages/serial)
[4.001s] Level 1:colcon.colcon_core.environment:create_environment_scripts_only(serial)
[4.001s] Level 1:colcon.colcon_core.environment:checking '/home/olympusolutions/senior_ws/install/serial' for CMake module files
[4.002s] Level 1:colcon.colcon_core.environment:checking '/home/olympusolutions/senior_ws/install/serial' for CMake config files
[4.003s] Level 1:colcon.colcon_core.shell:create_environment_hook('serial', 'cmake_prefix_path')
[4.004s] INFO:colcon.colcon_core.shell:Creating environment hook '/home/olympusolutions/senior_ws/install/serial/share/serial/hook/cmake_prefix_path.ps1'
[4.004s] INFO:colcon.colcon_core.shell:Creating environment descriptor '/home/olympusolutions/senior_ws/install/serial/share/serial/hook/cmake_prefix_path.dsv'
[4.007s] INFO:colcon.colcon_core.shell:Creating environment hook '/home/olympusolutions/senior_ws/install/serial/share/serial/hook/cmake_prefix_path.sh'
[4.010s] Level 1:colcon.colcon_core.environment:checking '/home/olympusolutions/senior_ws/install/serial/lib'
[4.010s] Level 1:colcon.colcon_core.environment:checking '/home/olympusolutions/senior_ws/install/serial/bin'
[4.010s] Level 1:colcon.colcon_core.environment:checking '/home/olympusolutions/senior_ws/install/serial/lib/pkgconfig/serial.pc'
[4.010s] Level 1:colcon.colcon_core.environment:checking '/home/olympusolutions/senior_ws/install/serial/lib/python3.12/site-packages'
[4.010s] Level 1:colcon.colcon_core.environment:checking '/home/olympusolutions/senior_ws/install/serial/bin'
[4.011s] INFO:colcon.colcon_core.shell:Creating package script '/home/olympusolutions/senior_ws/install/serial/share/serial/package.ps1'
[4.012s] INFO:colcon.colcon_core.shell:Creating package descriptor '/home/olympusolutions/senior_ws/install/serial/share/serial/package.dsv'
[4.014s] INFO:colcon.colcon_core.shell:Creating package script '/home/olympusolutions/senior_ws/install/serial/share/serial/package.sh'
[4.015s] INFO:colcon.colcon_core.shell:Creating package script '/home/olympusolutions/senior_ws/install/serial/share/serial/package.bash'
[4.017s] INFO:colcon.colcon_core.shell:Creating package script '/home/olympusolutions/senior_ws/install/serial/share/serial/package.zsh'
[4.018s] Level 1:colcon.colcon_core.environment:create_file_with_runtime_dependencies(/home/olympusolutions/senior_ws/install/serial/share/colcon-core/packages/serial)
[4.019s] INFO:colcon.colcon_ros.task.ament_cmake.build:Building ROS package in '/home/olympusolutions/senior_ws/src/sllidar_ros2' with build type 'ament_cmake'
[4.019s] INFO:colcon.colcon_cmake.task.cmake.build:Building CMake package in '/home/olympusolutions/senior_ws/src/sllidar_ros2'
[4.020s] INFO:colcon.colcon_core.shell:Skip shell extension 'powershell' for command environment: Not usable outside of PowerShell
[4.020s] DEBUG:colcon.colcon_core.shell:Skip shell extension 'dsv' for command environment
[4.038s] DEBUG:colcon.colcon_core.event_handler.log_command:Invoking command in '/home/olympusolutions/senior_ws/build/sllidar_ros2': CMAKE_PREFIX_PATH=${CMAKE_PREFIX_PATH}:/opt/ros/jazzy DEBUGINFOD_URLS=https://debuginfod.ubuntu.com /usr/bin/cmake --build /home/olympusolutions/senior_ws/build/sllidar_ros2 -- -j4 -l4
[4.327s] DEBUG:colcon.colcon_core.event_handler.log_command:Invoked command in '/home/olympusolutions/senior_ws/build/sllidar_ros2' returned '0': CMAKE_PREFIX_PATH=${CMAKE_PREFIX_PATH}:/opt/ros/jazzy DEBUGINFOD_URLS=https://debuginfod.ubuntu.com /usr/bin/cmake --build /home/olympusolutions/senior_ws/build/sllidar_ros2 -- -j4 -l4
[4.332s] DEBUG:colcon.colcon_core.event_handler.log_command:Invoking command in '/home/olympusolutions/senior_ws/build/sllidar_ros2': CMAKE_PREFIX_PATH=${CMAKE_PREFIX_PATH}:/opt/ros/jazzy DEBUGINFOD_URLS=https://debuginfod.ubuntu.com /usr/bin/cmake --install /home/olympusolutions/senior_ws/build/sllidar_ros2
[4.420s] Level 1:colcon.colcon_core.environment:create_environment_scripts_only(sllidar_ros2)
[4.420s] Level 1:colcon.colcon_core.environment:checking '/home/olympusolutions/senior_ws/install/sllidar_ros2' for CMake module files
[4.421s] Level 1:colcon.colcon_core.environment:checking '/home/olympusolutions/senior_ws/install/sllidar_ros2' for CMake config files
[4.422s] DEBUG:colcon.colcon_core.event_handler.log_command:Invoked command in '/home/olympusolutions/senior_ws/build/sllidar_ros2' returned '0': CMAKE_PREFIX_PATH=${CMAKE_PREFIX_PATH}:/opt/ros/jazzy DEBUGINFOD_URLS=https://debuginfod.ubuntu.com /usr/bin/cmake --install /home/olympusolutions/senior_ws/build/sllidar_ros2
[4.425s] Level 1:colcon.colcon_core.shell:create_environment_hook('sllidar_ros2', 'cmake_prefix_path')
[4.425s] INFO:colcon.colcon_core.shell:Creating environment hook '/home/olympusolutions/senior_ws/install/sllidar_ros2/share/sllidar_ros2/hook/cmake_prefix_path.ps1'
[4.426s] INFO:colcon.colcon_core.shell:Creating environment descriptor '/home/olympusolutions/senior_ws/install/sllidar_ros2/share/sllidar_ros2/hook/cmake_prefix_path.dsv'
[4.427s] INFO:colcon.colcon_core.shell:Creating environment hook '/home/olympusolutions/senior_ws/install/sllidar_ros2/share/sllidar_ros2/hook/cmake_prefix_path.sh'
[4.429s] Level 1:colcon.colcon_core.environment:checking '/home/olympusolutions/senior_ws/install/sllidar_ros2/lib'
[4.429s] Level 1:colcon.colcon_core.environment:checking '/home/olympusolutions/senior_ws/install/sllidar_ros2/bin'
[4.429s] Level 1:colcon.colcon_core.environment:checking '/home/olympusolutions/senior_ws/install/sllidar_ros2/lib/pkgconfig/sllidar_ros2.pc'
[4.430s] Level 1:colcon.colcon_core.environment:checking '/home/olympusolutions/senior_ws/install/sllidar_ros2/lib/python3.12/site-packages'
[4.430s] Level 1:colcon.colcon_core.environment:checking '/home/olympusolutions/senior_ws/install/sllidar_ros2/bin'
[4.430s] INFO:colcon.colcon_core.shell:Creating package script '/home/olympusolutions/senior_ws/install/sllidar_ros2/share/sllidar_ros2/package.ps1'
[4.431s] INFO:colcon.colcon_core.shell:Creating package descriptor '/home/olympusolutions/senior_ws/install/sllidar_ros2/share/sllidar_ros2/package.dsv'
[4.432s] INFO:colcon.colcon_core.shell:Creating package script '/home/olympusolutions/senior_ws/install/sllidar_ros2/share/sllidar_ros2/package.sh'
[4.432s] INFO:colcon.colcon_core.shell:Creating package script '/home/olympusolutions/senior_ws/install/sllidar_ros2/share/sllidar_ros2/package.bash'
[4.434s] INFO:colcon.colcon_core.shell:Creating package script '/home/olympusolutions/senior_ws/install/sllidar_ros2/share/sllidar_ros2/package.zsh'
[4.435s] Level 1:colcon.colcon_core.environment:create_file_with_runtime_dependencies(/home/olympusolutions/senior_ws/install/sllidar_ros2/share/colcon-core/packages/sllidar_ros2)
[4.437s] Level 1:colcon.colcon_core.environment:create_environment_scripts_only(sllidar_ros2)
[4.437s] Level 1:colcon.colcon_core.environment:checking '/home/olympusolutions/senior_ws/install/sllidar_ros2' for CMake module files
[4.438s] Level 1:colcon.colcon_core.environment:checking '/home/olympusolutions/senior_ws/install/sllidar_ros2' for CMake config files
[4.438s] Level 1:colcon.colcon_core.shell:create_environment_hook('sllidar_ros2', 'cmake_prefix_path')
[4.439s] INFO:colcon.colcon_core.shell:Creating environment hook '/home/olympusolutions/senior_ws/install/sllidar_ros2/share/sllidar_ros2/hook/cmake_prefix_path.ps1'
[4.439s] INFO:colcon.colcon_core.shell:Creating environment descriptor '/home/olympusolutions/senior_ws/install/sllidar_ros2/share/sllidar_ros2/hook/cmake_prefix_path.dsv'
[4.441s] INFO:colcon.colcon_core.shell:Creating environment hook '/home/olympusolutions/senior_ws/install/sllidar_ros2/share/sllidar_ros2/hook/cmake_prefix_path.sh'
[4.443s] Level 1:colcon.colcon_core.environment:checking '/home/olympusolutions/senior_ws/install/sllidar_ros2/lib'
[4.443s] Level 1:colcon.colcon_core.environment:checking '/home/olympusolutions/senior_ws/install/sllidar_ros2/bin'
[4.443s] Level 1:colcon.colcon_core.environment:checking '/home/olympusolutions/senior_ws/install/sllidar_ros2/lib/pkgconfig/sllidar_ros2.pc'
[4.443s] Level 1:colcon.colcon_core.environment:checking '/home/olympusolutions/senior_ws/install/sllidar_ros2/lib/python3.12/site-packages'
[4.444s] Level 1:colcon.colcon_core.environment:checking '/home/olympusolutions/senior_ws/install/sllidar_ros2/bin'
[4.444s] INFO:colcon.colcon_core.shell:Creating package script '/home/olympusolutions/senior_ws/install/sllidar_ros2/share/sllidar_ros2/package.ps1'
[4.445s] INFO:colcon.colcon_core.shell:Creating package descriptor '/home/olympusolutions/senior_ws/install/sllidar_ros2/share/sllidar_ros2/package.dsv'
[4.447s] INFO:colcon.colcon_core.shell:Creating package script '/home/olympusolutions/senior_ws/install/sllidar_ros2/share/sllidar_ros2/package.sh'
[4.448s] INFO:colcon.colcon_core.shell:Creating package script '/home/olympusolutions/senior_ws/install/sllidar_ros2/share/sllidar_ros2/package.bash'
[4.450s] INFO:colcon.colcon_core.shell:Creating package script '/home/olympusolutions/senior_ws/install/sllidar_ros2/share/sllidar_ros2/package.zsh'
[4.452s] Level 1:colcon.colcon_core.environment:create_file_with_runtime_dependencies(/home/olympusolutions/senior_ws/install/sllidar_ros2/share/colcon-core/packages/sllidar_ros2)
[4.456s] INFO:colcon.colcon_ros.task.ament_python.build:Building ROS package in '/home/olympusolutions/senior_ws/src/twist_stamper' with build type 'ament_python'
[4.456s] Level 1:colcon.colcon_core.shell:create_environment_hook('twist_stamper', 'ament_prefix_path')
[4.456s] INFO:colcon.colcon_core.shell:Creating environment hook '/home/olympusolutions/senior_ws/install/twist_stamper/share/twist_stamper/hook/ament_prefix_path.ps1'
[4.462s] INFO:colcon.colcon_core.shell:Creating environment descriptor '/home/olympusolutions/senior_ws/install/twist_stamper/share/twist_stamper/hook/ament_prefix_path.dsv'
[4.464s] INFO:colcon.colcon_core.shell:Creating environment hook '/home/olympusolutions/senior_ws/install/twist_stamper/share/twist_stamper/hook/ament_prefix_path.sh'
[4.467s] INFO:colcon.colcon_core.shell:Skip shell extension 'powershell' for command environment: Not usable outside of PowerShell
[4.467s] DEBUG:colcon.colcon_core.shell:Skip shell extension 'dsv' for command environment
[5.001s] INFO:colcon.colcon_core.task.python.build:Building Python package in '/home/olympusolutions/senior_ws/src/twist_stamper'
[5.001s] INFO:colcon.colcon_core.shell:Skip shell extension 'powershell' for command environment: Not usable outside of PowerShell
[5.001s] DEBUG:colcon.colcon_core.shell:Skip shell extension 'dsv' for command environment
[5.008s] Level 1:colcon.colcon_core.environment:checking '/home/olympusolutions/senior_ws/install/joy_tester' for CMake module files
[5.009s] DEBUG:colcon.colcon_core.event_handler.log_command:Invoked command in '/home/olympusolutions/senior_ws/src/joy_tester' returned '0': DEBUGINFOD_URLS=https://debuginfod.ubuntu.com PYTHONPATH=/home/olympusolutions/senior_ws/build/joy_tester/prefix_override:/usr/lib/python3/dist-packages/colcon_core/task/python/colcon_distutils_commands:/home/olympusolutions/senior_ws/install/joy_tester/lib/python3.12/site-packages:${PYTHONPATH} /usr/bin/python3 -W ignore:setup.py install is deprecated -W ignore:easy_install command is deprecated setup.py egg_info --egg-base ../../build/joy_tester build --build-base /home/olympusolutions/senior_ws/build/joy_tester/build install --record /home/olympusolutions/senior_ws/build/joy_tester/install.log --single-version-externally-managed install_data
[5.009s] Level 1:colcon.colcon_core.environment:checking '/home/olympusolutions/senior_ws/install/joy_tester' for CMake config files
[5.011s] Level 1:colcon.colcon_core.environment:checking '/home/olympusolutions/senior_ws/install/joy_tester/lib'
[5.011s] Level 1:colcon.colcon_core.environment:checking '/home/olympusolutions/senior_ws/install/joy_tester/bin'
[5.011s] Level 1:colcon.colcon_core.environment:checking '/home/olympusolutions/senior_ws/install/joy_tester/lib/pkgconfig/joy_tester.pc'
[5.012s] Level 1:colcon.colcon_core.environment:checking '/home/olympusolutions/senior_ws/install/joy_tester/lib/python3.12/site-packages'
[5.012s] Level 1:colcon.colcon_core.shell:create_environment_hook('joy_tester', 'pythonpath')
[5.013s] INFO:colcon.colcon_core.shell:Creating environment hook '/home/olympusolutions/senior_ws/install/joy_tester/share/joy_tester/hook/pythonpath.ps1'
[5.014s] INFO:colcon.colcon_core.shell:Creating environment descriptor '/home/olympusolutions/senior_ws/install/joy_tester/share/joy_tester/hook/pythonpath.dsv'
[5.016s] INFO:colcon.colcon_core.shell:Creating environment hook '/home/olympusolutions/senior_ws/install/joy_tester/share/joy_tester/hook/pythonpath.sh'
[5.018s] Level 1:colcon.colcon_core.environment:checking '/home/olympusolutions/senior_ws/install/joy_tester/bin'
[5.018s] Level 1:colcon.colcon_core.environment:create_environment_scripts_only(joy_tester)
[5.019s] INFO:colcon.colcon_core.shell:Creating package script '/home/olympusolutions/senior_ws/install/joy_tester/share/joy_tester/package.ps1'
[5.020s] INFO:colcon.colcon_core.shell:Creating package descriptor '/home/olympusolutions/senior_ws/install/joy_tester/share/joy_tester/package.dsv'
[5.021s] INFO:colcon.colcon_core.shell:Creating package script '/home/olympusolutions/senior_ws/install/joy_tester/share/joy_tester/package.sh'
[5.023s] INFO:colcon.colcon_core.shell:Creating package script '/home/olympusolutions/senior_ws/install/joy_tester/share/joy_tester/package.bash'
[5.024s] INFO:colcon.colcon_core.shell:Creating package script '/home/olympusolutions/senior_ws/install/joy_tester/share/joy_tester/package.zsh'
[5.026s] Level 1:colcon.colcon_core.environment:create_file_with_runtime_dependencies(/home/olympusolutions/senior_ws/install/joy_tester/share/colcon-core/packages/joy_tester)
[5.035s] Level 1:colcon.colcon_core.environment:checking '/home/olympusolutions/senior_ws/install/listener_package' for CMake module files
[5.038s] DEBUG:colcon.colcon_core.event_handler.log_command:Invoking command in '/home/olympusolutions/senior_ws/src/riley_ws/src/my_package': DEBUGINFOD_URLS=https://debuginfod.ubuntu.com PYTHONPATH=/home/olympusolutions/senior_ws/build/my_package/prefix_override:/usr/lib/python3/dist-packages/colcon_core/task/python/colcon_distutils_commands:/home/olympusolutions/senior_ws/install/my_package/lib/python3.12/site-packages:${PYTHONPATH} /usr/bin/python3 -W ignore:setup.py install is deprecated -W ignore:easy_install command is deprecated setup.py egg_info --egg-base ../../../../build/my_package build --build-base /home/olympusolutions/senior_ws/build/my_package/build install --record /home/olympusolutions/senior_ws/build/my_package/install.log --single-version-externally-managed install_data
[5.038s] Level 1:colcon.colcon_core.environment:checking '/home/olympusolutions/senior_ws/install/listener_package' for CMake config files
[5.038s] DEBUG:colcon.colcon_core.event_handler.log_command:Invoked command in '/home/olympusolutions/senior_ws/src/riley_ws/src/listener_package' returned '0': DEBUGINFOD_URLS=https://debuginfod.ubuntu.com PYTHONPATH=/home/olympusolutions/senior_ws/build/listener_package/prefix_override:/usr/lib/python3/dist-packages/colcon_core/task/python/colcon_distutils_commands:/home/olympusolutions/senior_ws/install/listener_package/lib/python3.12/site-packages:${PYTHONPATH} /usr/bin/python3 -W ignore:setup.py install is deprecated -W ignore:easy_install command is deprecated setup.py egg_info --egg-base ../../../../build/listener_package build --build-base /home/olympusolutions/senior_ws/build/listener_package/build install --record /home/olympusolutions/senior_ws/build/listener_package/install.log --single-version-externally-managed install_data
[5.040s] Level 1:colcon.colcon_core.environment:checking '/home/olympusolutions/senior_ws/install/listener_package/lib'
[5.040s] Level 1:colcon.colcon_core.environment:checking '/home/olympusolutions/senior_ws/install/listener_package/bin'
[5.040s] Level 1:colcon.colcon_core.environment:checking '/home/olympusolutions/senior_ws/install/listener_package/lib/pkgconfig/listener_package.pc'
[5.041s] Level 1:colcon.colcon_core.environment:checking '/home/olympusolutions/senior_ws/install/listener_package/lib/python3.12/site-packages'
[5.041s] Level 1:colcon.colcon_core.shell:create_environment_hook('listener_package', 'pythonpath')
[5.041s] INFO:colcon.colcon_core.shell:Creating environment hook '/home/olympusolutions/senior_ws/install/listener_package/share/listener_package/hook/pythonpath.ps1'
[5.042s] INFO:colcon.colcon_core.shell:Creating environment descriptor '/home/olympusolutions/senior_ws/install/listener_package/share/listener_package/hook/pythonpath.dsv'
[5.043s] INFO:colcon.colcon_core.shell:Creating environment hook '/home/olympusolutions/senior_ws/install/listener_package/share/listener_package/hook/pythonpath.sh'
[5.044s] Level 1:colcon.colcon_core.environment:checking '/home/olympusolutions/senior_ws/install/listener_package/bin'
[5.044s] Level 1:colcon.colcon_core.environment:create_environment_scripts_only(listener_package)
[5.045s] INFO:colcon.colcon_core.shell:Creating package script '/home/olympusolutions/senior_ws/install/listener_package/share/listener_package/package.ps1'
[5.046s] INFO:colcon.colcon_core.shell:Creating package descriptor '/home/olympusolutions/senior_ws/install/listener_package/share/listener_package/package.dsv'
[5.047s] INFO:colcon.colcon_core.shell:Creating package script '/home/olympusolutions/senior_ws/install/listener_package/share/listener_package/package.sh'
[5.048s] INFO:colcon.colcon_core.shell:Creating package script '/home/olympusolutions/senior_ws/install/listener_package/share/listener_package/package.bash'
[5.049s] INFO:colcon.colcon_core.shell:Creating package script '/home/olympusolutions/senior_ws/install/listener_package/share/listener_package/package.zsh'
[5.049s] Level 1:colcon.colcon_core.environment:create_file_with_runtime_dependencies(/home/olympusolutions/senior_ws/install/listener_package/share/colcon-core/packages/listener_package)
[5.051s] INFO:colcon.colcon_ros.task.ament_python.build:Building ROS package in '/home/olympusolutions/senior_ws/src/serial_motor_demo/serial_motor_demo' with build type 'ament_python'
[5.052s] Level 1:colcon.colcon_core.shell:create_environment_hook('serial_motor_demo', 'ament_prefix_path')
[5.052s] INFO:colcon.colcon_core.shell:Creating environment hook '/home/olympusolutions/senior_ws/install/serial_motor_demo/share/serial_motor_demo/hook/ament_prefix_path.ps1'
[5.054s] INFO:colcon.colcon_core.shell:Creating environment descriptor '/home/olympusolutions/senior_ws/install/serial_motor_demo/share/serial_motor_demo/hook/ament_prefix_path.dsv'
[5.056s] INFO:colcon.colcon_core.shell:Creating environment hook '/home/olympusolutions/senior_ws/install/serial_motor_demo/share/serial_motor_demo/hook/ament_prefix_path.sh'
[5.057s] INFO:colcon.colcon_core.shell:Skip shell extension 'powershell' for command environment: Not usable outside of PowerShell
[5.057s] DEBUG:colcon.colcon_core.shell:Skip shell extension 'dsv' for command environment
[5.507s] INFO:colcon.colcon_core.task.python.build:Building Python package in '/home/olympusolutions/senior_ws/src/serial_motor_demo/serial_motor_demo'
[5.508s] INFO:colcon.colcon_core.shell:Skip shell extension 'powershell' for command environment: Not usable outside of PowerShell
[5.508s] DEBUG:colcon.colcon_core.shell:Skip shell extension 'dsv' for command environment
[6.066s] Level 1:colcon.colcon_core.environment:checking '/home/olympusolutions/senior_ws/install/my_package' for CMake module files
[6.067s] DEBUG:colcon.colcon_core.event_handler.log_command:Invoked command in '/home/olympusolutions/senior_ws/src/riley_ws/src/my_package' returned '0': DEBUGINFOD_URLS=https://debuginfod.ubuntu.com PYTHONPATH=/home/olympusolutions/senior_ws/build/my_package/prefix_override:/usr/lib/python3/dist-packages/colcon_core/task/python/colcon_distutils_commands:/home/olympusolutions/senior_ws/install/my_package/lib/python3.12/site-packages:${PYTHONPATH} /usr/bin/python3 -W ignore:setup.py install is deprecated -W ignore:easy_install command is deprecated setup.py egg_info --egg-base ../../../../build/my_package build --build-base /home/olympusolutions/senior_ws/build/my_package/build install --record /home/olympusolutions/senior_ws/build/my_package/install.log --single-version-externally-managed install_data
[6.067s] Level 1:colcon.colcon_core.environment:checking '/home/olympusolutions/senior_ws/install/my_package' for CMake config files
[6.069s] Level 1:colcon.colcon_core.environment:checking '/home/olympusolutions/senior_ws/install/my_package/lib'
[6.069s] Level 1:colcon.colcon_core.environment:checking '/home/olympusolutions/senior_ws/install/my_package/bin'
[6.069s] Level 1:colcon.colcon_core.environment:checking '/home/olympusolutions/senior_ws/install/my_package/lib/pkgconfig/my_package.pc'
[6.070s] Level 1:colcon.colcon_core.environment:checking '/home/olympusolutions/senior_ws/install/my_package/lib/python3.12/site-packages'
[6.070s] Level 1:colcon.colcon_core.shell:create_environment_hook('my_package', 'pythonpath')
[6.070s] INFO:colcon.colcon_core.shell:Creating environment hook '/home/olympusolutions/senior_ws/install/my_package/share/my_package/hook/pythonpath.ps1'
[6.071s] INFO:colcon.colcon_core.shell:Creating environment descriptor '/home/olympusolutions/senior_ws/install/my_package/share/my_package/hook/pythonpath.dsv'
[6.073s] INFO:colcon.colcon_core.shell:Creating environment hook '/home/olympusolutions/senior_ws/install/my_package/share/my_package/hook/pythonpath.sh'
[6.074s] Level 1:colcon.colcon_core.environment:checking '/home/olympusolutions/senior_ws/install/my_package/bin'
[6.074s] Level 1:colcon.colcon_core.environment:create_environment_scripts_only(my_package)
[6.075s] INFO:colcon.colcon_core.shell:Creating package script '/home/olympusolutions/senior_ws/install/my_package/share/my_package/package.ps1'
[6.076s] INFO:colcon.colcon_core.shell:Creating package descriptor '/home/olympusolutions/senior_ws/install/my_package/share/my_package/package.dsv'
[6.077s] INFO:colcon.colcon_core.shell:Creating package script '/home/olympusolutions/senior_ws/install/my_package/share/my_package/package.sh'
[6.078s] INFO:colcon.colcon_core.shell:Creating package script '/home/olympusolutions/senior_ws/install/my_package/share/my_package/package.bash'
[6.080s] INFO:colcon.colcon_core.shell:Creating package script '/home/olympusolutions/senior_ws/install/my_package/share/my_package/package.zsh'
[6.081s] Level 1:colcon.colcon_core.environment:create_file_with_runtime_dependencies(/home/olympusolutions/senior_ws/install/my_package/share/colcon-core/packages/my_package)
[6.185s] DEBUG:colcon.colcon_core.event_handler.log_command:Invoking command in '/home/olympusolutions/senior_ws/src/twist_stamper': DEBUGINFOD_URLS=https://debuginfod.ubuntu.com PYTHONPATH=/home/olympusolutions/senior_ws/build/twist_stamper/prefix_override:/usr/lib/python3/dist-packages/colcon_core/task/python/colcon_distutils_commands:/home/olympusolutions/senior_ws/install/twist_stamper/lib/python3.12/site-packages:${PYTHONPATH} /usr/bin/python3 -W ignore:setup.py install is deprecated -W ignore:easy_install command is deprecated setup.py egg_info --egg-base ../../build/twist_stamper build --build-base /home/olympusolutions/senior_ws/build/twist_stamper/build install --record /home/olympusolutions/senior_ws/build/twist_stamper/install.log --single-version-externally-managed install_data
[6.577s] DEBUG:colcon.colcon_core.event_handler.log_command:Invoking command in '/home/olympusolutions/senior_ws/src/serial_motor_demo/serial_motor_demo': AMENT_PREFIX_PATH=/home/olympusolutions/senior_ws/install/serial_motor_demo_msgs:${AMENT_PREFIX_PATH} CMAKE_PREFIX_PATH=/home/olympusolutions/senior_ws/install/serial_motor_demo_msgs:${CMAKE_PREFIX_PATH} DEBUGINFOD_URLS=https://debuginfod.ubuntu.com LD_LIBRARY_PATH=/home/olympusolutions/senior_ws/install/serial_motor_demo_msgs/lib:${LD_LIBRARY_PATH} PYTHONPATH=/home/olympusolutions/senior_ws/build/serial_motor_demo/prefix_override:/usr/lib/python3/dist-packages/colcon_core/task/python/colcon_distutils_commands:/home/olympusolutions/senior_ws/install/serial_motor_demo/lib/python3.12/site-packages:/home/olympusolutions/senior_ws/install/serial_motor_demo_msgs/lib/python3.12/site-packages:${PYTHONPATH} /usr/bin/python3 -W ignore:setup.py install is deprecated -W ignore:easy_install command is deprecated setup.py egg_info --egg-base ../../../build/serial_motor_demo build --build-base /home/olympusolutions/senior_ws/build/serial_motor_demo/build install --record /home/olympusolutions/senior_ws/build/serial_motor_demo/install.log --install-scripts $base/lib/serial_motor_demo --single-version-externally-managed install_data
[7.084s] Level 1:colcon.colcon_core.environment:checking '/home/olympusolutions/senior_ws/install/twist_stamper' for CMake module files
[7.084s] DEBUG:colcon.colcon_core.event_handler.log_command:Invoked command in '/home/olympusolutions/senior_ws/src/twist_stamper' returned '0': DEBUGINFOD_URLS=https://debuginfod.ubuntu.com PYTHONPATH=/home/olympusolutions/senior_ws/build/twist_stamper/prefix_override:/usr/lib/python3/dist-packages/colcon_core/task/python/colcon_distutils_commands:/home/olympusolutions/senior_ws/install/twist_stamper/lib/python3.12/site-packages:${PYTHONPATH} /usr/bin/python3 -W ignore:setup.py install is deprecated -W ignore:easy_install command is deprecated setup.py egg_info --egg-base ../../build/twist_stamper build --build-base /home/olympusolutions/senior_ws/build/twist_stamper/build install --record /home/olympusolutions/senior_ws/build/twist_stamper/install.log --single-version-externally-managed install_data
[7.085s] Level 1:colcon.colcon_core.environment:checking '/home/olympusolutions/senior_ws/install/twist_stamper' for CMake config files
[7.086s] Level 1:colcon.colcon_core.environment:checking '/home/olympusolutions/senior_ws/install/twist_stamper/lib'
[7.086s] Level 1:colcon.colcon_core.environment:checking '/home/olympusolutions/senior_ws/install/twist_stamper/bin'
[7.087s] Level 1:colcon.colcon_core.environment:checking '/home/olympusolutions/senior_ws/install/twist_stamper/lib/pkgconfig/twist_stamper.pc'
[7.087s] Level 1:colcon.colcon_core.environment:checking '/home/olympusolutions/senior_ws/install/twist_stamper/lib/python3.12/site-packages'
[7.087s] Level 1:colcon.colcon_core.shell:create_environment_hook('twist_stamper', 'pythonpath')
[7.087s] INFO:colcon.colcon_core.shell:Creating environment hook '/home/olympusolutions/senior_ws/install/twist_stamper/share/twist_stamper/hook/pythonpath.ps1'
[7.088s] INFO:colcon.colcon_core.shell:Creating environment descriptor '/home/olympusolutions/senior_ws/install/twist_stamper/share/twist_stamper/hook/pythonpath.dsv'
[7.089s] INFO:colcon.colcon_core.shell:Creating environment hook '/home/olympusolutions/senior_ws/install/twist_stamper/share/twist_stamper/hook/pythonpath.sh'
[7.091s] Level 1:colcon.colcon_core.environment:checking '/home/olympusolutions/senior_ws/install/twist_stamper/bin'
[7.091s] Level 1:colcon.colcon_core.environment:create_environment_scripts_only(twist_stamper)
[7.091s] INFO:colcon.colcon_core.shell:Creating package script '/home/olympusolutions/senior_ws/install/twist_stamper/share/twist_stamper/package.ps1'
[7.093s] INFO:colcon.colcon_core.shell:Creating package descriptor '/home/olympusolutions/senior_ws/install/twist_stamper/share/twist_stamper/package.dsv'
[7.093s] INFO:colcon.colcon_core.shell:Creating package script '/home/olympusolutions/senior_ws/install/twist_stamper/share/twist_stamper/package.sh'
[7.094s] INFO:colcon.colcon_core.shell:Creating package script '/home/olympusolutions/senior_ws/install/twist_stamper/share/twist_stamper/package.bash'
[7.094s] INFO:colcon.colcon_core.shell:Creating package script '/home/olympusolutions/senior_ws/install/twist_stamper/share/twist_stamper/package.zsh'
[7.095s] Level 1:colcon.colcon_core.environment:create_file_with_runtime_dependencies(/home/olympusolutions/senior_ws/install/twist_stamper/share/colcon-core/packages/twist_stamper)
[7.477s] Level 1:colcon.colcon_core.environment:checking '/home/olympusolutions/senior_ws/install/serial_motor_demo' for CMake module files
[7.477s] DEBUG:colcon.colcon_core.event_handler.log_command:Invoked command in '/home/olympusolutions/senior_ws/src/serial_motor_demo/serial_motor_demo' returned '0': AMENT_PREFIX_PATH=/home/olympusolutions/senior_ws/install/serial_motor_demo_msgs:${AMENT_PREFIX_PATH} CMAKE_PREFIX_PATH=/home/olympusolutions/senior_ws/install/serial_motor_demo_msgs:${CMAKE_PREFIX_PATH} DEBUGINFOD_URLS=https://debuginfod.ubuntu.com LD_LIBRARY_PATH=/home/olympusolutions/senior_ws/install/serial_motor_demo_msgs/lib:${LD_LIBRARY_PATH} PYTHONPATH=/home/olympusolutions/senior_ws/build/serial_motor_demo/prefix_override:/usr/lib/python3/dist-packages/colcon_core/task/python/colcon_distutils_commands:/home/olympusolutions/senior_ws/install/serial_motor_demo/lib/python3.12/site-packages:/home/olympusolutions/senior_ws/install/serial_motor_demo_msgs/lib/python3.12/site-packages:${PYTHONPATH} /usr/bin/python3 -W ignore:setup.py install is deprecated -W ignore:easy_install command is deprecated setup.py egg_info --egg-base ../../../build/serial_motor_demo build --build-base /home/olympusolutions/senior_ws/build/serial_motor_demo/build install --record /home/olympusolutions/senior_ws/build/serial_motor_demo/install.log --install-scripts $base/lib/serial_motor_demo --single-version-externally-managed install_data
[7.478s] Level 1:colcon.colcon_core.environment:checking '/home/olympusolutions/senior_ws/install/serial_motor_demo' for CMake config files
[7.480s] Level 1:colcon.colcon_core.environment:checking '/home/olympusolutions/senior_ws/install/serial_motor_demo/lib'
[7.480s] Level 1:colcon.colcon_core.environment:checking '/home/olympusolutions/senior_ws/install/serial_motor_demo/bin'
[7.480s] Level 1:colcon.colcon_core.environment:checking '/home/olympusolutions/senior_ws/install/serial_motor_demo/lib/pkgconfig/serial_motor_demo.pc'
[7.480s] Level 1:colcon.colcon_core.environment:checking '/home/olympusolutions/senior_ws/install/serial_motor_demo/lib/python3.12/site-packages'
[7.480s] Level 1:colcon.colcon_core.shell:create_environment_hook('serial_motor_demo', 'pythonpath')
[7.481s] INFO:colcon.colcon_core.shell:Creating environment hook '/home/olympusolutions/senior_ws/install/serial_motor_demo/share/serial_motor_demo/hook/pythonpath.ps1'
[7.481s] INFO:colcon.colcon_core.shell:Creating environment descriptor '/home/olympusolutions/senior_ws/install/serial_motor_demo/share/serial_motor_demo/hook/pythonpath.dsv'
[7.482s] INFO:colcon.colcon_core.shell:Creating environment hook '/home/olympusolutions/senior_ws/install/serial_motor_demo/share/serial_motor_demo/hook/pythonpath.sh'
[7.483s] Level 1:colcon.colcon_core.environment:checking '/home/olympusolutions/senior_ws/install/serial_motor_demo/bin'
[7.483s] Level 1:colcon.colcon_core.environment:create_environment_scripts_only(serial_motor_demo)
[7.484s] INFO:colcon.colcon_core.shell:Creating package script '/home/olympusolutions/senior_ws/install/serial_motor_demo/share/serial_motor_demo/package.ps1'
[7.484s] INFO:colcon.colcon_core.shell:Creating package descriptor '/home/olympusolutions/senior_ws/install/serial_motor_demo/share/serial_motor_demo/package.dsv'
[7.485s] INFO:colcon.colcon_core.shell:Creating package script '/home/olympusolutions/senior_ws/install/serial_motor_demo/share/serial_motor_demo/package.sh'
[7.486s] INFO:colcon.colcon_core.shell:Creating package script '/home/olympusolutions/senior_ws/install/serial_motor_demo/share/serial_motor_demo/package.bash'
[7.487s] INFO:colcon.colcon_core.shell:Creating package script '/home/olympusolutions/senior_ws/install/serial_motor_demo/share/serial_motor_demo/package.zsh'
[7.488s] Level 1:colcon.colcon_core.environment:create_file_with_runtime_dependencies(/home/olympusolutions/senior_ws/install/serial_motor_demo/share/colcon-core/packages/serial_motor_demo)
[7.490s] DEBUG:colcon.colcon_parallel_executor.executor.parallel:closing loop
[7.490s] DEBUG:colcon.colcon_parallel_executor.executor.parallel:loop closed
[7.490s] DEBUG:colcon.colcon_parallel_executor.executor.parallel:run_until_complete finished with '0'
[7.490s] DEBUG:colcon.colcon_core.event_reactor:joining thread
[7.511s] INFO:colcon.colcon_core.plugin_system:Skipping extension 'colcon_notification.desktop_notification.terminal_notifier': Not used on non-Darwin systems
[7.511s] INFO:colcon.colcon_core.plugin_system:Skipping extension 'colcon_notification.desktop_notification.win32': Not used on non-Windows systems
[7.511s] INFO:colcon.colcon_notification.desktop_notification:Sending desktop notification using 'notify2'
[7.556s] DEBUG:colcon.colcon_core.event_reactor:joined thread
[7.556s] INFO:colcon.colcon_core.shell:Creating prefix script '/home/olympusolutions/senior_ws/install/local_setup.ps1'
[7.558s] INFO:colcon.colcon_core.shell:Creating prefix util module '/home/olympusolutions/senior_ws/install/_local_setup_util_ps1.py'
[7.564s] INFO:colcon.colcon_core.shell:Creating prefix chain script '/home/olympusolutions/senior_ws/install/setup.ps1'
[7.567s] INFO:colcon.colcon_core.shell:Creating prefix script '/home/olympusolutions/senior_ws/install/local_setup.sh'
[7.570s] INFO:colcon.colcon_core.shell:Creating prefix util module '/home/olympusolutions/senior_ws/install/_local_setup_util_sh.py'
[7.572s] INFO:colcon.colcon_core.shell:Creating prefix chain script '/home/olympusolutions/senior_ws/install/setup.sh'
[7.579s] INFO:colcon.colcon_core.shell:Creating prefix script '/home/olympusolutions/senior_ws/install/local_setup.bash'
[7.581s] INFO:colcon.colcon_core.shell:Creating prefix chain script '/home/olympusolutions/senior_ws/install/setup.bash'
[7.584s] INFO:colcon.colcon_core.shell:Creating prefix script '/home/olympusolutions/senior_ws/install/local_setup.zsh'
[7.586s] INFO:colcon.colcon_core.shell:Creating prefix chain script '/home/olympusolutions/senior_ws/install/setup.zsh'
