[0.157s] DEBUG:colcon:Command line arguments: ['/usr/bin/colcon', 'build']
[0.157s] DEBUG:colcon:Parsed command line arguments: Namespace(log_base=None, log_level=None, verb_name='build', build_base='build', install_base='install', merge_install=False, symlink_install=False, test_result_base=None, continue_on_error=False, executor='parallel', parallel_workers=4, event_handlers=None, ignore_user_meta=False, metas=['./colcon.meta'], base_paths=['.'], packages_ignore=None, packages_ignore_regex=None, paths=None, packages_up_to=None, packages_up_to_regex=None, packages_above=None, packages_above_and_dependencies=None, packages_above_depth=None, packages_select_by_dep=None, packages_skip_by_dep=None, packages_skip_up_to=None, packages_select_build_failed=False, packages_skip_build_finished=False, packages_select_test_failures=False, packages_skip_test_passed=False, packages_select=None, packages_skip=None, packages_select_regex=None, packages_skip_regex=None, packages_start=None, packages_end=None, allow_overriding=[], cmake_args=None, cmake_target=None, cmake_target_skip_unavailable=False, cmake_clean_cache=False, cmake_clean_first=False, cmake_force_configure=False, ament_cmake_args=None, catkin_cmake_args=None, catkin_skip_building_tests=False, mixin_files=None, mixin=None, verb_parser=<colcon_mixin.mixin.mixin_argument.MixinArgumentDecorator object at 0xffff99df15e0>, verb_extension=<colcon_core.verb.build.BuildVerb object at 0xffff99fa1190>, main=<bound method BuildVerb.main of <colcon_core.verb.build.BuildVerb object at 0xffff99fa1190>>, mixin_verb=('build',))
[0.216s] Level 1:colcon.colcon_core.package_discovery:discover_packages(colcon_meta) check parameters
[0.216s] Level 1:colcon.colcon_core.package_discovery:discover_packages(recursive) check parameters
[0.216s] Level 1:colcon.colcon_core.package_discovery:discover_packages(ignore) check parameters
[0.216s] Level 1:colcon.colcon_core.package_discovery:discover_packages(path) check parameters
[0.216s] Level 1:colcon.colcon_core.package_discovery:discover_packages(colcon_meta) discover
[0.216s] Level 1:colcon.colcon_core.package_discovery:discover_packages(recursive) discover
[0.216s] INFO:colcon.colcon_core.package_discovery:Crawling recursively for packages in '/home/olympusolutions/senior_ws'
[0.216s] Level 1:colcon.colcon_core.package_identification:_identify(.) by extensions ['ignore', 'ignore_ament_install']
[0.216s] Level 1:colcon.colcon_core.package_identification:_identify(.) by extension 'ignore'
[0.216s] Level 1:colcon.colcon_core.package_identification:_identify(.) by extension 'ignore_ament_install'
[0.217s] Level 1:colcon.colcon_core.package_identification:_identify(.) by extensions ['colcon_pkg']
[0.217s] Level 1:colcon.colcon_core.package_identification:_identify(.) by extension 'colcon_pkg'
[0.217s] Level 1:colcon.colcon_core.package_identification:_identify(.) by extensions ['colcon_meta']
[0.217s] Level 1:colcon.colcon_core.package_identification:_identify(.) by extension 'colcon_meta'
[0.217s] Level 1:colcon.colcon_core.package_identification:_identify(.) by extensions ['ros']
[0.217s] Level 1:colcon.colcon_core.package_identification:_identify(.) by extension 'ros'
[0.258s] Level 1:colcon.colcon_core.package_identification:_identify(.) by extensions ['cmake', 'python']
[0.258s] Level 1:colcon.colcon_core.package_identification:_identify(.) by extension 'cmake'
[0.258s] Level 1:colcon.colcon_core.package_identification:_identify(.) by extension 'python'
[0.258s] Level 1:colcon.colcon_core.package_identification:_identify(.) by extensions ['python_setup_py']
[0.258s] Level 1:colcon.colcon_core.package_identification:_identify(.) by extension 'python_setup_py'
[0.259s] Level 1:colcon.colcon_core.package_identification:_identify(build) by extensions ['ignore', 'ignore_ament_install']
[0.259s] Level 1:colcon.colcon_core.package_identification:_identify(build) by extension 'ignore'
[0.259s] Level 1:colcon.colcon_core.package_identification:_identify(build) ignored
[0.259s] Level 1:colcon.colcon_core.package_identification:_identify(install) by extensions ['ignore', 'ignore_ament_install']
[0.259s] Level 1:colcon.colcon_core.package_identification:_identify(install) by extension 'ignore'
[0.259s] Level 1:colcon.colcon_core.package_identification:_identify(install) ignored
[0.259s] Level 1:colcon.colcon_core.package_identification:_identify(log) by extensions ['ignore', 'ignore_ament_install']
[0.259s] Level 1:colcon.colcon_core.package_identification:_identify(log) by extension 'ignore'
[0.259s] Level 1:colcon.colcon_core.package_identification:_identify(log) ignored
[0.260s] Level 1:colcon.colcon_core.package_identification:_identify(src) by extensions ['ignore', 'ignore_ament_install']
[0.260s] Level 1:colcon.colcon_core.package_identification:_identify(src) by extension 'ignore'
[0.260s] Level 1:colcon.colcon_core.package_identification:_identify(src) by extension 'ignore_ament_install'
[0.260s] Level 1:colcon.colcon_core.package_identification:_identify(src) by extensions ['colcon_pkg']
[0.260s] Level 1:colcon.colcon_core.package_identification:_identify(src) by extension 'colcon_pkg'
[0.260s] Level 1:colcon.colcon_core.package_identification:_identify(src) by extensions ['colcon_meta']
[0.260s] Level 1:colcon.colcon_core.package_identification:_identify(src) by extension 'colcon_meta'
[0.260s] Level 1:colcon.colcon_core.package_identification:_identify(src) by extensions ['ros']
[0.260s] Level 1:colcon.colcon_core.package_identification:_identify(src) by extension 'ros'
[0.260s] Level 1:colcon.colcon_core.package_identification:_identify(src) by extensions ['cmake', 'python']
[0.260s] Level 1:colcon.colcon_core.package_identification:_identify(src) by extension 'cmake'
[0.260s] Level 1:colcon.colcon_core.package_identification:_identify(src) by extension 'python'
[0.260s] Level 1:colcon.colcon_core.package_identification:_identify(src) by extensions ['python_setup_py']
[0.260s] Level 1:colcon.colcon_core.package_identification:_identify(src) by extension 'python_setup_py'
[0.260s] Level 1:colcon.colcon_core.package_identification:_identify(src/diffdrive_arduino) by extensions ['ignore', 'ignore_ament_install']
[0.260s] Level 1:colcon.colcon_core.package_identification:_identify(src/diffdrive_arduino) by extension 'ignore'
[0.260s] Level 1:colcon.colcon_core.package_identification:_identify(src/diffdrive_arduino) by extension 'ignore_ament_install'
[0.260s] Level 1:colcon.colcon_core.package_identification:_identify(src/diffdrive_arduino) by extensions ['colcon_pkg']
[0.261s] Level 1:colcon.colcon_core.package_identification:_identify(src/diffdrive_arduino) by extension 'colcon_pkg'
[0.261s] Level 1:colcon.colcon_core.package_identification:_identify(src/diffdrive_arduino) by extensions ['colcon_meta']
[0.261s] Level 1:colcon.colcon_core.package_identification:_identify(src/diffdrive_arduino) by extension 'colcon_meta'
[0.261s] Level 1:colcon.colcon_core.package_identification:_identify(src/diffdrive_arduino) by extensions ['ros']
[0.261s] Level 1:colcon.colcon_core.package_identification:_identify(src/diffdrive_arduino) by extension 'ros'
[0.264s] DEBUG:colcon.colcon_core.package_identification:Package 'src/diffdrive_arduino' with type 'ros.ament_cmake' and name 'diffdrive_arduino'
[0.265s] Level 1:colcon.colcon_core.package_identification:_identify(src/extender_arduino) by extensions ['ignore', 'ignore_ament_install']
[0.265s] Level 1:colcon.colcon_core.package_identification:_identify(src/extender_arduino) by extension 'ignore'
[0.265s] Level 1:colcon.colcon_core.package_identification:_identify(src/extender_arduino) by extension 'ignore_ament_install'
[0.265s] Level 1:colcon.colcon_core.package_identification:_identify(src/extender_arduino) by extensions ['colcon_pkg']
[0.265s] Level 1:colcon.colcon_core.package_identification:_identify(src/extender_arduino) by extension 'colcon_pkg'
[0.265s] Level 1:colcon.colcon_core.package_identification:_identify(src/extender_arduino) by extensions ['colcon_meta']
[0.265s] Level 1:colcon.colcon_core.package_identification:_identify(src/extender_arduino) by extension 'colcon_meta'
[0.265s] Level 1:colcon.colcon_core.package_identification:_identify(src/extender_arduino) by extensions ['ros']
[0.265s] Level 1:colcon.colcon_core.package_identification:_identify(src/extender_arduino) by extension 'ros'
[0.266s] DEBUG:colcon.colcon_core.package_identification:Package 'src/extender_arduino' with type 'ros.ament_cmake' and name 'extender_arduino'
[0.266s] Level 1:colcon.colcon_core.package_identification:_identify(src/joy_tester) by extensions ['ignore', 'ignore_ament_install']
[0.266s] Level 1:colcon.colcon_core.package_identification:_identify(src/joy_tester) by extension 'ignore'
[0.267s] Level 1:colcon.colcon_core.package_identification:_identify(src/joy_tester) by extension 'ignore_ament_install'
[0.267s] Level 1:colcon.colcon_core.package_identification:_identify(src/joy_tester) by extensions ['colcon_pkg']
[0.267s] Level 1:colcon.colcon_core.package_identification:_identify(src/joy_tester) by extension 'colcon_pkg'
[0.267s] Level 1:colcon.colcon_core.package_identification:_identify(src/joy_tester) by extensions ['colcon_meta']
[0.267s] Level 1:colcon.colcon_core.package_identification:_identify(src/joy_tester) by extension 'colcon_meta'
[0.267s] Level 1:colcon.colcon_core.package_identification:_identify(src/joy_tester) by extensions ['ros']
[0.267s] Level 1:colcon.colcon_core.package_identification:_identify(src/joy_tester) by extension 'ros'
[0.268s] DEBUG:colcon.colcon_core.package_identification:Package 'src/joy_tester' with type 'ros.ament_python' and name 'joy_tester'
[0.268s] Level 1:colcon.colcon_core.package_identification:_identify(src/minibot) by extensions ['ignore', 'ignore_ament_install']
[0.268s] Level 1:colcon.colcon_core.package_identification:_identify(src/minibot) by extension 'ignore'
[0.268s] Level 1:colcon.colcon_core.package_identification:_identify(src/minibot) by extension 'ignore_ament_install'
[0.268s] Level 1:colcon.colcon_core.package_identification:_identify(src/minibot) by extensions ['colcon_pkg']
[0.268s] Level 1:colcon.colcon_core.package_identification:_identify(src/minibot) by extension 'colcon_pkg'
[0.268s] Level 1:colcon.colcon_core.package_identification:_identify(src/minibot) by extensions ['colcon_meta']
[0.268s] Level 1:colcon.colcon_core.package_identification:_identify(src/minibot) by extension 'colcon_meta'
[0.268s] Level 1:colcon.colcon_core.package_identification:_identify(src/minibot) by extensions ['ros']
[0.268s] Level 1:colcon.colcon_core.package_identification:_identify(src/minibot) by extension 'ros'
[0.269s] DEBUG:colcon.colcon_core.package_identification:Package 'src/minibot' with type 'ros.ament_cmake' and name 'minibot'
[0.269s] Level 1:colcon.colcon_core.package_identification:_identify(src/riley_ws) by extensions ['ignore', 'ignore_ament_install']
[0.269s] Level 1:colcon.colcon_core.package_identification:_identify(src/riley_ws) by extension 'ignore'
[0.269s] Level 1:colcon.colcon_core.package_identification:_identify(src/riley_ws) by extension 'ignore_ament_install'
[0.269s] Level 1:colcon.colcon_core.package_identification:_identify(src/riley_ws) by extensions ['colcon_pkg']
[0.269s] Level 1:colcon.colcon_core.package_identification:_identify(src/riley_ws) by extension 'colcon_pkg'
[0.269s] Level 1:colcon.colcon_core.package_identification:_identify(src/riley_ws) by extensions ['colcon_meta']
[0.269s] Level 1:colcon.colcon_core.package_identification:_identify(src/riley_ws) by extension 'colcon_meta'
[0.269s] Level 1:colcon.colcon_core.package_identification:_identify(src/riley_ws) by extensions ['ros']
[0.269s] Level 1:colcon.colcon_core.package_identification:_identify(src/riley_ws) by extension 'ros'
[0.269s] Level 1:colcon.colcon_core.package_identification:_identify(src/riley_ws) by extensions ['cmake', 'python']
[0.269s] Level 1:colcon.colcon_core.package_identification:_identify(src/riley_ws) by extension 'cmake'
[0.269s] Level 1:colcon.colcon_core.package_identification:_identify(src/riley_ws) by extension 'python'
[0.269s] Level 1:colcon.colcon_core.package_identification:_identify(src/riley_ws) by extensions ['python_setup_py']
[0.269s] Level 1:colcon.colcon_core.package_identification:_identify(src/riley_ws) by extension 'python_setup_py'
[0.270s] Level 1:colcon.colcon_core.package_identification:_identify(src/riley_ws/build) by extensions ['ignore', 'ignore_ament_install']
[0.270s] Level 1:colcon.colcon_core.package_identification:_identify(src/riley_ws/build) by extension 'ignore'
[0.270s] Level 1:colcon.colcon_core.package_identification:_identify(src/riley_ws/build) ignored
[0.270s] Level 1:colcon.colcon_core.package_identification:_identify(src/riley_ws/install) by extensions ['ignore', 'ignore_ament_install']
[0.270s] Level 1:colcon.colcon_core.package_identification:_identify(src/riley_ws/install) by extension 'ignore'
[0.270s] Level 1:colcon.colcon_core.package_identification:_identify(src/riley_ws/install) ignored
[0.270s] Level 1:colcon.colcon_core.package_identification:_identify(src/riley_ws/log) by extensions ['ignore', 'ignore_ament_install']
[0.270s] Level 1:colcon.colcon_core.package_identification:_identify(src/riley_ws/log) by extension 'ignore'
[0.270s] Level 1:colcon.colcon_core.package_identification:_identify(src/riley_ws/log) ignored
[0.270s] Level 1:colcon.colcon_core.package_identification:_identify(src/riley_ws/src) by extensions ['ignore', 'ignore_ament_install']
[0.270s] Level 1:colcon.colcon_core.package_identification:_identify(src/riley_ws/src) by extension 'ignore'
[0.270s] Level 1:colcon.colcon_core.package_identification:_identify(src/riley_ws/src) by extension 'ignore_ament_install'
[0.271s] Level 1:colcon.colcon_core.package_identification:_identify(src/riley_ws/src) by extensions ['colcon_pkg']
[0.271s] Level 1:colcon.colcon_core.package_identification:_identify(src/riley_ws/src) by extension 'colcon_pkg'
[0.271s] Level 1:colcon.colcon_core.package_identification:_identify(src/riley_ws/src) by extensions ['colcon_meta']
[0.271s] Level 1:colcon.colcon_core.package_identification:_identify(src/riley_ws/src) by extension 'colcon_meta'
[0.271s] Level 1:colcon.colcon_core.package_identification:_identify(src/riley_ws/src) by extensions ['ros']
[0.271s] Level 1:colcon.colcon_core.package_identification:_identify(src/riley_ws/src) by extension 'ros'
[0.271s] Level 1:colcon.colcon_core.package_identification:_identify(src/riley_ws/src) by extensions ['cmake', 'python']
[0.271s] Level 1:colcon.colcon_core.package_identification:_identify(src/riley_ws/src) by extension 'cmake'
[0.271s] Level 1:colcon.colcon_core.package_identification:_identify(src/riley_ws/src) by extension 'python'
[0.271s] Level 1:colcon.colcon_core.package_identification:_identify(src/riley_ws/src) by extensions ['python_setup_py']
[0.271s] Level 1:colcon.colcon_core.package_identification:_identify(src/riley_ws/src) by extension 'python_setup_py'
[0.271s] Level 1:colcon.colcon_core.package_identification:_identify(src/riley_ws/src/listener_package) by extensions ['ignore', 'ignore_ament_install']
[0.271s] Level 1:colcon.colcon_core.package_identification:_identify(src/riley_ws/src/listener_package) by extension 'ignore'
[0.271s] Level 1:colcon.colcon_core.package_identification:_identify(src/riley_ws/src/listener_package) by extension 'ignore_ament_install'
[0.271s] Level 1:colcon.colcon_core.package_identification:_identify(src/riley_ws/src/listener_package) by extensions ['colcon_pkg']
[0.271s] Level 1:colcon.colcon_core.package_identification:_identify(src/riley_ws/src/listener_package) by extension 'colcon_pkg'
[0.271s] Level 1:colcon.colcon_core.package_identification:_identify(src/riley_ws/src/listener_package) by extensions ['colcon_meta']
[0.271s] Level 1:colcon.colcon_core.package_identification:_identify(src/riley_ws/src/listener_package) by extension 'colcon_meta'
[0.271s] Level 1:colcon.colcon_core.package_identification:_identify(src/riley_ws/src/listener_package) by extensions ['ros']
[0.271s] Level 1:colcon.colcon_core.package_identification:_identify(src/riley_ws/src/listener_package) by extension 'ros'
[0.272s] DEBUG:colcon.colcon_core.package_identification:Package 'src/riley_ws/src/listener_package' with type 'ros.ament_python' and name 'listener_package'
[0.272s] Level 1:colcon.colcon_core.package_identification:_identify(src/riley_ws/src/my_package) by extensions ['ignore', 'ignore_ament_install']
[0.272s] Level 1:colcon.colcon_core.package_identification:_identify(src/riley_ws/src/my_package) by extension 'ignore'
[0.272s] Level 1:colcon.colcon_core.package_identification:_identify(src/riley_ws/src/my_package) by extension 'ignore_ament_install'
[0.272s] Level 1:colcon.colcon_core.package_identification:_identify(src/riley_ws/src/my_package) by extensions ['colcon_pkg']
[0.272s] Level 1:colcon.colcon_core.package_identification:_identify(src/riley_ws/src/my_package) by extension 'colcon_pkg'
[0.272s] Level 1:colcon.colcon_core.package_identification:_identify(src/riley_ws/src/my_package) by extensions ['colcon_meta']
[0.272s] Level 1:colcon.colcon_core.package_identification:_identify(src/riley_ws/src/my_package) by extension 'colcon_meta'
[0.272s] Level 1:colcon.colcon_core.package_identification:_identify(src/riley_ws/src/my_package) by extensions ['ros']
[0.273s] Level 1:colcon.colcon_core.package_identification:_identify(src/riley_ws/src/my_package) by extension 'ros'
[0.273s] DEBUG:colcon.colcon_core.package_identification:Package 'src/riley_ws/src/my_package' with type 'ros.ament_python' and name 'my_package'
[0.273s] Level 1:colcon.colcon_core.package_identification:_identify(src/serial) by extensions ['ignore', 'ignore_ament_install']
[0.273s] Level 1:colcon.colcon_core.package_identification:_identify(src/serial) by extension 'ignore'
[0.273s] Level 1:colcon.colcon_core.package_identification:_identify(src/serial) by extension 'ignore_ament_install'
[0.273s] Level 1:colcon.colcon_core.package_identification:_identify(src/serial) by extensions ['colcon_pkg']
[0.273s] Level 1:colcon.colcon_core.package_identification:_identify(src/serial) by extension 'colcon_pkg'
[0.273s] Level 1:colcon.colcon_core.package_identification:_identify(src/serial) by extensions ['colcon_meta']
[0.273s] Level 1:colcon.colcon_core.package_identification:_identify(src/serial) by extension 'colcon_meta'
[0.273s] Level 1:colcon.colcon_core.package_identification:_identify(src/serial) by extensions ['ros']
[0.273s] Level 1:colcon.colcon_core.package_identification:_identify(src/serial) by extension 'ros'
[0.274s] DEBUG:colcon.colcon_core.package_identification:Package 'src/serial' with type 'ros.ament_cmake' and name 'serial'
[0.274s] Level 1:colcon.colcon_core.package_identification:_identify(src/serial_motor_demo) by extensions ['ignore', 'ignore_ament_install']
[0.274s] Level 1:colcon.colcon_core.package_identification:_identify(src/serial_motor_demo) by extension 'ignore'
[0.274s] Level 1:colcon.colcon_core.package_identification:_identify(src/serial_motor_demo) by extension 'ignore_ament_install'
[0.274s] Level 1:colcon.colcon_core.package_identification:_identify(src/serial_motor_demo) by extensions ['colcon_pkg']
[0.274s] Level 1:colcon.colcon_core.package_identification:_identify(src/serial_motor_demo) by extension 'colcon_pkg'
[0.274s] Level 1:colcon.colcon_core.package_identification:_identify(src/serial_motor_demo) by extensions ['colcon_meta']
[0.274s] Level 1:colcon.colcon_core.package_identification:_identify(src/serial_motor_demo) by extension 'colcon_meta'
[0.274s] Level 1:colcon.colcon_core.package_identification:_identify(src/serial_motor_demo) by extensions ['ros']
[0.275s] Level 1:colcon.colcon_core.package_identification:_identify(src/serial_motor_demo) by extension 'ros'
[0.275s] Level 1:colcon.colcon_core.package_identification:_identify(src/serial_motor_demo) by extensions ['cmake', 'python']
[0.275s] Level 1:colcon.colcon_core.package_identification:_identify(src/serial_motor_demo) by extension 'cmake'
[0.275s] Level 1:colcon.colcon_core.package_identification:_identify(src/serial_motor_demo) by extension 'python'
[0.275s] Level 1:colcon.colcon_core.package_identification:_identify(src/serial_motor_demo) by extensions ['python_setup_py']
[0.275s] Level 1:colcon.colcon_core.package_identification:_identify(src/serial_motor_demo) by extension 'python_setup_py'
[0.275s] Level 1:colcon.colcon_core.package_identification:_identify(src/serial_motor_demo/serial_motor_demo) by extensions ['ignore', 'ignore_ament_install']
[0.275s] Level 1:colcon.colcon_core.package_identification:_identify(src/serial_motor_demo/serial_motor_demo) by extension 'ignore'
[0.275s] Level 1:colcon.colcon_core.package_identification:_identify(src/serial_motor_demo/serial_motor_demo) by extension 'ignore_ament_install'
[0.275s] Level 1:colcon.colcon_core.package_identification:_identify(src/serial_motor_demo/serial_motor_demo) by extensions ['colcon_pkg']
[0.275s] Level 1:colcon.colcon_core.package_identification:_identify(src/serial_motor_demo/serial_motor_demo) by extension 'colcon_pkg'
[0.275s] Level 1:colcon.colcon_core.package_identification:_identify(src/serial_motor_demo/serial_motor_demo) by extensions ['colcon_meta']
[0.275s] Level 1:colcon.colcon_core.package_identification:_identify(src/serial_motor_demo/serial_motor_demo) by extension 'colcon_meta'
[0.275s] Level 1:colcon.colcon_core.package_identification:_identify(src/serial_motor_demo/serial_motor_demo) by extensions ['ros']
[0.275s] Level 1:colcon.colcon_core.package_identification:_identify(src/serial_motor_demo/serial_motor_demo) by extension 'ros'
[0.276s] DEBUG:colcon.colcon_core.package_identification:Package 'src/serial_motor_demo/serial_motor_demo' with type 'ros.ament_python' and name 'serial_motor_demo'
[0.276s] Level 1:colcon.colcon_core.package_identification:_identify(src/serial_motor_demo/serial_motor_demo_msgs) by extensions ['ignore', 'ignore_ament_install']
[0.276s] Level 1:colcon.colcon_core.package_identification:_identify(src/serial_motor_demo/serial_motor_demo_msgs) by extension 'ignore'
[0.276s] Level 1:colcon.colcon_core.package_identification:_identify(src/serial_motor_demo/serial_motor_demo_msgs) by extension 'ignore_ament_install'
[0.276s] Level 1:colcon.colcon_core.package_identification:_identify(src/serial_motor_demo/serial_motor_demo_msgs) by extensions ['colcon_pkg']
[0.276s] Level 1:colcon.colcon_core.package_identification:_identify(src/serial_motor_demo/serial_motor_demo_msgs) by extension 'colcon_pkg'
[0.276s] Level 1:colcon.colcon_core.package_identification:_identify(src/serial_motor_demo/serial_motor_demo_msgs) by extensions ['colcon_meta']
[0.276s] Level 1:colcon.colcon_core.package_identification:_identify(src/serial_motor_demo/serial_motor_demo_msgs) by extension 'colcon_meta'
[0.276s] Level 1:colcon.colcon_core.package_identification:_identify(src/serial_motor_demo/serial_motor_demo_msgs) by extensions ['ros']
[0.276s] Level 1:colcon.colcon_core.package_identification:_identify(src/serial_motor_demo/serial_motor_demo_msgs) by extension 'ros'
[0.277s] DEBUG:colcon.colcon_core.package_identification:Package 'src/serial_motor_demo/serial_motor_demo_msgs' with type 'ros.ament_cmake' and name 'serial_motor_demo_msgs'
[0.277s] Level 1:colcon.colcon_core.package_identification:_identify(src/sllidar_ros2) by extensions ['ignore', 'ignore_ament_install']
[0.277s] Level 1:colcon.colcon_core.package_identification:_identify(src/sllidar_ros2) by extension 'ignore'
[0.277s] Level 1:colcon.colcon_core.package_identification:_identify(src/sllidar_ros2) by extension 'ignore_ament_install'
[0.277s] Level 1:colcon.colcon_core.package_identification:_identify(src/sllidar_ros2) by extensions ['colcon_pkg']
[0.277s] Level 1:colcon.colcon_core.package_identification:_identify(src/sllidar_ros2) by extension 'colcon_pkg'
[0.277s] Level 1:colcon.colcon_core.package_identification:_identify(src/sllidar_ros2) by extensions ['colcon_meta']
[0.277s] Level 1:colcon.colcon_core.package_identification:_identify(src/sllidar_ros2) by extension 'colcon_meta'
[0.277s] Level 1:colcon.colcon_core.package_identification:_identify(src/sllidar_ros2) by extensions ['ros']
[0.277s] Level 1:colcon.colcon_core.package_identification:_identify(src/sllidar_ros2) by extension 'ros'
[0.278s] DEBUG:colcon.colcon_core.package_identification:Package 'src/sllidar_ros2' with type 'ros.ament_cmake' and name 'sllidar_ros2'
[0.278s] Level 1:colcon.colcon_core.package_identification:_identify(src/twist_stamper) by extensions ['ignore', 'ignore_ament_install']
[0.278s] Level 1:colcon.colcon_core.package_identification:_identify(src/twist_stamper) by extension 'ignore'
[0.278s] Level 1:colcon.colcon_core.package_identification:_identify(src/twist_stamper) by extension 'ignore_ament_install'
[0.278s] Level 1:colcon.colcon_core.package_identification:_identify(src/twist_stamper) by extensions ['colcon_pkg']
[0.278s] Level 1:colcon.colcon_core.package_identification:_identify(src/twist_stamper) by extension 'colcon_pkg'
[0.279s] Level 1:colcon.colcon_core.package_identification:_identify(src/twist_stamper) by extensions ['colcon_meta']
[0.279s] Level 1:colcon.colcon_core.package_identification:_identify(src/twist_stamper) by extension 'colcon_meta'
[0.279s] Level 1:colcon.colcon_core.package_identification:_identify(src/twist_stamper) by extensions ['ros']
[0.279s] Level 1:colcon.colcon_core.package_identification:_identify(src/twist_stamper) by extension 'ros'
[0.279s] DEBUG:colcon.colcon_core.package_identification:Package 'src/twist_stamper' with type 'ros.ament_python' and name 'twist_stamper'
[0.279s] Level 1:colcon.colcon_core.package_discovery:discover_packages(recursive) using defaults
[0.279s] Level 1:colcon.colcon_core.package_discovery:discover_packages(ignore) discover
[0.279s] Level 1:colcon.colcon_core.package_discovery:discover_packages(ignore) using defaults
[0.279s] Level 1:colcon.colcon_core.package_discovery:discover_packages(path) discover
[0.279s] Level 1:colcon.colcon_core.package_discovery:discover_packages(path) using defaults
[0.306s] Level 1:colcon.colcon_core.package_discovery:discover_packages(prefix_path) check parameters
[0.306s] Level 1:colcon.colcon_core.package_discovery:discover_packages(prefix_path) discover
[0.309s] DEBUG:colcon.colcon_installed_package_information.package_discovery:Found 11 installed packages in /home/olympusolutions/senior_ws/install
[0.312s] DEBUG:colcon.colcon_installed_package_information.package_discovery:Found 424 installed packages in /opt/ros/jazzy
[0.315s] Level 1:colcon.colcon_core.package_discovery:discover_packages(prefix_path) using defaults
[0.397s] Level 5:colcon.colcon_core.verb:set package 'diffdrive_arduino' build argument 'cmake_args' from command line to 'None'
[0.398s] Level 5:colcon.colcon_core.verb:set package 'diffdrive_arduino' build argument 'cmake_target' from command line to 'None'
[0.398s] Level 5:colcon.colcon_core.verb:set package 'diffdrive_arduino' build argument 'cmake_target_skip_unavailable' from command line to 'False'
[0.398s] Level 5:colcon.colcon_core.verb:set package 'diffdrive_arduino' build argument 'cmake_clean_cache' from command line to 'False'
[0.398s] Level 5:colcon.colcon_core.verb:set package 'diffdrive_arduino' build argument 'cmake_clean_first' from command line to 'False'
[0.398s] Level 5:colcon.colcon_core.verb:set package 'diffdrive_arduino' build argument 'cmake_force_configure' from command line to 'False'
[0.398s] Level 5:colcon.colcon_core.verb:set package 'diffdrive_arduino' build argument 'ament_cmake_args' from command line to 'None'
[0.398s] Level 5:colcon.colcon_core.verb:set package 'diffdrive_arduino' build argument 'catkin_cmake_args' from command line to 'None'
[0.398s] Level 5:colcon.colcon_core.verb:set package 'diffdrive_arduino' build argument 'catkin_skip_building_tests' from command line to 'False'
[0.398s] DEBUG:colcon.colcon_core.verb:Building package 'diffdrive_arduino' with the following arguments: {'ament_cmake_args': None, 'build_base': '/home/olympusolutions/senior_ws/build/diffdrive_arduino', 'catkin_cmake_args': None, 'catkin_skip_building_tests': False, 'cmake_args': None, 'cmake_clean_cache': False, 'cmake_clean_first': False, 'cmake_force_configure': False, 'cmake_target': None, 'cmake_target_skip_unavailable': False, 'install_base': '/home/olympusolutions/senior_ws/install/diffdrive_arduino', 'merge_install': False, 'path': '/home/olympusolutions/senior_ws/src/diffdrive_arduino', 'symlink_install': False, 'test_result_base': None}
[0.398s] Level 5:colcon.colcon_core.verb:set package 'extender_arduino' build argument 'cmake_args' from command line to 'None'
[0.398s] Level 5:colcon.colcon_core.verb:set package 'extender_arduino' build argument 'cmake_target' from command line to 'None'
[0.398s] Level 5:colcon.colcon_core.verb:set package 'extender_arduino' build argument 'cmake_target_skip_unavailable' from command line to 'False'
[0.398s] Level 5:colcon.colcon_core.verb:set package 'extender_arduino' build argument 'cmake_clean_cache' from command line to 'False'
[0.398s] Level 5:colcon.colcon_core.verb:set package 'extender_arduino' build argument 'cmake_clean_first' from command line to 'False'
[0.398s] Level 5:colcon.colcon_core.verb:set package 'extender_arduino' build argument 'cmake_force_configure' from command line to 'False'
[0.398s] Level 5:colcon.colcon_core.verb:set package 'extender_arduino' build argument 'ament_cmake_args' from command line to 'None'
[0.398s] Level 5:colcon.colcon_core.verb:set package 'extender_arduino' build argument 'catkin_cmake_args' from command line to 'None'
[0.399s] Level 5:colcon.colcon_core.verb:set package 'extender_arduino' build argument 'catkin_skip_building_tests' from command line to 'False'
[0.399s] DEBUG:colcon.colcon_core.verb:Building package 'extender_arduino' with the following arguments: {'ament_cmake_args': None, 'build_base': '/home/olympusolutions/senior_ws/build/extender_arduino', 'catkin_cmake_args': None, 'catkin_skip_building_tests': False, 'cmake_args': None, 'cmake_clean_cache': False, 'cmake_clean_first': False, 'cmake_force_configure': False, 'cmake_target': None, 'cmake_target_skip_unavailable': False, 'install_base': '/home/olympusolutions/senior_ws/install/extender_arduino', 'merge_install': False, 'path': '/home/olympusolutions/senior_ws/src/extender_arduino', 'symlink_install': False, 'test_result_base': None}
[0.399s] Level 5:colcon.colcon_core.verb:set package 'joy_tester' build argument 'cmake_args' from command line to 'None'
[0.399s] Level 5:colcon.colcon_core.verb:set package 'joy_tester' build argument 'cmake_target' from command line to 'None'
[0.399s] Level 5:colcon.colcon_core.verb:set package 'joy_tester' build argument 'cmake_target_skip_unavailable' from command line to 'False'
[0.399s] Level 5:colcon.colcon_core.verb:set package 'joy_tester' build argument 'cmake_clean_cache' from command line to 'False'
[0.399s] Level 5:colcon.colcon_core.verb:set package 'joy_tester' build argument 'cmake_clean_first' from command line to 'False'
[0.399s] Level 5:colcon.colcon_core.verb:set package 'joy_tester' build argument 'cmake_force_configure' from command line to 'False'
[0.399s] Level 5:colcon.colcon_core.verb:set package 'joy_tester' build argument 'ament_cmake_args' from command line to 'None'
[0.399s] Level 5:colcon.colcon_core.verb:set package 'joy_tester' build argument 'catkin_cmake_args' from command line to 'None'
[0.399s] Level 5:colcon.colcon_core.verb:set package 'joy_tester' build argument 'catkin_skip_building_tests' from command line to 'False'
[0.399s] DEBUG:colcon.colcon_core.verb:Building package 'joy_tester' with the following arguments: {'ament_cmake_args': None, 'build_base': '/home/olympusolutions/senior_ws/build/joy_tester', 'catkin_cmake_args': None, 'catkin_skip_building_tests': False, 'cmake_args': None, 'cmake_clean_cache': False, 'cmake_clean_first': False, 'cmake_force_configure': False, 'cmake_target': None, 'cmake_target_skip_unavailable': False, 'install_base': '/home/olympusolutions/senior_ws/install/joy_tester', 'merge_install': False, 'path': '/home/olympusolutions/senior_ws/src/joy_tester', 'symlink_install': False, 'test_result_base': None}
[0.399s] Level 5:colcon.colcon_core.verb:set package 'listener_package' build argument 'cmake_args' from command line to 'None'
[0.399s] Level 5:colcon.colcon_core.verb:set package 'listener_package' build argument 'cmake_target' from command line to 'None'
[0.400s] Level 5:colcon.colcon_core.verb:set package 'listener_package' build argument 'cmake_target_skip_unavailable' from command line to 'False'
[0.400s] Level 5:colcon.colcon_core.verb:set package 'listener_package' build argument 'cmake_clean_cache' from command line to 'False'
[0.400s] Level 5:colcon.colcon_core.verb:set package 'listener_package' build argument 'cmake_clean_first' from command line to 'False'
[0.400s] Level 5:colcon.colcon_core.verb:set package 'listener_package' build argument 'cmake_force_configure' from command line to 'False'
[0.400s] Level 5:colcon.colcon_core.verb:set package 'listener_package' build argument 'ament_cmake_args' from command line to 'None'
[0.400s] Level 5:colcon.colcon_core.verb:set package 'listener_package' build argument 'catkin_cmake_args' from command line to 'None'
[0.400s] Level 5:colcon.colcon_core.verb:set package 'listener_package' build argument 'catkin_skip_building_tests' from command line to 'False'
[0.400s] DEBUG:colcon.colcon_core.verb:Building package 'listener_package' with the following arguments: {'ament_cmake_args': None, 'build_base': '/home/olympusolutions/senior_ws/build/listener_package', 'catkin_cmake_args': None, 'catkin_skip_building_tests': False, 'cmake_args': None, 'cmake_clean_cache': False, 'cmake_clean_first': False, 'cmake_force_configure': False, 'cmake_target': None, 'cmake_target_skip_unavailable': False, 'install_base': '/home/olympusolutions/senior_ws/install/listener_package', 'merge_install': False, 'path': '/home/olympusolutions/senior_ws/src/riley_ws/src/listener_package', 'symlink_install': False, 'test_result_base': None}
[0.400s] Level 5:colcon.colcon_core.verb:set package 'minibot' build argument 'cmake_args' from command line to 'None'
[0.400s] Level 5:colcon.colcon_core.verb:set package 'minibot' build argument 'cmake_target' from command line to 'None'
[0.400s] Level 5:colcon.colcon_core.verb:set package 'minibot' build argument 'cmake_target_skip_unavailable' from command line to 'False'
[0.400s] Level 5:colcon.colcon_core.verb:set package 'minibot' build argument 'cmake_clean_cache' from command line to 'False'
[0.400s] Level 5:colcon.colcon_core.verb:set package 'minibot' build argument 'cmake_clean_first' from command line to 'False'
[0.400s] Level 5:colcon.colcon_core.verb:set package 'minibot' build argument 'cmake_force_configure' from command line to 'False'
[0.400s] Level 5:colcon.colcon_core.verb:set package 'minibot' build argument 'ament_cmake_args' from command line to 'None'
[0.400s] Level 5:colcon.colcon_core.verb:set package 'minibot' build argument 'catkin_cmake_args' from command line to 'None'
[0.400s] Level 5:colcon.colcon_core.verb:set package 'minibot' build argument 'catkin_skip_building_tests' from command line to 'False'
[0.400s] DEBUG:colcon.colcon_core.verb:Building package 'minibot' with the following arguments: {'ament_cmake_args': None, 'build_base': '/home/olympusolutions/senior_ws/build/minibot', 'catkin_cmake_args': None, 'catkin_skip_building_tests': False, 'cmake_args': None, 'cmake_clean_cache': False, 'cmake_clean_first': False, 'cmake_force_configure': False, 'cmake_target': None, 'cmake_target_skip_unavailable': False, 'install_base': '/home/olympusolutions/senior_ws/install/minibot', 'merge_install': False, 'path': '/home/olympusolutions/senior_ws/src/minibot', 'symlink_install': False, 'test_result_base': None}
[0.401s] Level 5:colcon.colcon_core.verb:set package 'my_package' build argument 'cmake_args' from command line to 'None'
[0.401s] Level 5:colcon.colcon_core.verb:set package 'my_package' build argument 'cmake_target' from command line to 'None'
[0.401s] Level 5:colcon.colcon_core.verb:set package 'my_package' build argument 'cmake_target_skip_unavailable' from command line to 'False'
[0.401s] Level 5:colcon.colcon_core.verb:set package 'my_package' build argument 'cmake_clean_cache' from command line to 'False'
[0.401s] Level 5:colcon.colcon_core.verb:set package 'my_package' build argument 'cmake_clean_first' from command line to 'False'
[0.401s] Level 5:colcon.colcon_core.verb:set package 'my_package' build argument 'cmake_force_configure' from command line to 'False'
[0.401s] Level 5:colcon.colcon_core.verb:set package 'my_package' build argument 'ament_cmake_args' from command line to 'None'
[0.401s] Level 5:colcon.colcon_core.verb:set package 'my_package' build argument 'catkin_cmake_args' from command line to 'None'
[0.401s] Level 5:colcon.colcon_core.verb:set package 'my_package' build argument 'catkin_skip_building_tests' from command line to 'False'
[0.401s] DEBUG:colcon.colcon_core.verb:Building package 'my_package' with the following arguments: {'ament_cmake_args': None, 'build_base': '/home/olympusolutions/senior_ws/build/my_package', 'catkin_cmake_args': None, 'catkin_skip_building_tests': False, 'cmake_args': None, 'cmake_clean_cache': False, 'cmake_clean_first': False, 'cmake_force_configure': False, 'cmake_target': None, 'cmake_target_skip_unavailable': False, 'install_base': '/home/olympusolutions/senior_ws/install/my_package', 'merge_install': False, 'path': '/home/olympusolutions/senior_ws/src/riley_ws/src/my_package', 'symlink_install': False, 'test_result_base': None}
[0.401s] Level 5:colcon.colcon_core.verb:set package 'serial' build argument 'cmake_args' from command line to 'None'
[0.401s] Level 5:colcon.colcon_core.verb:set package 'serial' build argument 'cmake_target' from command line to 'None'
[0.401s] Level 5:colcon.colcon_core.verb:set package 'serial' build argument 'cmake_target_skip_unavailable' from command line to 'False'
[0.401s] Level 5:colcon.colcon_core.verb:set package 'serial' build argument 'cmake_clean_cache' from command line to 'False'
[0.401s] Level 5:colcon.colcon_core.verb:set package 'serial' build argument 'cmake_clean_first' from command line to 'False'
[0.401s] Level 5:colcon.colcon_core.verb:set package 'serial' build argument 'cmake_force_configure' from command line to 'False'
[0.401s] Level 5:colcon.colcon_core.verb:set package 'serial' build argument 'ament_cmake_args' from command line to 'None'
[0.401s] Level 5:colcon.colcon_core.verb:set package 'serial' build argument 'catkin_cmake_args' from command line to 'None'
[0.401s] Level 5:colcon.colcon_core.verb:set package 'serial' build argument 'catkin_skip_building_tests' from command line to 'False'
[0.401s] DEBUG:colcon.colcon_core.verb:Building package 'serial' with the following arguments: {'ament_cmake_args': None, 'build_base': '/home/olympusolutions/senior_ws/build/serial', 'catkin_cmake_args': None, 'catkin_skip_building_tests': False, 'cmake_args': None, 'cmake_clean_cache': False, 'cmake_clean_first': False, 'cmake_force_configure': False, 'cmake_target': None, 'cmake_target_skip_unavailable': False, 'install_base': '/home/olympusolutions/senior_ws/install/serial', 'merge_install': False, 'path': '/home/olympusolutions/senior_ws/src/serial', 'symlink_install': False, 'test_result_base': None}
[0.402s] Level 5:colcon.colcon_core.verb:set package 'serial_motor_demo_msgs' build argument 'cmake_args' from command line to 'None'
[0.402s] Level 5:colcon.colcon_core.verb:set package 'serial_motor_demo_msgs' build argument 'cmake_target' from command line to 'None'
[0.402s] Level 5:colcon.colcon_core.verb:set package 'serial_motor_demo_msgs' build argument 'cmake_target_skip_unavailable' from command line to 'False'
[0.402s] Level 5:colcon.colcon_core.verb:set package 'serial_motor_demo_msgs' build argument 'cmake_clean_cache' from command line to 'False'
[0.402s] Level 5:colcon.colcon_core.verb:set package 'serial_motor_demo_msgs' build argument 'cmake_clean_first' from command line to 'False'
[0.402s] Level 5:colcon.colcon_core.verb:set package 'serial_motor_demo_msgs' build argument 'cmake_force_configure' from command line to 'False'
[0.402s] Level 5:colcon.colcon_core.verb:set package 'serial_motor_demo_msgs' build argument 'ament_cmake_args' from command line to 'None'
[0.402s] Level 5:colcon.colcon_core.verb:set package 'serial_motor_demo_msgs' build argument 'catkin_cmake_args' from command line to 'None'
[0.402s] Level 5:colcon.colcon_core.verb:set package 'serial_motor_demo_msgs' build argument 'catkin_skip_building_tests' from command line to 'False'
[0.402s] DEBUG:colcon.colcon_core.verb:Building package 'serial_motor_demo_msgs' with the following arguments: {'ament_cmake_args': None, 'build_base': '/home/olympusolutions/senior_ws/build/serial_motor_demo_msgs', 'catkin_cmake_args': None, 'catkin_skip_building_tests': False, 'cmake_args': None, 'cmake_clean_cache': False, 'cmake_clean_first': False, 'cmake_force_configure': False, 'cmake_target': None, 'cmake_target_skip_unavailable': False, 'install_base': '/home/olympusolutions/senior_ws/install/serial_motor_demo_msgs', 'merge_install': False, 'path': '/home/olympusolutions/senior_ws/src/serial_motor_demo/serial_motor_demo_msgs', 'symlink_install': False, 'test_result_base': None}
[0.402s] Level 5:colcon.colcon_core.verb:set package 'sllidar_ros2' build argument 'cmake_args' from command line to 'None'
[0.402s] Level 5:colcon.colcon_core.verb:set package 'sllidar_ros2' build argument 'cmake_target' from command line to 'None'
[0.402s] Level 5:colcon.colcon_core.verb:set package 'sllidar_ros2' build argument 'cmake_target_skip_unavailable' from command line to 'False'
[0.402s] Level 5:colcon.colcon_core.verb:set package 'sllidar_ros2' build argument 'cmake_clean_cache' from command line to 'False'
[0.402s] Level 5:colcon.colcon_core.verb:set package 'sllidar_ros2' build argument 'cmake_clean_first' from command line to 'False'
[0.402s] Level 5:colcon.colcon_core.verb:set package 'sllidar_ros2' build argument 'cmake_force_configure' from command line to 'False'
[0.402s] Level 5:colcon.colcon_core.verb:set package 'sllidar_ros2' build argument 'ament_cmake_args' from command line to 'None'
[0.402s] Level 5:colcon.colcon_core.verb:set package 'sllidar_ros2' build argument 'catkin_cmake_args' from command line to 'None'
[0.402s] Level 5:colcon.colcon_core.verb:set package 'sllidar_ros2' build argument 'catkin_skip_building_tests' from command line to 'False'
[0.402s] DEBUG:colcon.colcon_core.verb:Building package 'sllidar_ros2' with the following arguments: {'ament_cmake_args': None, 'build_base': '/home/olympusolutions/senior_ws/build/sllidar_ros2', 'catkin_cmake_args': None, 'catkin_skip_building_tests': False, 'cmake_args': None, 'cmake_clean_cache': False, 'cmake_clean_first': False, 'cmake_force_configure': False, 'cmake_target': None, 'cmake_target_skip_unavailable': False, 'install_base': '/home/olympusolutions/senior_ws/install/sllidar_ros2', 'merge_install': False, 'path': '/home/olympusolutions/senior_ws/src/sllidar_ros2', 'symlink_install': False, 'test_result_base': None}
[0.403s] Level 5:colcon.colcon_core.verb:set package 'twist_stamper' build argument 'cmake_args' from command line to 'None'
[0.403s] Level 5:colcon.colcon_core.verb:set package 'twist_stamper' build argument 'cmake_target' from command line to 'None'
[0.403s] Level 5:colcon.colcon_core.verb:set package 'twist_stamper' build argument 'cmake_target_skip_unavailable' from command line to 'False'
[0.403s] Level 5:colcon.colcon_core.verb:set package 'twist_stamper' build argument 'cmake_clean_cache' from command line to 'False'
[0.403s] Level 5:colcon.colcon_core.verb:set package 'twist_stamper' build argument 'cmake_clean_first' from command line to 'False'
[0.403s] Level 5:colcon.colcon_core.verb:set package 'twist_stamper' build argument 'cmake_force_configure' from command line to 'False'
[0.403s] Level 5:colcon.colcon_core.verb:set package 'twist_stamper' build argument 'ament_cmake_args' from command line to 'None'
[0.403s] Level 5:colcon.colcon_core.verb:set package 'twist_stamper' build argument 'catkin_cmake_args' from command line to 'None'
[0.403s] Level 5:colcon.colcon_core.verb:set package 'twist_stamper' build argument 'catkin_skip_building_tests' from command line to 'False'
[0.403s] DEBUG:colcon.colcon_core.verb:Building package 'twist_stamper' with the following arguments: {'ament_cmake_args': None, 'build_base': '/home/olympusolutions/senior_ws/build/twist_stamper', 'catkin_cmake_args': None, 'catkin_skip_building_tests': False, 'cmake_args': None, 'cmake_clean_cache': False, 'cmake_clean_first': False, 'cmake_force_configure': False, 'cmake_target': None, 'cmake_target_skip_unavailable': False, 'install_base': '/home/olympusolutions/senior_ws/install/twist_stamper', 'merge_install': False, 'path': '/home/olympusolutions/senior_ws/src/twist_stamper', 'symlink_install': False, 'test_result_base': None}
[0.403s] Level 5:colcon.colcon_core.verb:set package 'serial_motor_demo' build argument 'cmake_args' from command line to 'None'
[0.403s] Level 5:colcon.colcon_core.verb:set package 'serial_motor_demo' build argument 'cmake_target' from command line to 'None'
[0.403s] Level 5:colcon.colcon_core.verb:set package 'serial_motor_demo' build argument 'cmake_target_skip_unavailable' from command line to 'False'
[0.403s] Level 5:colcon.colcon_core.verb:set package 'serial_motor_demo' build argument 'cmake_clean_cache' from command line to 'False'
[0.403s] Level 5:colcon.colcon_core.verb:set package 'serial_motor_demo' build argument 'cmake_clean_first' from command line to 'False'
[0.403s] Level 5:colcon.colcon_core.verb:set package 'serial_motor_demo' build argument 'cmake_force_configure' from command line to 'False'
[0.403s] Level 5:colcon.colcon_core.verb:set package 'serial_motor_demo' build argument 'ament_cmake_args' from command line to 'None'
[0.403s] Level 5:colcon.colcon_core.verb:set package 'serial_motor_demo' build argument 'catkin_cmake_args' from command line to 'None'
[0.403s] Level 5:colcon.colcon_core.verb:set package 'serial_motor_demo' build argument 'catkin_skip_building_tests' from command line to 'False'
[0.403s] DEBUG:colcon.colcon_core.verb:Building package 'serial_motor_demo' with the following arguments: {'ament_cmake_args': None, 'build_base': '/home/olympusolutions/senior_ws/build/serial_motor_demo', 'catkin_cmake_args': None, 'catkin_skip_building_tests': False, 'cmake_args': None, 'cmake_clean_cache': False, 'cmake_clean_first': False, 'cmake_force_configure': False, 'cmake_target': None, 'cmake_target_skip_unavailable': False, 'install_base': '/home/olympusolutions/senior_ws/install/serial_motor_demo', 'merge_install': False, 'path': '/home/olympusolutions/senior_ws/src/serial_motor_demo/serial_motor_demo', 'symlink_install': False, 'test_result_base': None}
[0.404s] INFO:colcon.colcon_core.executor:Executing jobs using 'parallel' executor
[0.405s] DEBUG:colcon.colcon_parallel_executor.executor.parallel:run_until_complete
[0.406s] INFO:colcon.colcon_ros.task.ament_cmake.build:Building ROS package in '/home/olympusolutions/senior_ws/src/serial_motor_demo/serial_motor_demo_msgs' with build type 'ament_cmake'
[0.406s] INFO:colcon.colcon_cmake.task.cmake.build:Building CMake package in '/home/olympusolutions/senior_ws/src/serial_motor_demo/serial_motor_demo_msgs'
[0.412s] INFO:colcon.colcon_core.plugin_system:Skipping extension 'colcon_core.shell.bat': Not used on non-Windows systems
[0.412s] INFO:colcon.colcon_core.shell:Skip shell extension 'powershell' for command environment: Not usable outside of PowerShell
[0.412s] DEBUG:colcon.colcon_core.shell:Skip shell extension 'dsv' for command environment
[0.423s] INFO:colcon.colcon_ros.task.ament_cmake.build:Building ROS package in '/home/olympusolutions/senior_ws/src/diffdrive_arduino' with build type 'ament_cmake'
[0.424s] INFO:colcon.colcon_cmake.task.cmake.build:Building CMake package in '/home/olympusolutions/senior_ws/src/diffdrive_arduino'
[0.425s] INFO:colcon.colcon_core.shell:Skip shell extension 'powershell' for command environment: Not usable outside of PowerShell
[0.425s] DEBUG:colcon.colcon_core.shell:Skip shell extension 'dsv' for command environment
[0.432s] INFO:colcon.colcon_ros.task.ament_cmake.build:Building ROS package in '/home/olympusolutions/senior_ws/src/extender_arduino' with build type 'ament_cmake'
[0.432s] INFO:colcon.colcon_cmake.task.cmake.build:Building CMake package in '/home/olympusolutions/senior_ws/src/extender_arduino'
[0.432s] INFO:colcon.colcon_core.shell:Skip shell extension 'powershell' for command environment: Not usable outside of PowerShell
[0.432s] DEBUG:colcon.colcon_core.shell:Skip shell extension 'dsv' for command environment
[0.438s] INFO:colcon.colcon_ros.task.ament_python.build:Building ROS package in '/home/olympusolutions/senior_ws/src/joy_tester' with build type 'ament_python'
[0.439s] Level 1:colcon.colcon_core.shell:create_environment_hook('joy_tester', 'ament_prefix_path')
[0.439s] INFO:colcon.colcon_core.shell:Creating environment hook '/home/olympusolutions/senior_ws/install/joy_tester/share/joy_tester/hook/ament_prefix_path.ps1'
[0.440s] INFO:colcon.colcon_core.shell:Creating environment descriptor '/home/olympusolutions/senior_ws/install/joy_tester/share/joy_tester/hook/ament_prefix_path.dsv'
[0.441s] INFO:colcon.colcon_core.shell:Creating environment hook '/home/olympusolutions/senior_ws/install/joy_tester/share/joy_tester/hook/ament_prefix_path.sh'
[0.443s] INFO:colcon.colcon_core.shell:Skip shell extension 'powershell' for command environment: Not usable outside of PowerShell
[0.443s] DEBUG:colcon.colcon_core.shell:Skip shell extension 'dsv' for command environment
[0.463s] DEBUG:colcon.colcon_core.event_handler.log_command:Invoking command in '/home/olympusolutions/senior_ws/build/serial_motor_demo_msgs': CMAKE_PREFIX_PATH=${CMAKE_PREFIX_PATH}:/home/olympusolutions/senior_ws/install/twist_stamper:/home/olympusolutions/senior_ws/install/serial_motor_demo:/home/olympusolutions/senior_ws/install/my_package:/home/olympusolutions/senior_ws/install/listener_package:/home/olympusolutions/senior_ws/install/joy_tester:/opt/ros/jazzy DEBUGINFOD_URLS=https://debuginfod.ubuntu.com /usr/bin/cmake --build /home/olympusolutions/senior_ws/build/serial_motor_demo_msgs -- -j4 -l4
[0.469s] DEBUG:colcon.colcon_core.event_handler.log_command:Invoking command in '/home/olympusolutions/senior_ws/build/diffdrive_arduino': CMAKE_PREFIX_PATH=${CMAKE_PREFIX_PATH}:/home/olympusolutions/senior_ws/install/twist_stamper:/home/olympusolutions/senior_ws/install/serial_motor_demo:/home/olympusolutions/senior_ws/install/my_package:/home/olympusolutions/senior_ws/install/listener_package:/home/olympusolutions/senior_ws/install/joy_tester:/opt/ros/jazzy DEBUGINFOD_URLS=https://debuginfod.ubuntu.com /usr/bin/cmake --build /home/olympusolutions/senior_ws/build/diffdrive_arduino -- -j4 -l4
[0.477s] DEBUG:colcon.colcon_core.event_handler.log_command:Invoking command in '/home/olympusolutions/senior_ws/build/extender_arduino': CMAKE_PREFIX_PATH=${CMAKE_PREFIX_PATH}:/home/olympusolutions/senior_ws/install/twist_stamper:/home/olympusolutions/senior_ws/install/serial_motor_demo:/home/olympusolutions/senior_ws/install/my_package:/home/olympusolutions/senior_ws/install/listener_package:/home/olympusolutions/senior_ws/install/joy_tester:/opt/ros/jazzy DEBUGINFOD_URLS=https://debuginfod.ubuntu.com /usr/bin/cmake --build /home/olympusolutions/senior_ws/build/extender_arduino -- -j4 -l4
[1.304s] INFO:colcon.colcon_core.task.python.build:Building Python package in '/home/olympusolutions/senior_ws/src/joy_tester'
[1.307s] INFO:colcon.colcon_core.shell:Skip shell extension 'powershell' for command environment: Not usable outside of PowerShell
[1.307s] DEBUG:colcon.colcon_core.shell:Skip shell extension 'dsv' for command environment
[1.341s] DEBUG:colcon.colcon_core.event_handler.log_command:Invoked command in '/home/olympusolutions/senior_ws/build/extender_arduino' returned '0': CMAKE_PREFIX_PATH=${CMAKE_PREFIX_PATH}:/home/olympusolutions/senior_ws/install/twist_stamper:/home/olympusolutions/senior_ws/install/serial_motor_demo:/home/olympusolutions/senior_ws/install/my_package:/home/olympusolutions/senior_ws/install/listener_package:/home/olympusolutions/senior_ws/install/joy_tester:/opt/ros/jazzy DEBUGINFOD_URLS=https://debuginfod.ubuntu.com /usr/bin/cmake --build /home/olympusolutions/senior_ws/build/extender_arduino -- -j4 -l4
[1.384s] DEBUG:colcon.colcon_core.event_handler.log_command:Invoking command in '/home/olympusolutions/senior_ws/build/extender_arduino': CMAKE_PREFIX_PATH=${CMAKE_PREFIX_PATH}:/home/olympusolutions/senior_ws/install/twist_stamper:/home/olympusolutions/senior_ws/install/serial_motor_demo:/home/olympusolutions/senior_ws/install/my_package:/home/olympusolutions/senior_ws/install/listener_package:/home/olympusolutions/senior_ws/install/joy_tester:/opt/ros/jazzy DEBUGINFOD_URLS=https://debuginfod.ubuntu.com /usr/bin/cmake --install /home/olympusolutions/senior_ws/build/extender_arduino
[1.392s] DEBUG:colcon.colcon_core.event_handler.log_command:Invoked command in '/home/olympusolutions/senior_ws/build/diffdrive_arduino' returned '0': CMAKE_PREFIX_PATH=${CMAKE_PREFIX_PATH}:/home/olympusolutions/senior_ws/install/twist_stamper:/home/olympusolutions/senior_ws/install/serial_motor_demo:/home/olympusolutions/senior_ws/install/my_package:/home/olympusolutions/senior_ws/install/listener_package:/home/olympusolutions/senior_ws/install/joy_tester:/opt/ros/jazzy DEBUGINFOD_URLS=https://debuginfod.ubuntu.com /usr/bin/cmake --build /home/olympusolutions/senior_ws/build/diffdrive_arduino -- -j4 -l4
[1.393s] DEBUG:colcon.colcon_core.event_handler.log_command:Invoking command in '/home/olympusolutions/senior_ws/build/diffdrive_arduino': CMAKE_PREFIX_PATH=${CMAKE_PREFIX_PATH}:/home/olympusolutions/senior_ws/install/twist_stamper:/home/olympusolutions/senior_ws/install/serial_motor_demo:/home/olympusolutions/senior_ws/install/my_package:/home/olympusolutions/senior_ws/install/listener_package:/home/olympusolutions/senior_ws/install/joy_tester:/opt/ros/jazzy DEBUGINFOD_URLS=https://debuginfod.ubuntu.com /usr/bin/cmake --install /home/olympusolutions/senior_ws/build/diffdrive_arduino
[1.473s] Level 1:colcon.colcon_core.environment:create_environment_scripts_only(extender_arduino)
[1.476s] DEBUG:colcon.colcon_core.event_handler.log_command:Invoked command in '/home/olympusolutions/senior_ws/build/extender_arduino' returned '0': CMAKE_PREFIX_PATH=${CMAKE_PREFIX_PATH}:/home/olympusolutions/senior_ws/install/twist_stamper:/home/olympusolutions/senior_ws/install/serial_motor_demo:/home/olympusolutions/senior_ws/install/my_package:/home/olympusolutions/senior_ws/install/listener_package:/home/olympusolutions/senior_ws/install/joy_tester:/opt/ros/jazzy DEBUGINFOD_URLS=https://debuginfod.ubuntu.com /usr/bin/cmake --install /home/olympusolutions/senior_ws/build/extender_arduino
[1.480s] Level 1:colcon.colcon_core.environment:checking '/home/olympusolutions/senior_ws/install/extender_arduino' for CMake module files
[1.482s] Level 1:colcon.colcon_core.environment:checking '/home/olympusolutions/senior_ws/install/extender_arduino' for CMake config files
[1.482s] Level 1:colcon.colcon_core.shell:create_environment_hook('extender_arduino', 'cmake_prefix_path')
[1.484s] INFO:colcon.colcon_core.shell:Creating environment hook '/home/olympusolutions/senior_ws/install/extender_arduino/share/extender_arduino/hook/cmake_prefix_path.ps1'
[1.485s] INFO:colcon.colcon_core.shell:Creating environment descriptor '/home/olympusolutions/senior_ws/install/extender_arduino/share/extender_arduino/hook/cmake_prefix_path.dsv'
[1.488s] INFO:colcon.colcon_core.shell:Creating environment hook '/home/olympusolutions/senior_ws/install/extender_arduino/share/extender_arduino/hook/cmake_prefix_path.sh'
[1.491s] Level 1:colcon.colcon_core.environment:checking '/home/olympusolutions/senior_ws/install/extender_arduino/lib'
[1.491s] Level 1:colcon.colcon_core.shell:create_environment_hook('extender_arduino', 'ld_library_path_lib')
[1.493s] INFO:colcon.colcon_core.shell:Creating environment hook '/home/olympusolutions/senior_ws/install/extender_arduino/share/extender_arduino/hook/ld_library_path_lib.ps1'
[1.494s] INFO:colcon.colcon_core.shell:Creating environment descriptor '/home/olympusolutions/senior_ws/install/extender_arduino/share/extender_arduino/hook/ld_library_path_lib.dsv'
[1.498s] INFO:colcon.colcon_core.shell:Creating environment hook '/home/olympusolutions/senior_ws/install/extender_arduino/share/extender_arduino/hook/ld_library_path_lib.sh'
[1.500s] Level 1:colcon.colcon_core.environment:checking '/home/olympusolutions/senior_ws/install/extender_arduino/bin'
[1.500s] Level 1:colcon.colcon_core.environment:checking '/home/olympusolutions/senior_ws/install/extender_arduino/lib/pkgconfig/extender_arduino.pc'
[1.500s] Level 1:colcon.colcon_core.environment:checking '/home/olympusolutions/senior_ws/install/extender_arduino/lib/python3.12/site-packages'
[1.501s] Level 1:colcon.colcon_core.environment:checking '/home/olympusolutions/senior_ws/install/extender_arduino/bin'
[1.501s] INFO:colcon.colcon_core.shell:Creating package script '/home/olympusolutions/senior_ws/install/extender_arduino/share/extender_arduino/package.ps1'
[1.503s] INFO:colcon.colcon_core.shell:Creating package descriptor '/home/olympusolutions/senior_ws/install/extender_arduino/share/extender_arduino/package.dsv'
[1.507s] INFO:colcon.colcon_core.shell:Creating package script '/home/olympusolutions/senior_ws/install/extender_arduino/share/extender_arduino/package.sh'
[1.508s] INFO:colcon.colcon_core.shell:Creating package script '/home/olympusolutions/senior_ws/install/extender_arduino/share/extender_arduino/package.bash'
[1.514s] INFO:colcon.colcon_core.shell:Creating package script '/home/olympusolutions/senior_ws/install/extender_arduino/share/extender_arduino/package.zsh'
[1.515s] Level 1:colcon.colcon_core.environment:create_file_with_runtime_dependencies(/home/olympusolutions/senior_ws/install/extender_arduino/share/colcon-core/packages/extender_arduino)
[1.519s] Level 1:colcon.colcon_core.environment:create_environment_scripts_only(extender_arduino)
[1.519s] Level 1:colcon.colcon_core.environment:checking '/home/olympusolutions/senior_ws/install/extender_arduino' for CMake module files
[1.520s] Level 1:colcon.colcon_core.environment:checking '/home/olympusolutions/senior_ws/install/extender_arduino' for CMake config files
[1.520s] Level 1:colcon.colcon_core.shell:create_environment_hook('extender_arduino', 'cmake_prefix_path')
[1.521s] INFO:colcon.colcon_core.shell:Creating environment hook '/home/olympusolutions/senior_ws/install/extender_arduino/share/extender_arduino/hook/cmake_prefix_path.ps1'
[1.526s] INFO:colcon.colcon_core.shell:Creating environment descriptor '/home/olympusolutions/senior_ws/install/extender_arduino/share/extender_arduino/hook/cmake_prefix_path.dsv'
[1.527s] INFO:colcon.colcon_core.shell:Creating environment hook '/home/olympusolutions/senior_ws/install/extender_arduino/share/extender_arduino/hook/cmake_prefix_path.sh'
[1.532s] Level 1:colcon.colcon_core.environment:checking '/home/olympusolutions/senior_ws/install/extender_arduino/lib'
[1.532s] Level 1:colcon.colcon_core.shell:create_environment_hook('extender_arduino', 'ld_library_path_lib')
[1.532s] INFO:colcon.colcon_core.shell:Creating environment hook '/home/olympusolutions/senior_ws/install/extender_arduino/share/extender_arduino/hook/ld_library_path_lib.ps1'
[1.533s] INFO:colcon.colcon_core.shell:Creating environment descriptor '/home/olympusolutions/senior_ws/install/extender_arduino/share/extender_arduino/hook/ld_library_path_lib.dsv'
[1.544s] INFO:colcon.colcon_core.shell:Creating environment hook '/home/olympusolutions/senior_ws/install/extender_arduino/share/extender_arduino/hook/ld_library_path_lib.sh'
[1.545s] Level 1:colcon.colcon_core.environment:checking '/home/olympusolutions/senior_ws/install/extender_arduino/bin'
[1.546s] Level 1:colcon.colcon_core.environment:checking '/home/olympusolutions/senior_ws/install/extender_arduino/lib/pkgconfig/extender_arduino.pc'
[1.546s] Level 1:colcon.colcon_core.environment:checking '/home/olympusolutions/senior_ws/install/extender_arduino/lib/python3.12/site-packages'
[1.546s] Level 1:colcon.colcon_core.environment:checking '/home/olympusolutions/senior_ws/install/extender_arduino/bin'
[1.547s] INFO:colcon.colcon_core.shell:Creating package script '/home/olympusolutions/senior_ws/install/extender_arduino/share/extender_arduino/package.ps1'
[1.548s] INFO:colcon.colcon_core.shell:Creating package descriptor '/home/olympusolutions/senior_ws/install/extender_arduino/share/extender_arduino/package.dsv'
[1.550s] INFO:colcon.colcon_core.shell:Creating package script '/home/olympusolutions/senior_ws/install/extender_arduino/share/extender_arduino/package.sh'
[1.551s] INFO:colcon.colcon_core.shell:Creating package script '/home/olympusolutions/senior_ws/install/extender_arduino/share/extender_arduino/package.bash'
[1.552s] INFO:colcon.colcon_core.shell:Creating package script '/home/olympusolutions/senior_ws/install/extender_arduino/share/extender_arduino/package.zsh'
[1.553s] Level 1:colcon.colcon_core.environment:create_file_with_runtime_dependencies(/home/olympusolutions/senior_ws/install/extender_arduino/share/colcon-core/packages/extender_arduino)
[1.556s] INFO:colcon.colcon_ros.task.ament_python.build:Building ROS package in '/home/olympusolutions/senior_ws/src/riley_ws/src/listener_package' with build type 'ament_python'
[1.557s] Level 1:colcon.colcon_core.shell:create_environment_hook('listener_package', 'ament_prefix_path')
[1.559s] INFO:colcon.colcon_core.shell:Creating environment hook '/home/olympusolutions/senior_ws/install/listener_package/share/listener_package/hook/ament_prefix_path.ps1'
[1.560s] INFO:colcon.colcon_core.shell:Creating environment descriptor '/home/olympusolutions/senior_ws/install/listener_package/share/listener_package/hook/ament_prefix_path.dsv'
[1.561s] INFO:colcon.colcon_core.shell:Creating environment hook '/home/olympusolutions/senior_ws/install/listener_package/share/listener_package/hook/ament_prefix_path.sh'
[1.566s] INFO:colcon.colcon_core.shell:Skip shell extension 'powershell' for command environment: Not usable outside of PowerShell
[1.566s] DEBUG:colcon.colcon_core.shell:Skip shell extension 'dsv' for command environment
[1.594s] Level 1:colcon.colcon_core.environment:create_environment_scripts_only(diffdrive_arduino)
[1.595s] Level 1:colcon.colcon_core.environment:checking '/home/olympusolutions/senior_ws/install/diffdrive_arduino' for CMake module files
[1.596s] Level 1:colcon.colcon_core.environment:checking '/home/olympusolutions/senior_ws/install/diffdrive_arduino' for CMake config files
[1.596s] Level 1:colcon.colcon_core.shell:create_environment_hook('diffdrive_arduino', 'cmake_prefix_path')
[1.601s] INFO:colcon.colcon_core.shell:Creating environment hook '/home/olympusolutions/senior_ws/install/diffdrive_arduino/share/diffdrive_arduino/hook/cmake_prefix_path.ps1'
[1.606s] INFO:colcon.colcon_core.shell:Creating environment descriptor '/home/olympusolutions/senior_ws/install/diffdrive_arduino/share/diffdrive_arduino/hook/cmake_prefix_path.dsv'
[1.608s] DEBUG:colcon.colcon_core.event_handler.log_command:Invoked command in '/home/olympusolutions/senior_ws/build/diffdrive_arduino' returned '0': CMAKE_PREFIX_PATH=${CMAKE_PREFIX_PATH}:/home/olympusolutions/senior_ws/install/twist_stamper:/home/olympusolutions/senior_ws/install/serial_motor_demo:/home/olympusolutions/senior_ws/install/my_package:/home/olympusolutions/senior_ws/install/listener_package:/home/olympusolutions/senior_ws/install/joy_tester:/opt/ros/jazzy DEBUGINFOD_URLS=https://debuginfod.ubuntu.com /usr/bin/cmake --install /home/olympusolutions/senior_ws/build/diffdrive_arduino
[1.610s] INFO:colcon.colcon_core.shell:Creating environment hook '/home/olympusolutions/senior_ws/install/diffdrive_arduino/share/diffdrive_arduino/hook/cmake_prefix_path.sh'
[1.614s] Level 1:colcon.colcon_core.environment:checking '/home/olympusolutions/senior_ws/install/diffdrive_arduino/lib'
[1.615s] Level 1:colcon.colcon_core.shell:create_environment_hook('diffdrive_arduino', 'ld_library_path_lib')
[1.616s] INFO:colcon.colcon_core.shell:Creating environment hook '/home/olympusolutions/senior_ws/install/diffdrive_arduino/share/diffdrive_arduino/hook/ld_library_path_lib.ps1'
[1.618s] INFO:colcon.colcon_core.shell:Creating environment descriptor '/home/olympusolutions/senior_ws/install/diffdrive_arduino/share/diffdrive_arduino/hook/ld_library_path_lib.dsv'
[1.620s] INFO:colcon.colcon_core.shell:Creating environment hook '/home/olympusolutions/senior_ws/install/diffdrive_arduino/share/diffdrive_arduino/hook/ld_library_path_lib.sh'
[1.624s] Level 1:colcon.colcon_core.environment:checking '/home/olympusolutions/senior_ws/install/diffdrive_arduino/bin'
[1.625s] Level 1:colcon.colcon_core.environment:checking '/home/olympusolutions/senior_ws/install/diffdrive_arduino/lib/pkgconfig/diffdrive_arduino.pc'
[1.629s] Level 1:colcon.colcon_core.environment:checking '/home/olympusolutions/senior_ws/install/diffdrive_arduino/lib/python3.12/site-packages'
[1.629s] Level 1:colcon.colcon_core.environment:checking '/home/olympusolutions/senior_ws/install/diffdrive_arduino/bin'
[1.634s] INFO:colcon.colcon_core.shell:Creating package script '/home/olympusolutions/senior_ws/install/diffdrive_arduino/share/diffdrive_arduino/package.ps1'
[1.643s] INFO:colcon.colcon_core.shell:Creating package descriptor '/home/olympusolutions/senior_ws/install/diffdrive_arduino/share/diffdrive_arduino/package.dsv'
[1.648s] INFO:colcon.colcon_core.shell:Creating package script '/home/olympusolutions/senior_ws/install/diffdrive_arduino/share/diffdrive_arduino/package.sh'
[1.655s] INFO:colcon.colcon_core.shell:Creating package script '/home/olympusolutions/senior_ws/install/diffdrive_arduino/share/diffdrive_arduino/package.bash'
[1.661s] INFO:colcon.colcon_core.shell:Creating package script '/home/olympusolutions/senior_ws/install/diffdrive_arduino/share/diffdrive_arduino/package.zsh'
[1.662s] Level 1:colcon.colcon_core.environment:create_file_with_runtime_dependencies(/home/olympusolutions/senior_ws/install/diffdrive_arduino/share/colcon-core/packages/diffdrive_arduino)
[1.668s] Level 1:colcon.colcon_core.environment:create_environment_scripts_only(diffdrive_arduino)
[1.669s] Level 1:colcon.colcon_core.environment:checking '/home/olympusolutions/senior_ws/install/diffdrive_arduino' for CMake module files
[1.673s] Level 1:colcon.colcon_core.environment:checking '/home/olympusolutions/senior_ws/install/diffdrive_arduino' for CMake config files
[1.673s] Level 1:colcon.colcon_core.shell:create_environment_hook('diffdrive_arduino', 'cmake_prefix_path')
[1.674s] INFO:colcon.colcon_core.shell:Creating environment hook '/home/olympusolutions/senior_ws/install/diffdrive_arduino/share/diffdrive_arduino/hook/cmake_prefix_path.ps1'
[1.675s] INFO:colcon.colcon_core.shell:Creating environment descriptor '/home/olympusolutions/senior_ws/install/diffdrive_arduino/share/diffdrive_arduino/hook/cmake_prefix_path.dsv'
[1.680s] INFO:colcon.colcon_core.shell:Creating environment hook '/home/olympusolutions/senior_ws/install/diffdrive_arduino/share/diffdrive_arduino/hook/cmake_prefix_path.sh'
[1.682s] Level 1:colcon.colcon_core.environment:checking '/home/olympusolutions/senior_ws/install/diffdrive_arduino/lib'
[1.683s] Level 1:colcon.colcon_core.shell:create_environment_hook('diffdrive_arduino', 'ld_library_path_lib')
[1.686s] INFO:colcon.colcon_core.shell:Creating environment hook '/home/olympusolutions/senior_ws/install/diffdrive_arduino/share/diffdrive_arduino/hook/ld_library_path_lib.ps1'
[1.687s] INFO:colcon.colcon_core.shell:Creating environment descriptor '/home/olympusolutions/senior_ws/install/diffdrive_arduino/share/diffdrive_arduino/hook/ld_library_path_lib.dsv'
[1.688s] INFO:colcon.colcon_core.shell:Creating environment hook '/home/olympusolutions/senior_ws/install/diffdrive_arduino/share/diffdrive_arduino/hook/ld_library_path_lib.sh'
[1.691s] Level 1:colcon.colcon_core.environment:checking '/home/olympusolutions/senior_ws/install/diffdrive_arduino/bin'
[1.691s] Level 1:colcon.colcon_core.environment:checking '/home/olympusolutions/senior_ws/install/diffdrive_arduino/lib/pkgconfig/diffdrive_arduino.pc'
[1.692s] Level 1:colcon.colcon_core.environment:checking '/home/olympusolutions/senior_ws/install/diffdrive_arduino/lib/python3.12/site-packages'
[1.692s] Level 1:colcon.colcon_core.environment:checking '/home/olympusolutions/senior_ws/install/diffdrive_arduino/bin'
[1.693s] INFO:colcon.colcon_core.shell:Creating package script '/home/olympusolutions/senior_ws/install/diffdrive_arduino/share/diffdrive_arduino/package.ps1'
[1.694s] INFO:colcon.colcon_core.shell:Creating package descriptor '/home/olympusolutions/senior_ws/install/diffdrive_arduino/share/diffdrive_arduino/package.dsv'
[1.696s] INFO:colcon.colcon_core.shell:Creating package script '/home/olympusolutions/senior_ws/install/diffdrive_arduino/share/diffdrive_arduino/package.sh'
[1.698s] INFO:colcon.colcon_core.shell:Creating package script '/home/olympusolutions/senior_ws/install/diffdrive_arduino/share/diffdrive_arduino/package.bash'
[1.699s] INFO:colcon.colcon_core.shell:Creating package script '/home/olympusolutions/senior_ws/install/diffdrive_arduino/share/diffdrive_arduino/package.zsh'
[1.700s] Level 1:colcon.colcon_core.environment:create_file_with_runtime_dependencies(/home/olympusolutions/senior_ws/install/diffdrive_arduino/share/colcon-core/packages/diffdrive_arduino)
[1.707s] INFO:colcon.colcon_ros.task.ament_cmake.build:Building ROS package in '/home/olympusolutions/senior_ws/src/minibot' with build type 'ament_cmake'
[1.707s] INFO:colcon.colcon_cmake.task.cmake.build:Building CMake package in '/home/olympusolutions/senior_ws/src/minibot'
[1.709s] INFO:colcon.colcon_core.shell:Skip shell extension 'powershell' for command environment: Not usable outside of PowerShell
[1.711s] DEBUG:colcon.colcon_core.shell:Skip shell extension 'dsv' for command environment
[2.511s] INFO:colcon.colcon_core.task.python.build:Building Python package in '/home/olympusolutions/senior_ws/src/riley_ws/src/listener_package'
[2.511s] INFO:colcon.colcon_core.shell:Skip shell extension 'powershell' for command environment: Not usable outside of PowerShell
[2.512s] DEBUG:colcon.colcon_core.shell:Skip shell extension 'dsv' for command environment
[2.529s] DEBUG:colcon.colcon_core.event_handler.log_command:Invoking command in '/home/olympusolutions/senior_ws/build/minibot': CMAKE_PREFIX_PATH=${CMAKE_PREFIX_PATH}:/home/olympusolutions/senior_ws/install/twist_stamper:/home/olympusolutions/senior_ws/install/serial_motor_demo:/home/olympusolutions/senior_ws/install/my_package:/home/olympusolutions/senior_ws/install/listener_package:/home/olympusolutions/senior_ws/install/joy_tester:/opt/ros/jazzy DEBUGINFOD_URLS=https://debuginfod.ubuntu.com /usr/bin/cmake --build /home/olympusolutions/senior_ws/build/minibot -- -j4 -l4
[2.536s] DEBUG:colcon.colcon_core.event_handler.log_command:Invoked command in '/home/olympusolutions/senior_ws/build/serial_motor_demo_msgs' returned '0': CMAKE_PREFIX_PATH=${CMAKE_PREFIX_PATH}:/home/olympusolutions/senior_ws/install/twist_stamper:/home/olympusolutions/senior_ws/install/serial_motor_demo:/home/olympusolutions/senior_ws/install/my_package:/home/olympusolutions/senior_ws/install/listener_package:/home/olympusolutions/senior_ws/install/joy_tester:/opt/ros/jazzy DEBUGINFOD_URLS=https://debuginfod.ubuntu.com /usr/bin/cmake --build /home/olympusolutions/senior_ws/build/serial_motor_demo_msgs -- -j4 -l4
[2.542s] DEBUG:colcon.colcon_core.event_handler.log_command:Invoking command in '/home/olympusolutions/senior_ws/build/serial_motor_demo_msgs': CMAKE_PREFIX_PATH=${CMAKE_PREFIX_PATH}:/home/olympusolutions/senior_ws/install/twist_stamper:/home/olympusolutions/senior_ws/install/serial_motor_demo:/home/olympusolutions/senior_ws/install/my_package:/home/olympusolutions/senior_ws/install/listener_package:/home/olympusolutions/senior_ws/install/joy_tester:/opt/ros/jazzy DEBUGINFOD_URLS=https://debuginfod.ubuntu.com /usr/bin/cmake --install /home/olympusolutions/senior_ws/build/serial_motor_demo_msgs
[2.866s] Level 1:colcon.colcon_core.environment:create_environment_scripts_only(serial_motor_demo_msgs)
[2.866s] Level 1:colcon.colcon_core.environment:checking '/home/olympusolutions/senior_ws/install/serial_motor_demo_msgs' for CMake module files
[2.873s] DEBUG:colcon.colcon_core.event_handler.log_command:Invoked command in '/home/olympusolutions/senior_ws/build/serial_motor_demo_msgs' returned '0': CMAKE_PREFIX_PATH=${CMAKE_PREFIX_PATH}:/home/olympusolutions/senior_ws/install/twist_stamper:/home/olympusolutions/senior_ws/install/serial_motor_demo:/home/olympusolutions/senior_ws/install/my_package:/home/olympusolutions/senior_ws/install/listener_package:/home/olympusolutions/senior_ws/install/joy_tester:/opt/ros/jazzy DEBUGINFOD_URLS=https://debuginfod.ubuntu.com /usr/bin/cmake --install /home/olympusolutions/senior_ws/build/serial_motor_demo_msgs
[2.877s] Level 1:colcon.colcon_core.environment:checking '/home/olympusolutions/senior_ws/install/serial_motor_demo_msgs' for CMake config files
[2.879s] Level 1:colcon.colcon_core.shell:create_environment_hook('serial_motor_demo_msgs', 'cmake_prefix_path')
[2.880s] INFO:colcon.colcon_core.shell:Creating environment hook '/home/olympusolutions/senior_ws/install/serial_motor_demo_msgs/share/serial_motor_demo_msgs/hook/cmake_prefix_path.ps1'
[2.883s] INFO:colcon.colcon_core.shell:Creating environment descriptor '/home/olympusolutions/senior_ws/install/serial_motor_demo_msgs/share/serial_motor_demo_msgs/hook/cmake_prefix_path.dsv'
[2.888s] INFO:colcon.colcon_core.shell:Creating environment hook '/home/olympusolutions/senior_ws/install/serial_motor_demo_msgs/share/serial_motor_demo_msgs/hook/cmake_prefix_path.sh'
[2.894s] Level 1:colcon.colcon_core.environment:checking '/home/olympusolutions/senior_ws/install/serial_motor_demo_msgs/lib'
[2.894s] Level 1:colcon.colcon_core.shell:create_environment_hook('serial_motor_demo_msgs', 'ld_library_path_lib')
[2.897s] INFO:colcon.colcon_core.shell:Creating environment hook '/home/olympusolutions/senior_ws/install/serial_motor_demo_msgs/share/serial_motor_demo_msgs/hook/ld_library_path_lib.ps1'
[2.898s] INFO:colcon.colcon_core.shell:Creating environment descriptor '/home/olympusolutions/senior_ws/install/serial_motor_demo_msgs/share/serial_motor_demo_msgs/hook/ld_library_path_lib.dsv'
[2.904s] INFO:colcon.colcon_core.shell:Creating environment hook '/home/olympusolutions/senior_ws/install/serial_motor_demo_msgs/share/serial_motor_demo_msgs/hook/ld_library_path_lib.sh'
[2.906s] Level 1:colcon.colcon_core.environment:checking '/home/olympusolutions/senior_ws/install/serial_motor_demo_msgs/bin'
[2.906s] Level 1:colcon.colcon_core.environment:checking '/home/olympusolutions/senior_ws/install/serial_motor_demo_msgs/lib/pkgconfig/serial_motor_demo_msgs.pc'
[2.910s] Level 1:colcon.colcon_core.environment:checking '/home/olympusolutions/senior_ws/install/serial_motor_demo_msgs/lib/python3.12/site-packages'
[2.912s] Level 1:colcon.colcon_core.shell:create_environment_hook('serial_motor_demo_msgs', 'pythonpath')
[2.913s] INFO:colcon.colcon_core.shell:Creating environment hook '/home/olympusolutions/senior_ws/install/serial_motor_demo_msgs/share/serial_motor_demo_msgs/hook/pythonpath.ps1'
[2.916s] INFO:colcon.colcon_core.shell:Creating environment descriptor '/home/olympusolutions/senior_ws/install/serial_motor_demo_msgs/share/serial_motor_demo_msgs/hook/pythonpath.dsv'
[2.919s] INFO:colcon.colcon_core.shell:Creating environment hook '/home/olympusolutions/senior_ws/install/serial_motor_demo_msgs/share/serial_motor_demo_msgs/hook/pythonpath.sh'
[2.925s] Level 1:colcon.colcon_core.environment:checking '/home/olympusolutions/senior_ws/install/serial_motor_demo_msgs/bin'
[2.928s] INFO:colcon.colcon_core.shell:Creating package script '/home/olympusolutions/senior_ws/install/serial_motor_demo_msgs/share/serial_motor_demo_msgs/package.ps1'
[2.932s] INFO:colcon.colcon_core.shell:Creating package descriptor '/home/olympusolutions/senior_ws/install/serial_motor_demo_msgs/share/serial_motor_demo_msgs/package.dsv'
[2.936s] INFO:colcon.colcon_core.shell:Creating package script '/home/olympusolutions/senior_ws/install/serial_motor_demo_msgs/share/serial_motor_demo_msgs/package.sh'
[2.940s] INFO:colcon.colcon_core.shell:Creating package script '/home/olympusolutions/senior_ws/install/serial_motor_demo_msgs/share/serial_motor_demo_msgs/package.bash'
[2.944s] INFO:colcon.colcon_core.shell:Creating package script '/home/olympusolutions/senior_ws/install/serial_motor_demo_msgs/share/serial_motor_demo_msgs/package.zsh'
[2.946s] Level 1:colcon.colcon_core.environment:create_file_with_runtime_dependencies(/home/olympusolutions/senior_ws/install/serial_motor_demo_msgs/share/colcon-core/packages/serial_motor_demo_msgs)
[2.948s] Level 1:colcon.colcon_core.environment:create_environment_scripts_only(serial_motor_demo_msgs)
[2.949s] Level 1:colcon.colcon_core.environment:checking '/home/olympusolutions/senior_ws/install/serial_motor_demo_msgs' for CMake module files
[2.951s] Level 1:colcon.colcon_core.environment:checking '/home/olympusolutions/senior_ws/install/serial_motor_demo_msgs' for CMake config files
[2.952s] Level 1:colcon.colcon_core.shell:create_environment_hook('serial_motor_demo_msgs', 'cmake_prefix_path')
[2.952s] INFO:colcon.colcon_core.shell:Creating environment hook '/home/olympusolutions/senior_ws/install/serial_motor_demo_msgs/share/serial_motor_demo_msgs/hook/cmake_prefix_path.ps1'
[2.954s] INFO:colcon.colcon_core.shell:Creating environment descriptor '/home/olympusolutions/senior_ws/install/serial_motor_demo_msgs/share/serial_motor_demo_msgs/hook/cmake_prefix_path.dsv'
[2.956s] INFO:colcon.colcon_core.shell:Creating environment hook '/home/olympusolutions/senior_ws/install/serial_motor_demo_msgs/share/serial_motor_demo_msgs/hook/cmake_prefix_path.sh'
[2.960s] Level 1:colcon.colcon_core.environment:checking '/home/olympusolutions/senior_ws/install/serial_motor_demo_msgs/lib'
[2.960s] Level 1:colcon.colcon_core.shell:create_environment_hook('serial_motor_demo_msgs', 'ld_library_path_lib')
[2.961s] INFO:colcon.colcon_core.shell:Creating environment hook '/home/olympusolutions/senior_ws/install/serial_motor_demo_msgs/share/serial_motor_demo_msgs/hook/ld_library_path_lib.ps1'
[2.969s] INFO:colcon.colcon_core.shell:Creating environment descriptor '/home/olympusolutions/senior_ws/install/serial_motor_demo_msgs/share/serial_motor_demo_msgs/hook/ld_library_path_lib.dsv'
[2.973s] INFO:colcon.colcon_core.shell:Creating environment hook '/home/olympusolutions/senior_ws/install/serial_motor_demo_msgs/share/serial_motor_demo_msgs/hook/ld_library_path_lib.sh'
[2.975s] Level 1:colcon.colcon_core.environment:checking '/home/olympusolutions/senior_ws/install/serial_motor_demo_msgs/bin'
[2.984s] Level 1:colcon.colcon_core.environment:checking '/home/olympusolutions/senior_ws/install/serial_motor_demo_msgs/lib/pkgconfig/serial_motor_demo_msgs.pc'
[2.986s] Level 1:colcon.colcon_core.environment:checking '/home/olympusolutions/senior_ws/install/serial_motor_demo_msgs/lib/python3.12/site-packages'
[2.986s] Level 1:colcon.colcon_core.shell:create_environment_hook('serial_motor_demo_msgs', 'pythonpath')
[2.990s] INFO:colcon.colcon_core.shell:Creating environment hook '/home/olympusolutions/senior_ws/install/serial_motor_demo_msgs/share/serial_motor_demo_msgs/hook/pythonpath.ps1'
[3.000s] INFO:colcon.colcon_core.shell:Creating environment descriptor '/home/olympusolutions/senior_ws/install/serial_motor_demo_msgs/share/serial_motor_demo_msgs/hook/pythonpath.dsv'
[3.002s] INFO:colcon.colcon_core.shell:Creating environment hook '/home/olympusolutions/senior_ws/install/serial_motor_demo_msgs/share/serial_motor_demo_msgs/hook/pythonpath.sh'
[3.014s] Level 1:colcon.colcon_core.environment:checking '/home/olympusolutions/senior_ws/install/serial_motor_demo_msgs/bin'
[3.018s] INFO:colcon.colcon_core.shell:Creating package script '/home/olympusolutions/senior_ws/install/serial_motor_demo_msgs/share/serial_motor_demo_msgs/package.ps1'
[3.023s] INFO:colcon.colcon_core.shell:Creating package descriptor '/home/olympusolutions/senior_ws/install/serial_motor_demo_msgs/share/serial_motor_demo_msgs/package.dsv'
[3.027s] INFO:colcon.colcon_core.shell:Creating package script '/home/olympusolutions/senior_ws/install/serial_motor_demo_msgs/share/serial_motor_demo_msgs/package.sh'
[3.038s] INFO:colcon.colcon_core.shell:Creating package script '/home/olympusolutions/senior_ws/install/serial_motor_demo_msgs/share/serial_motor_demo_msgs/package.bash'
[3.040s] INFO:colcon.colcon_core.shell:Creating package script '/home/olympusolutions/senior_ws/install/serial_motor_demo_msgs/share/serial_motor_demo_msgs/package.zsh'
[3.042s] Level 1:colcon.colcon_core.environment:create_file_with_runtime_dependencies(/home/olympusolutions/senior_ws/install/serial_motor_demo_msgs/share/colcon-core/packages/serial_motor_demo_msgs)
[3.046s] INFO:colcon.colcon_ros.task.ament_python.build:Building ROS package in '/home/olympusolutions/senior_ws/src/riley_ws/src/my_package' with build type 'ament_python'
[3.046s] Level 1:colcon.colcon_core.shell:create_environment_hook('my_package', 'ament_prefix_path')
[3.048s] INFO:colcon.colcon_core.shell:Creating environment hook '/home/olympusolutions/senior_ws/install/my_package/share/my_package/hook/ament_prefix_path.ps1'
[3.053s] INFO:colcon.colcon_core.shell:Creating environment descriptor '/home/olympusolutions/senior_ws/install/my_package/share/my_package/hook/ament_prefix_path.dsv'
[3.068s] INFO:colcon.colcon_core.shell:Creating environment hook '/home/olympusolutions/senior_ws/install/my_package/share/my_package/hook/ament_prefix_path.sh'
[3.072s] INFO:colcon.colcon_core.shell:Skip shell extension 'powershell' for command environment: Not usable outside of PowerShell
[3.072s] DEBUG:colcon.colcon_core.shell:Skip shell extension 'dsv' for command environment
[3.113s] DEBUG:colcon.colcon_core.event_handler.log_command:Invoked command in '/home/olympusolutions/senior_ws/build/minibot' returned '0': CMAKE_PREFIX_PATH=${CMAKE_PREFIX_PATH}:/home/olympusolutions/senior_ws/install/twist_stamper:/home/olympusolutions/senior_ws/install/serial_motor_demo:/home/olympusolutions/senior_ws/install/my_package:/home/olympusolutions/senior_ws/install/listener_package:/home/olympusolutions/senior_ws/install/joy_tester:/opt/ros/jazzy DEBUGINFOD_URLS=https://debuginfod.ubuntu.com /usr/bin/cmake --build /home/olympusolutions/senior_ws/build/minibot -- -j4 -l4
[3.120s] DEBUG:colcon.colcon_core.event_handler.log_command:Invoking command in '/home/olympusolutions/senior_ws/build/minibot': CMAKE_PREFIX_PATH=${CMAKE_PREFIX_PATH}:/home/olympusolutions/senior_ws/install/twist_stamper:/home/olympusolutions/senior_ws/install/serial_motor_demo:/home/olympusolutions/senior_ws/install/my_package:/home/olympusolutions/senior_ws/install/listener_package:/home/olympusolutions/senior_ws/install/joy_tester:/opt/ros/jazzy DEBUGINFOD_URLS=https://debuginfod.ubuntu.com /usr/bin/cmake --install /home/olympusolutions/senior_ws/build/minibot
[4.187s] INFO:colcon.colcon_core.task.python.build:Building Python package in '/home/olympusolutions/senior_ws/src/riley_ws/src/my_package'
[4.188s] INFO:colcon.colcon_core.shell:Skip shell extension 'powershell' for command environment: Not usable outside of PowerShell
[4.188s] DEBUG:colcon.colcon_core.shell:Skip shell extension 'dsv' for command environment
[4.216s] DEBUG:colcon.colcon_core.event_handler.log_command:Invoking command in '/home/olympusolutions/senior_ws/src/joy_tester': DEBUGINFOD_URLS=https://debuginfod.ubuntu.com PYTHONPATH=/home/olympusolutions/senior_ws/build/joy_tester/prefix_override:/usr/lib/python3/dist-packages/colcon_core/task/python/colcon_distutils_commands:/home/olympusolutions/senior_ws/install/joy_tester/lib/python3.12/site-packages:${PYTHONPATH} /usr/bin/python3 -W ignore:setup.py install is deprecated -W ignore:easy_install command is deprecated setup.py egg_info --egg-base ../../build/joy_tester build --build-base /home/olympusolutions/senior_ws/build/joy_tester/build install --record /home/olympusolutions/senior_ws/build/joy_tester/install.log --single-version-externally-managed install_data
[4.228s] Level 1:colcon.colcon_core.environment:create_environment_scripts_only(minibot)
[4.229s] Level 1:colcon.colcon_core.environment:checking '/home/olympusolutions/senior_ws/install/minibot' for CMake module files
[4.231s] Level 1:colcon.colcon_core.environment:checking '/home/olympusolutions/senior_ws/install/minibot' for CMake config files
[4.236s] DEBUG:colcon.colcon_core.event_handler.log_command:Invoked command in '/home/olympusolutions/senior_ws/build/minibot' returned '0': CMAKE_PREFIX_PATH=${CMAKE_PREFIX_PATH}:/home/olympusolutions/senior_ws/install/twist_stamper:/home/olympusolutions/senior_ws/install/serial_motor_demo:/home/olympusolutions/senior_ws/install/my_package:/home/olympusolutions/senior_ws/install/listener_package:/home/olympusolutions/senior_ws/install/joy_tester:/opt/ros/jazzy DEBUGINFOD_URLS=https://debuginfod.ubuntu.com /usr/bin/cmake --install /home/olympusolutions/senior_ws/build/minibot
[4.244s] Level 1:colcon.colcon_core.shell:create_environment_hook('minibot', 'cmake_prefix_path')
[4.245s] INFO:colcon.colcon_core.shell:Creating environment hook '/home/olympusolutions/senior_ws/install/minibot/share/minibot/hook/cmake_prefix_path.ps1'
[4.262s] INFO:colcon.colcon_core.shell:Creating environment descriptor '/home/olympusolutions/senior_ws/install/minibot/share/minibot/hook/cmake_prefix_path.dsv'
[4.279s] INFO:colcon.colcon_core.shell:Creating environment hook '/home/olympusolutions/senior_ws/install/minibot/share/minibot/hook/cmake_prefix_path.sh'
[4.282s] Level 1:colcon.colcon_core.environment:checking '/home/olympusolutions/senior_ws/install/minibot/lib'
[4.293s] Level 1:colcon.colcon_core.environment:checking '/home/olympusolutions/senior_ws/install/minibot/bin'
[4.294s] Level 1:colcon.colcon_core.environment:checking '/home/olympusolutions/senior_ws/install/minibot/lib/pkgconfig/minibot.pc'
[4.294s] Level 1:colcon.colcon_core.environment:checking '/home/olympusolutions/senior_ws/install/minibot/lib/python3.12/site-packages'
[4.295s] Level 1:colcon.colcon_core.environment:checking '/home/olympusolutions/senior_ws/install/minibot/bin'
[4.295s] INFO:colcon.colcon_core.shell:Creating package script '/home/olympusolutions/senior_ws/install/minibot/share/minibot/package.ps1'
[4.308s] INFO:colcon.colcon_core.shell:Creating package descriptor '/home/olympusolutions/senior_ws/install/minibot/share/minibot/package.dsv'
[4.323s] INFO:colcon.colcon_core.shell:Creating package script '/home/olympusolutions/senior_ws/install/minibot/share/minibot/package.sh'
[4.324s] INFO:colcon.colcon_core.shell:Creating package script '/home/olympusolutions/senior_ws/install/minibot/share/minibot/package.bash'
[4.341s] INFO:colcon.colcon_core.shell:Creating package script '/home/olympusolutions/senior_ws/install/minibot/share/minibot/package.zsh'
[4.356s] Level 1:colcon.colcon_core.environment:create_file_with_runtime_dependencies(/home/olympusolutions/senior_ws/install/minibot/share/colcon-core/packages/minibot)
[4.362s] Level 1:colcon.colcon_core.environment:create_environment_scripts_only(minibot)
[4.362s] Level 1:colcon.colcon_core.environment:checking '/home/olympusolutions/senior_ws/install/minibot' for CMake module files
[4.377s] Level 1:colcon.colcon_core.environment:checking '/home/olympusolutions/senior_ws/install/minibot' for CMake config files
[4.393s] Level 1:colcon.colcon_core.shell:create_environment_hook('minibot', 'cmake_prefix_path')
[4.394s] INFO:colcon.colcon_core.shell:Creating environment hook '/home/olympusolutions/senior_ws/install/minibot/share/minibot/hook/cmake_prefix_path.ps1'
[4.405s] INFO:colcon.colcon_core.shell:Creating environment descriptor '/home/olympusolutions/senior_ws/install/minibot/share/minibot/hook/cmake_prefix_path.dsv'
[4.413s] INFO:colcon.colcon_core.shell:Creating environment hook '/home/olympusolutions/senior_ws/install/minibot/share/minibot/hook/cmake_prefix_path.sh'
[4.418s] Level 1:colcon.colcon_core.environment:checking '/home/olympusolutions/senior_ws/install/minibot/lib'
[4.422s] Level 1:colcon.colcon_core.environment:checking '/home/olympusolutions/senior_ws/install/minibot/bin'
[4.423s] Level 1:colcon.colcon_core.environment:checking '/home/olympusolutions/senior_ws/install/minibot/lib/pkgconfig/minibot.pc'
[4.423s] Level 1:colcon.colcon_core.environment:checking '/home/olympusolutions/senior_ws/install/minibot/lib/python3.12/site-packages'
[4.426s] Level 1:colcon.colcon_core.environment:checking '/home/olympusolutions/senior_ws/install/minibot/bin'
[4.427s] INFO:colcon.colcon_core.shell:Creating package script '/home/olympusolutions/senior_ws/install/minibot/share/minibot/package.ps1'
[4.434s] INFO:colcon.colcon_core.shell:Creating package descriptor '/home/olympusolutions/senior_ws/install/minibot/share/minibot/package.dsv'
[4.436s] INFO:colcon.colcon_core.shell:Creating package script '/home/olympusolutions/senior_ws/install/minibot/share/minibot/package.sh'
[4.447s] INFO:colcon.colcon_core.shell:Creating package script '/home/olympusolutions/senior_ws/install/minibot/share/minibot/package.bash'
[4.459s] INFO:colcon.colcon_core.shell:Creating package script '/home/olympusolutions/senior_ws/install/minibot/share/minibot/package.zsh'
[4.468s] Level 1:colcon.colcon_core.environment:create_file_with_runtime_dependencies(/home/olympusolutions/senior_ws/install/minibot/share/colcon-core/packages/minibot)
[4.478s] INFO:colcon.colcon_ros.task.ament_cmake.build:Building ROS package in '/home/olympusolutions/senior_ws/src/serial' with build type 'ament_cmake'
[4.479s] INFO:colcon.colcon_cmake.task.cmake.build:Building CMake package in '/home/olympusolutions/senior_ws/src/serial'
[4.487s] INFO:colcon.colcon_core.shell:Skip shell extension 'powershell' for command environment: Not usable outside of PowerShell
[4.490s] DEBUG:colcon.colcon_core.shell:Skip shell extension 'dsv' for command environment
[4.592s] DEBUG:colcon.colcon_core.event_handler.log_command:Invoking command in '/home/olympusolutions/senior_ws/build/serial': CMAKE_PREFIX_PATH=${CMAKE_PREFIX_PATH}:/home/olympusolutions/senior_ws/install/twist_stamper:/home/olympusolutions/senior_ws/install/serial_motor_demo:/home/olympusolutions/senior_ws/install/my_package:/home/olympusolutions/senior_ws/install/listener_package:/home/olympusolutions/senior_ws/install/joy_tester:/opt/ros/jazzy DEBUGINFOD_URLS=https://debuginfod.ubuntu.com /usr/bin/cmake --build /home/olympusolutions/senior_ws/build/serial -- -j4 -l4
[5.577s] DEBUG:colcon.colcon_core.event_handler.log_command:Invoked command in '/home/olympusolutions/senior_ws/build/serial' returned '0': CMAKE_PREFIX_PATH=${CMAKE_PREFIX_PATH}:/home/olympusolutions/senior_ws/install/twist_stamper:/home/olympusolutions/senior_ws/install/serial_motor_demo:/home/olympusolutions/senior_ws/install/my_package:/home/olympusolutions/senior_ws/install/listener_package:/home/olympusolutions/senior_ws/install/joy_tester:/opt/ros/jazzy DEBUGINFOD_URLS=https://debuginfod.ubuntu.com /usr/bin/cmake --build /home/olympusolutions/senior_ws/build/serial -- -j4 -l4
[5.578s] DEBUG:colcon.colcon_core.event_handler.log_command:Invoking command in '/home/olympusolutions/senior_ws/build/serial': CMAKE_PREFIX_PATH=${CMAKE_PREFIX_PATH}:/home/olympusolutions/senior_ws/install/twist_stamper:/home/olympusolutions/senior_ws/install/serial_motor_demo:/home/olympusolutions/senior_ws/install/my_package:/home/olympusolutions/senior_ws/install/listener_package:/home/olympusolutions/senior_ws/install/joy_tester:/opt/ros/jazzy DEBUGINFOD_URLS=https://debuginfod.ubuntu.com /usr/bin/cmake --install /home/olympusolutions/senior_ws/build/serial
[5.761s] Level 1:colcon.colcon_core.environment:create_environment_scripts_only(serial)
[5.763s] Level 1:colcon.colcon_core.environment:checking '/home/olympusolutions/senior_ws/install/serial' for CMake module files
[5.766s] DEBUG:colcon.colcon_core.event_handler.log_command:Invoked command in '/home/olympusolutions/senior_ws/build/serial' returned '0': CMAKE_PREFIX_PATH=${CMAKE_PREFIX_PATH}:/home/olympusolutions/senior_ws/install/twist_stamper:/home/olympusolutions/senior_ws/install/serial_motor_demo:/home/olympusolutions/senior_ws/install/my_package:/home/olympusolutions/senior_ws/install/listener_package:/home/olympusolutions/senior_ws/install/joy_tester:/opt/ros/jazzy DEBUGINFOD_URLS=https://debuginfod.ubuntu.com /usr/bin/cmake --install /home/olympusolutions/senior_ws/build/serial
[5.770s] Level 1:colcon.colcon_core.environment:checking '/home/olympusolutions/senior_ws/install/serial' for CMake config files
[5.771s] Level 1:colcon.colcon_core.shell:create_environment_hook('serial', 'cmake_prefix_path')
[5.776s] INFO:colcon.colcon_core.shell:Creating environment hook '/home/olympusolutions/senior_ws/install/serial/share/serial/hook/cmake_prefix_path.ps1'
[5.781s] INFO:colcon.colcon_core.shell:Creating environment descriptor '/home/olympusolutions/senior_ws/install/serial/share/serial/hook/cmake_prefix_path.dsv'
[5.786s] INFO:colcon.colcon_core.shell:Creating environment hook '/home/olympusolutions/senior_ws/install/serial/share/serial/hook/cmake_prefix_path.sh'
[5.796s] Level 1:colcon.colcon_core.environment:checking '/home/olympusolutions/senior_ws/install/serial/lib'
[5.809s] Level 1:colcon.colcon_core.environment:checking '/home/olympusolutions/senior_ws/install/serial/bin'
[5.809s] Level 1:colcon.colcon_core.environment:checking '/home/olympusolutions/senior_ws/install/serial/lib/pkgconfig/serial.pc'
[5.813s] Level 1:colcon.colcon_core.environment:checking '/home/olympusolutions/senior_ws/install/serial/lib/python3.12/site-packages'
[5.814s] Level 1:colcon.colcon_core.environment:checking '/home/olympusolutions/senior_ws/install/serial/bin'
[5.818s] INFO:colcon.colcon_core.shell:Creating package script '/home/olympusolutions/senior_ws/install/serial/share/serial/package.ps1'
[5.824s] INFO:colcon.colcon_core.shell:Creating package descriptor '/home/olympusolutions/senior_ws/install/serial/share/serial/package.dsv'
[5.828s] INFO:colcon.colcon_core.shell:Creating package script '/home/olympusolutions/senior_ws/install/serial/share/serial/package.sh'
[5.835s] INFO:colcon.colcon_core.shell:Creating package script '/home/olympusolutions/senior_ws/install/serial/share/serial/package.bash'
[5.839s] INFO:colcon.colcon_core.shell:Creating package script '/home/olympusolutions/senior_ws/install/serial/share/serial/package.zsh'
[5.842s] Level 1:colcon.colcon_core.environment:create_file_with_runtime_dependencies(/home/olympusolutions/senior_ws/install/serial/share/colcon-core/packages/serial)
[5.843s] Level 1:colcon.colcon_core.environment:create_environment_scripts_only(serial)
[5.844s] Level 1:colcon.colcon_core.environment:checking '/home/olympusolutions/senior_ws/install/serial' for CMake module files
[5.845s] Level 1:colcon.colcon_core.environment:checking '/home/olympusolutions/senior_ws/install/serial' for CMake config files
[5.845s] Level 1:colcon.colcon_core.shell:create_environment_hook('serial', 'cmake_prefix_path')
[5.846s] INFO:colcon.colcon_core.shell:Creating environment hook '/home/olympusolutions/senior_ws/install/serial/share/serial/hook/cmake_prefix_path.ps1'
[5.847s] INFO:colcon.colcon_core.shell:Creating environment descriptor '/home/olympusolutions/senior_ws/install/serial/share/serial/hook/cmake_prefix_path.dsv'
[5.850s] INFO:colcon.colcon_core.shell:Creating environment hook '/home/olympusolutions/senior_ws/install/serial/share/serial/hook/cmake_prefix_path.sh'
[5.855s] Level 1:colcon.colcon_core.environment:checking '/home/olympusolutions/senior_ws/install/serial/lib'
[5.855s] Level 1:colcon.colcon_core.environment:checking '/home/olympusolutions/senior_ws/install/serial/bin'
[5.856s] Level 1:colcon.colcon_core.environment:checking '/home/olympusolutions/senior_ws/install/serial/lib/pkgconfig/serial.pc'
[5.859s] Level 1:colcon.colcon_core.environment:checking '/home/olympusolutions/senior_ws/install/serial/lib/python3.12/site-packages'
[5.859s] Level 1:colcon.colcon_core.environment:checking '/home/olympusolutions/senior_ws/install/serial/bin'
[5.860s] INFO:colcon.colcon_core.shell:Creating package script '/home/olympusolutions/senior_ws/install/serial/share/serial/package.ps1'
[5.864s] INFO:colcon.colcon_core.shell:Creating package descriptor '/home/olympusolutions/senior_ws/install/serial/share/serial/package.dsv'
[5.867s] INFO:colcon.colcon_core.shell:Creating package script '/home/olympusolutions/senior_ws/install/serial/share/serial/package.sh'
[5.874s] INFO:colcon.colcon_core.shell:Creating package script '/home/olympusolutions/senior_ws/install/serial/share/serial/package.bash'
[5.878s] INFO:colcon.colcon_core.shell:Creating package script '/home/olympusolutions/senior_ws/install/serial/share/serial/package.zsh'
[5.883s] Level 1:colcon.colcon_core.environment:create_file_with_runtime_dependencies(/home/olympusolutions/senior_ws/install/serial/share/colcon-core/packages/serial)
[5.884s] INFO:colcon.colcon_ros.task.ament_cmake.build:Building ROS package in '/home/olympusolutions/senior_ws/src/sllidar_ros2' with build type 'ament_cmake'
[5.886s] INFO:colcon.colcon_cmake.task.cmake.build:Building CMake package in '/home/olympusolutions/senior_ws/src/sllidar_ros2'
[5.888s] INFO:colcon.colcon_core.shell:Skip shell extension 'powershell' for command environment: Not usable outside of PowerShell
[5.889s] DEBUG:colcon.colcon_core.shell:Skip shell extension 'dsv' for command environment
[5.921s] DEBUG:colcon.colcon_core.event_handler.log_command:Invoking command in '/home/olympusolutions/senior_ws/build/sllidar_ros2': CMAKE_PREFIX_PATH=${CMAKE_PREFIX_PATH}:/home/olympusolutions/senior_ws/install/twist_stamper:/home/olympusolutions/senior_ws/install/serial_motor_demo:/home/olympusolutions/senior_ws/install/my_package:/home/olympusolutions/senior_ws/install/listener_package:/home/olympusolutions/senior_ws/install/joy_tester:/opt/ros/jazzy DEBUGINFOD_URLS=https://debuginfod.ubuntu.com /usr/bin/cmake --build /home/olympusolutions/senior_ws/build/sllidar_ros2 -- -j4 -l4
[6.428s] DEBUG:colcon.colcon_core.event_handler.log_command:Invoked command in '/home/olympusolutions/senior_ws/build/sllidar_ros2' returned '0': CMAKE_PREFIX_PATH=${CMAKE_PREFIX_PATH}:/home/olympusolutions/senior_ws/install/twist_stamper:/home/olympusolutions/senior_ws/install/serial_motor_demo:/home/olympusolutions/senior_ws/install/my_package:/home/olympusolutions/senior_ws/install/listener_package:/home/olympusolutions/senior_ws/install/joy_tester:/opt/ros/jazzy DEBUGINFOD_URLS=https://debuginfod.ubuntu.com /usr/bin/cmake --build /home/olympusolutions/senior_ws/build/sllidar_ros2 -- -j4 -l4
[6.434s] DEBUG:colcon.colcon_core.event_handler.log_command:Invoking command in '/home/olympusolutions/senior_ws/build/sllidar_ros2': CMAKE_PREFIX_PATH=${CMAKE_PREFIX_PATH}:/home/olympusolutions/senior_ws/install/twist_stamper:/home/olympusolutions/senior_ws/install/serial_motor_demo:/home/olympusolutions/senior_ws/install/my_package:/home/olympusolutions/senior_ws/install/listener_package:/home/olympusolutions/senior_ws/install/joy_tester:/opt/ros/jazzy DEBUGINFOD_URLS=https://debuginfod.ubuntu.com /usr/bin/cmake --install /home/olympusolutions/senior_ws/build/sllidar_ros2
[6.600s] Level 1:colcon.colcon_core.environment:create_environment_scripts_only(sllidar_ros2)
[6.604s] Level 1:colcon.colcon_core.environment:checking '/home/olympusolutions/senior_ws/install/sllidar_ros2' for CMake module files
[6.610s] DEBUG:colcon.colcon_core.event_handler.log_command:Invoked command in '/home/olympusolutions/senior_ws/build/sllidar_ros2' returned '0': CMAKE_PREFIX_PATH=${CMAKE_PREFIX_PATH}:/home/olympusolutions/senior_ws/install/twist_stamper:/home/olympusolutions/senior_ws/install/serial_motor_demo:/home/olympusolutions/senior_ws/install/my_package:/home/olympusolutions/senior_ws/install/listener_package:/home/olympusolutions/senior_ws/install/joy_tester:/opt/ros/jazzy DEBUGINFOD_URLS=https://debuginfod.ubuntu.com /usr/bin/cmake --install /home/olympusolutions/senior_ws/build/sllidar_ros2
[6.628s] Level 1:colcon.colcon_core.environment:checking '/home/olympusolutions/senior_ws/install/sllidar_ros2' for CMake config files
[6.629s] Level 1:colcon.colcon_core.shell:create_environment_hook('sllidar_ros2', 'cmake_prefix_path')
[6.636s] INFO:colcon.colcon_core.shell:Creating environment hook '/home/olympusolutions/senior_ws/install/sllidar_ros2/share/sllidar_ros2/hook/cmake_prefix_path.ps1'
[6.643s] INFO:colcon.colcon_core.shell:Creating environment descriptor '/home/olympusolutions/senior_ws/install/sllidar_ros2/share/sllidar_ros2/hook/cmake_prefix_path.dsv'
[6.649s] INFO:colcon.colcon_core.shell:Creating environment hook '/home/olympusolutions/senior_ws/install/sllidar_ros2/share/sllidar_ros2/hook/cmake_prefix_path.sh'
[6.655s] Level 1:colcon.colcon_core.environment:checking '/home/olympusolutions/senior_ws/install/sllidar_ros2/lib'
[6.657s] Level 1:colcon.colcon_core.environment:checking '/home/olympusolutions/senior_ws/install/sllidar_ros2/bin'
[6.658s] Level 1:colcon.colcon_core.environment:checking '/home/olympusolutions/senior_ws/install/sllidar_ros2/lib/pkgconfig/sllidar_ros2.pc'
[6.660s] Level 1:colcon.colcon_core.environment:checking '/home/olympusolutions/senior_ws/install/sllidar_ros2/lib/python3.12/site-packages'
[6.660s] Level 1:colcon.colcon_core.environment:checking '/home/olympusolutions/senior_ws/install/sllidar_ros2/bin'
[6.663s] INFO:colcon.colcon_core.shell:Creating package script '/home/olympusolutions/senior_ws/install/sllidar_ros2/share/sllidar_ros2/package.ps1'
[6.669s] INFO:colcon.colcon_core.shell:Creating package descriptor '/home/olympusolutions/senior_ws/install/sllidar_ros2/share/sllidar_ros2/package.dsv'
[6.675s] INFO:colcon.colcon_core.shell:Creating package script '/home/olympusolutions/senior_ws/install/sllidar_ros2/share/sllidar_ros2/package.sh'
[6.686s] INFO:colcon.colcon_core.shell:Creating package script '/home/olympusolutions/senior_ws/install/sllidar_ros2/share/sllidar_ros2/package.bash'
[6.694s] INFO:colcon.colcon_core.shell:Creating package script '/home/olympusolutions/senior_ws/install/sllidar_ros2/share/sllidar_ros2/package.zsh'
[6.699s] Level 1:colcon.colcon_core.environment:create_file_with_runtime_dependencies(/home/olympusolutions/senior_ws/install/sllidar_ros2/share/colcon-core/packages/sllidar_ros2)
[6.704s] Level 1:colcon.colcon_core.environment:create_environment_scripts_only(sllidar_ros2)
[6.706s] Level 1:colcon.colcon_core.environment:checking '/home/olympusolutions/senior_ws/install/sllidar_ros2' for CMake module files
[6.709s] Level 1:colcon.colcon_core.environment:checking '/home/olympusolutions/senior_ws/install/sllidar_ros2' for CMake config files
[6.710s] Level 1:colcon.colcon_core.shell:create_environment_hook('sllidar_ros2', 'cmake_prefix_path')
[6.713s] INFO:colcon.colcon_core.shell:Creating environment hook '/home/olympusolutions/senior_ws/install/sllidar_ros2/share/sllidar_ros2/hook/cmake_prefix_path.ps1'
[6.721s] INFO:colcon.colcon_core.shell:Creating environment descriptor '/home/olympusolutions/senior_ws/install/sllidar_ros2/share/sllidar_ros2/hook/cmake_prefix_path.dsv'
[6.729s] INFO:colcon.colcon_core.shell:Creating environment hook '/home/olympusolutions/senior_ws/install/sllidar_ros2/share/sllidar_ros2/hook/cmake_prefix_path.sh'
[6.740s] Level 1:colcon.colcon_core.environment:checking '/home/olympusolutions/senior_ws/install/sllidar_ros2/lib'
[6.742s] Level 1:colcon.colcon_core.environment:checking '/home/olympusolutions/senior_ws/install/sllidar_ros2/bin'
[6.752s] Level 1:colcon.colcon_core.environment:checking '/home/olympusolutions/senior_ws/install/sllidar_ros2/lib/pkgconfig/sllidar_ros2.pc'
[6.756s] Level 1:colcon.colcon_core.environment:checking '/home/olympusolutions/senior_ws/install/sllidar_ros2/lib/python3.12/site-packages'
[6.756s] Level 1:colcon.colcon_core.environment:checking '/home/olympusolutions/senior_ws/install/sllidar_ros2/bin'
[6.760s] INFO:colcon.colcon_core.shell:Creating package script '/home/olympusolutions/senior_ws/install/sllidar_ros2/share/sllidar_ros2/package.ps1'
[6.771s] INFO:colcon.colcon_core.shell:Creating package descriptor '/home/olympusolutions/senior_ws/install/sllidar_ros2/share/sllidar_ros2/package.dsv'
[6.773s] INFO:colcon.colcon_core.shell:Creating package script '/home/olympusolutions/senior_ws/install/sllidar_ros2/share/sllidar_ros2/package.sh'
[6.783s] INFO:colcon.colcon_core.shell:Creating package script '/home/olympusolutions/senior_ws/install/sllidar_ros2/share/sllidar_ros2/package.bash'
[6.785s] INFO:colcon.colcon_core.shell:Creating package script '/home/olympusolutions/senior_ws/install/sllidar_ros2/share/sllidar_ros2/package.zsh'
[6.788s] Level 1:colcon.colcon_core.environment:create_file_with_runtime_dependencies(/home/olympusolutions/senior_ws/install/sllidar_ros2/share/colcon-core/packages/sllidar_ros2)
[6.789s] INFO:colcon.colcon_ros.task.ament_python.build:Building ROS package in '/home/olympusolutions/senior_ws/src/twist_stamper' with build type 'ament_python'
[6.795s] Level 1:colcon.colcon_core.shell:create_environment_hook('twist_stamper', 'ament_prefix_path')
[6.799s] INFO:colcon.colcon_core.shell:Creating environment hook '/home/olympusolutions/senior_ws/install/twist_stamper/share/twist_stamper/hook/ament_prefix_path.ps1'
[6.803s] INFO:colcon.colcon_core.shell:Creating environment descriptor '/home/olympusolutions/senior_ws/install/twist_stamper/share/twist_stamper/hook/ament_prefix_path.dsv'
[6.809s] INFO:colcon.colcon_core.shell:Creating environment hook '/home/olympusolutions/senior_ws/install/twist_stamper/share/twist_stamper/hook/ament_prefix_path.sh'
[6.820s] INFO:colcon.colcon_core.shell:Skip shell extension 'powershell' for command environment: Not usable outside of PowerShell
[6.822s] DEBUG:colcon.colcon_core.shell:Skip shell extension 'dsv' for command environment
[8.521s] INFO:colcon.colcon_core.task.python.build:Building Python package in '/home/olympusolutions/senior_ws/src/twist_stamper'
[8.522s] INFO:colcon.colcon_core.shell:Skip shell extension 'powershell' for command environment: Not usable outside of PowerShell
[8.522s] DEBUG:colcon.colcon_core.shell:Skip shell extension 'dsv' for command environment
[8.750s] DEBUG:colcon.colcon_core.event_handler.log_command:Invoking command in '/home/olympusolutions/senior_ws/src/riley_ws/src/listener_package': DEBUGINFOD_URLS=https://debuginfod.ubuntu.com PYTHONPATH=/home/olympusolutions/senior_ws/build/listener_package/prefix_override:/usr/lib/python3/dist-packages/colcon_core/task/python/colcon_distutils_commands:/home/olympusolutions/senior_ws/install/listener_package/lib/python3.12/site-packages:${PYTHONPATH} /usr/bin/python3 -W ignore:setup.py install is deprecated -W ignore:easy_install command is deprecated setup.py egg_info --egg-base ../../../../build/listener_package build --build-base /home/olympusolutions/senior_ws/build/listener_package/build install --record /home/olympusolutions/senior_ws/build/listener_package/install.log --single-version-externally-managed install_data
[9.196s] Level 1:colcon.colcon_core.environment:checking '/home/olympusolutions/senior_ws/install/joy_tester' for CMake module files
[9.200s] DEBUG:colcon.colcon_core.event_handler.log_command:Invoked command in '/home/olympusolutions/senior_ws/src/joy_tester' returned '0': DEBUGINFOD_URLS=https://debuginfod.ubuntu.com PYTHONPATH=/home/olympusolutions/senior_ws/build/joy_tester/prefix_override:/usr/lib/python3/dist-packages/colcon_core/task/python/colcon_distutils_commands:/home/olympusolutions/senior_ws/install/joy_tester/lib/python3.12/site-packages:${PYTHONPATH} /usr/bin/python3 -W ignore:setup.py install is deprecated -W ignore:easy_install command is deprecated setup.py egg_info --egg-base ../../build/joy_tester build --build-base /home/olympusolutions/senior_ws/build/joy_tester/build install --record /home/olympusolutions/senior_ws/build/joy_tester/install.log --single-version-externally-managed install_data
[9.205s] Level 1:colcon.colcon_core.environment:checking '/home/olympusolutions/senior_ws/install/joy_tester' for CMake config files
[9.217s] Level 1:colcon.colcon_core.environment:checking '/home/olympusolutions/senior_ws/install/joy_tester/lib'
[9.223s] Level 1:colcon.colcon_core.environment:checking '/home/olympusolutions/senior_ws/install/joy_tester/bin'
[9.223s] Level 1:colcon.colcon_core.environment:checking '/home/olympusolutions/senior_ws/install/joy_tester/lib/pkgconfig/joy_tester.pc'
[9.225s] Level 1:colcon.colcon_core.environment:checking '/home/olympusolutions/senior_ws/install/joy_tester/lib/python3.12/site-packages'
[9.226s] Level 1:colcon.colcon_core.shell:create_environment_hook('joy_tester', 'pythonpath')
[9.239s] INFO:colcon.colcon_core.shell:Creating environment hook '/home/olympusolutions/senior_ws/install/joy_tester/share/joy_tester/hook/pythonpath.ps1'
[9.249s] INFO:colcon.colcon_core.shell:Creating environment descriptor '/home/olympusolutions/senior_ws/install/joy_tester/share/joy_tester/hook/pythonpath.dsv'
[9.253s] INFO:colcon.colcon_core.shell:Creating environment hook '/home/olympusolutions/senior_ws/install/joy_tester/share/joy_tester/hook/pythonpath.sh'
[9.256s] Level 1:colcon.colcon_core.environment:checking '/home/olympusolutions/senior_ws/install/joy_tester/bin'
[9.257s] Level 1:colcon.colcon_core.environment:create_environment_scripts_only(joy_tester)
[9.258s] INFO:colcon.colcon_core.shell:Creating package script '/home/olympusolutions/senior_ws/install/joy_tester/share/joy_tester/package.ps1'
[9.260s] INFO:colcon.colcon_core.shell:Creating package descriptor '/home/olympusolutions/senior_ws/install/joy_tester/share/joy_tester/package.dsv'
[9.270s] INFO:colcon.colcon_core.shell:Creating package script '/home/olympusolutions/senior_ws/install/joy_tester/share/joy_tester/package.sh'
[9.276s] INFO:colcon.colcon_core.shell:Creating package script '/home/olympusolutions/senior_ws/install/joy_tester/share/joy_tester/package.bash'
[9.286s] INFO:colcon.colcon_core.shell:Creating package script '/home/olympusolutions/senior_ws/install/joy_tester/share/joy_tester/package.zsh'
[9.288s] Level 1:colcon.colcon_core.environment:create_file_with_runtime_dependencies(/home/olympusolutions/senior_ws/install/joy_tester/share/colcon-core/packages/joy_tester)
[9.294s] INFO:colcon.colcon_ros.task.ament_python.build:Building ROS package in '/home/olympusolutions/senior_ws/src/serial_motor_demo/serial_motor_demo' with build type 'ament_python'
[9.294s] Level 1:colcon.colcon_core.shell:create_environment_hook('serial_motor_demo', 'ament_prefix_path')
[9.299s] INFO:colcon.colcon_core.shell:Creating environment hook '/home/olympusolutions/senior_ws/install/serial_motor_demo/share/serial_motor_demo/hook/ament_prefix_path.ps1'
[9.305s] INFO:colcon.colcon_core.shell:Creating environment descriptor '/home/olympusolutions/senior_ws/install/serial_motor_demo/share/serial_motor_demo/hook/ament_prefix_path.dsv'
[9.310s] INFO:colcon.colcon_core.shell:Creating environment hook '/home/olympusolutions/senior_ws/install/serial_motor_demo/share/serial_motor_demo/hook/ament_prefix_path.sh'
[9.322s] INFO:colcon.colcon_core.shell:Skip shell extension 'powershell' for command environment: Not usable outside of PowerShell
[9.323s] DEBUG:colcon.colcon_core.shell:Skip shell extension 'dsv' for command environment
[10.922s] INFO:colcon.colcon_core.task.python.build:Building Python package in '/home/olympusolutions/senior_ws/src/serial_motor_demo/serial_motor_demo'
[10.924s] INFO:colcon.colcon_core.shell:Skip shell extension 'powershell' for command environment: Not usable outside of PowerShell
[10.925s] DEBUG:colcon.colcon_core.shell:Skip shell extension 'dsv' for command environment
[10.976s] DEBUG:colcon.colcon_core.event_handler.log_command:Invoking command in '/home/olympusolutions/senior_ws/src/riley_ws/src/my_package': DEBUGINFOD_URLS=https://debuginfod.ubuntu.com PYTHONPATH=/home/olympusolutions/senior_ws/build/my_package/prefix_override:/usr/lib/python3/dist-packages/colcon_core/task/python/colcon_distutils_commands:/home/olympusolutions/senior_ws/install/my_package/lib/python3.12/site-packages:${PYTHONPATH} /usr/bin/python3 -W ignore:setup.py install is deprecated -W ignore:easy_install command is deprecated setup.py egg_info --egg-base ../../../../build/my_package build --build-base /home/olympusolutions/senior_ws/build/my_package/build install --record /home/olympusolutions/senior_ws/build/my_package/install.log --single-version-externally-managed install_data
[11.176s] DEBUG:colcon.colcon_core.event_handler.log_command:Invoking command in '/home/olympusolutions/senior_ws/src/twist_stamper': DEBUGINFOD_URLS=https://debuginfod.ubuntu.com PYTHONPATH=/home/olympusolutions/senior_ws/build/twist_stamper/prefix_override:/usr/lib/python3/dist-packages/colcon_core/task/python/colcon_distutils_commands:/home/olympusolutions/senior_ws/install/twist_stamper/lib/python3.12/site-packages:${PYTHONPATH} /usr/bin/python3 -W ignore:setup.py install is deprecated -W ignore:easy_install command is deprecated setup.py egg_info --egg-base ../../build/twist_stamper build --build-base /home/olympusolutions/senior_ws/build/twist_stamper/build install --record /home/olympusolutions/senior_ws/build/twist_stamper/install.log --single-version-externally-managed install_data
[13.314s] Level 1:colcon.colcon_core.environment:checking '/home/olympusolutions/senior_ws/install/listener_package' for CMake module files
[13.316s] DEBUG:colcon.colcon_core.event_handler.log_command:Invoked command in '/home/olympusolutions/senior_ws/src/riley_ws/src/listener_package' returned '0': DEBUGINFOD_URLS=https://debuginfod.ubuntu.com PYTHONPATH=/home/olympusolutions/senior_ws/build/listener_package/prefix_override:/usr/lib/python3/dist-packages/colcon_core/task/python/colcon_distutils_commands:/home/olympusolutions/senior_ws/install/listener_package/lib/python3.12/site-packages:${PYTHONPATH} /usr/bin/python3 -W ignore:setup.py install is deprecated -W ignore:easy_install command is deprecated setup.py egg_info --egg-base ../../../../build/listener_package build --build-base /home/olympusolutions/senior_ws/build/listener_package/build install --record /home/olympusolutions/senior_ws/build/listener_package/install.log --single-version-externally-managed install_data
[13.318s] Level 1:colcon.colcon_core.environment:checking '/home/olympusolutions/senior_ws/install/listener_package' for CMake config files
[13.322s] Level 1:colcon.colcon_core.environment:checking '/home/olympusolutions/senior_ws/install/listener_package/lib'
[13.323s] Level 1:colcon.colcon_core.environment:checking '/home/olympusolutions/senior_ws/install/listener_package/bin'
[13.323s] Level 1:colcon.colcon_core.environment:checking '/home/olympusolutions/senior_ws/install/listener_package/lib/pkgconfig/listener_package.pc'
[13.323s] Level 1:colcon.colcon_core.environment:checking '/home/olympusolutions/senior_ws/install/listener_package/lib/python3.12/site-packages'
[13.324s] Level 1:colcon.colcon_core.shell:create_environment_hook('listener_package', 'pythonpath')
[13.327s] INFO:colcon.colcon_core.shell:Creating environment hook '/home/olympusolutions/senior_ws/install/listener_package/share/listener_package/hook/pythonpath.ps1'
[13.331s] INFO:colcon.colcon_core.shell:Creating environment descriptor '/home/olympusolutions/senior_ws/install/listener_package/share/listener_package/hook/pythonpath.dsv'
[13.335s] INFO:colcon.colcon_core.shell:Creating environment hook '/home/olympusolutions/senior_ws/install/listener_package/share/listener_package/hook/pythonpath.sh'
[13.342s] Level 1:colcon.colcon_core.environment:checking '/home/olympusolutions/senior_ws/install/listener_package/bin'
[13.343s] Level 1:colcon.colcon_core.environment:create_environment_scripts_only(listener_package)
[13.344s] INFO:colcon.colcon_core.shell:Creating package script '/home/olympusolutions/senior_ws/install/listener_package/share/listener_package/package.ps1'
[13.353s] INFO:colcon.colcon_core.shell:Creating package descriptor '/home/olympusolutions/senior_ws/install/listener_package/share/listener_package/package.dsv'
[13.360s] INFO:colcon.colcon_core.shell:Creating package script '/home/olympusolutions/senior_ws/install/listener_package/share/listener_package/package.sh'
[13.363s] INFO:colcon.colcon_core.shell:Creating package script '/home/olympusolutions/senior_ws/install/listener_package/share/listener_package/package.bash'
[13.368s] INFO:colcon.colcon_core.shell:Creating package script '/home/olympusolutions/senior_ws/install/listener_package/share/listener_package/package.zsh'
[13.372s] Level 1:colcon.colcon_core.environment:create_file_with_runtime_dependencies(/home/olympusolutions/senior_ws/install/listener_package/share/colcon-core/packages/listener_package)
[14.153s] Level 1:colcon.colcon_core.environment:checking '/home/olympusolutions/senior_ws/install/my_package' for CMake module files
[14.157s] DEBUG:colcon.colcon_core.event_handler.log_command:Invoked command in '/home/olympusolutions/senior_ws/src/riley_ws/src/my_package' returned '0': DEBUGINFOD_URLS=https://debuginfod.ubuntu.com PYTHONPATH=/home/olympusolutions/senior_ws/build/my_package/prefix_override:/usr/lib/python3/dist-packages/colcon_core/task/python/colcon_distutils_commands:/home/olympusolutions/senior_ws/install/my_package/lib/python3.12/site-packages:${PYTHONPATH} /usr/bin/python3 -W ignore:setup.py install is deprecated -W ignore:easy_install command is deprecated setup.py egg_info --egg-base ../../../../build/my_package build --build-base /home/olympusolutions/senior_ws/build/my_package/build install --record /home/olympusolutions/senior_ws/build/my_package/install.log --single-version-externally-managed install_data
[14.158s] Level 1:colcon.colcon_core.environment:checking '/home/olympusolutions/senior_ws/install/my_package' for CMake config files
[14.168s] Level 1:colcon.colcon_core.environment:checking '/home/olympusolutions/senior_ws/install/my_package/lib'
[14.169s] Level 1:colcon.colcon_core.environment:checking '/home/olympusolutions/senior_ws/install/my_package/bin'
[14.169s] Level 1:colcon.colcon_core.environment:checking '/home/olympusolutions/senior_ws/install/my_package/lib/pkgconfig/my_package.pc'
[14.169s] Level 1:colcon.colcon_core.environment:checking '/home/olympusolutions/senior_ws/install/my_package/lib/python3.12/site-packages'
[14.170s] Level 1:colcon.colcon_core.shell:create_environment_hook('my_package', 'pythonpath')
[14.174s] INFO:colcon.colcon_core.shell:Creating environment hook '/home/olympusolutions/senior_ws/install/my_package/share/my_package/hook/pythonpath.ps1'
[14.179s] INFO:colcon.colcon_core.shell:Creating environment descriptor '/home/olympusolutions/senior_ws/install/my_package/share/my_package/hook/pythonpath.dsv'
[14.188s] INFO:colcon.colcon_core.shell:Creating environment hook '/home/olympusolutions/senior_ws/install/my_package/share/my_package/hook/pythonpath.sh'
[14.196s] Level 1:colcon.colcon_core.environment:checking '/home/olympusolutions/senior_ws/install/my_package/bin'
[14.196s] Level 1:colcon.colcon_core.environment:create_environment_scripts_only(my_package)
[14.197s] INFO:colcon.colcon_core.shell:Creating package script '/home/olympusolutions/senior_ws/install/my_package/share/my_package/package.ps1'
[14.205s] INFO:colcon.colcon_core.shell:Creating package descriptor '/home/olympusolutions/senior_ws/install/my_package/share/my_package/package.dsv'
[14.216s] INFO:colcon.colcon_core.shell:Creating package script '/home/olympusolutions/senior_ws/install/my_package/share/my_package/package.sh'
[14.217s] INFO:colcon.colcon_core.shell:Creating package script '/home/olympusolutions/senior_ws/install/my_package/share/my_package/package.bash'
[14.227s] INFO:colcon.colcon_core.shell:Creating package script '/home/olympusolutions/senior_ws/install/my_package/share/my_package/package.zsh'
[14.232s] Level 1:colcon.colcon_core.environment:create_file_with_runtime_dependencies(/home/olympusolutions/senior_ws/install/my_package/share/colcon-core/packages/my_package)
[14.591s] Level 1:colcon.colcon_core.environment:checking '/home/olympusolutions/senior_ws/install/twist_stamper' for CMake module files
[14.593s] Level 1:colcon.colcon_core.environment:checking '/home/olympusolutions/senior_ws/install/twist_stamper' for CMake config files
[14.592s] DEBUG:colcon.colcon_core.event_handler.log_command:Invoked command in '/home/olympusolutions/senior_ws/src/twist_stamper' returned '0': DEBUGINFOD_URLS=https://debuginfod.ubuntu.com PYTHONPATH=/home/olympusolutions/senior_ws/build/twist_stamper/prefix_override:/usr/lib/python3/dist-packages/colcon_core/task/python/colcon_distutils_commands:/home/olympusolutions/senior_ws/install/twist_stamper/lib/python3.12/site-packages:${PYTHONPATH} /usr/bin/python3 -W ignore:setup.py install is deprecated -W ignore:easy_install command is deprecated setup.py egg_info --egg-base ../../build/twist_stamper build --build-base /home/olympusolutions/senior_ws/build/twist_stamper/build install --record /home/olympusolutions/senior_ws/build/twist_stamper/install.log --single-version-externally-managed install_data
[14.602s] Level 1:colcon.colcon_core.environment:checking '/home/olympusolutions/senior_ws/install/twist_stamper/lib'
[14.602s] Level 1:colcon.colcon_core.environment:checking '/home/olympusolutions/senior_ws/install/twist_stamper/bin'
[14.602s] Level 1:colcon.colcon_core.environment:checking '/home/olympusolutions/senior_ws/install/twist_stamper/lib/pkgconfig/twist_stamper.pc'
[14.605s] Level 1:colcon.colcon_core.environment:checking '/home/olympusolutions/senior_ws/install/twist_stamper/lib/python3.12/site-packages'
[14.606s] Level 1:colcon.colcon_core.shell:create_environment_hook('twist_stamper', 'pythonpath')
[14.609s] INFO:colcon.colcon_core.shell:Creating environment hook '/home/olympusolutions/senior_ws/install/twist_stamper/share/twist_stamper/hook/pythonpath.ps1'
[14.611s] INFO:colcon.colcon_core.shell:Creating environment descriptor '/home/olympusolutions/senior_ws/install/twist_stamper/share/twist_stamper/hook/pythonpath.dsv'
[14.615s] INFO:colcon.colcon_core.shell:Creating environment hook '/home/olympusolutions/senior_ws/install/twist_stamper/share/twist_stamper/hook/pythonpath.sh'
[14.617s] Level 1:colcon.colcon_core.environment:checking '/home/olympusolutions/senior_ws/install/twist_stamper/bin'
[14.618s] Level 1:colcon.colcon_core.environment:create_environment_scripts_only(twist_stamper)
[14.619s] INFO:colcon.colcon_core.shell:Creating package script '/home/olympusolutions/senior_ws/install/twist_stamper/share/twist_stamper/package.ps1'
[14.626s] INFO:colcon.colcon_core.shell:Creating package descriptor '/home/olympusolutions/senior_ws/install/twist_stamper/share/twist_stamper/package.dsv'
[14.628s] INFO:colcon.colcon_core.shell:Creating package script '/home/olympusolutions/senior_ws/install/twist_stamper/share/twist_stamper/package.sh'
[14.631s] INFO:colcon.colcon_core.shell:Creating package script '/home/olympusolutions/senior_ws/install/twist_stamper/share/twist_stamper/package.bash'
[14.634s] INFO:colcon.colcon_core.shell:Creating package script '/home/olympusolutions/senior_ws/install/twist_stamper/share/twist_stamper/package.zsh'
[14.638s] Level 1:colcon.colcon_core.environment:create_file_with_runtime_dependencies(/home/olympusolutions/senior_ws/install/twist_stamper/share/colcon-core/packages/twist_stamper)
[15.021s] DEBUG:colcon.colcon_core.event_handler.log_command:Invoking command in '/home/olympusolutions/senior_ws/src/serial_motor_demo/serial_motor_demo': CMAKE_PREFIX_PATH=/home/olympusolutions/senior_ws/install/serial_motor_demo_msgs:/home/olympusolutions/senior_ws/install/sllidar_ros2:/home/olympusolutions/senior_ws/install/serial:/home/olympusolutions/senior_ws/install/minibot:/home/olympusolutions/senior_ws/install/extender_arduino:/home/olympusolutions/senior_ws/install/diffdrive_arduino:/opt/ros/jazzy/opt/gz_sim_vendor:/opt/ros/jazzy/opt/gz_sensors_vendor:/opt/ros/jazzy/opt/gz_physics_vendor:/opt/ros/jazzy/opt/sdformat_vendor:/opt/ros/jazzy/opt/gz_gui_vendor:/opt/ros/jazzy/opt/gz_transport_vendor:/opt/ros/jazzy/opt/gz_rendering_vendor:/opt/ros/jazzy/opt/gz_plugin_vendor:/opt/ros/jazzy/opt/gz_fuel_tools_vendor:/opt/ros/jazzy/opt/gz_msgs_vendor:/opt/ros/jazzy/opt/gz_common_vendor:/opt/ros/jazzy/opt/gz_math_vendor:/opt/ros/jazzy/opt/gz_utils_vendor:/opt/ros/jazzy/opt/gz_tools_vendor:/opt/ros/jazzy/opt/gz_ogre_next_vendor:/opt/ros/jazzy/opt/gz_dartsim_vendor:/opt/ros/jazzy/opt/gz_cmake_vendor DEBUGINFOD_URLS=https://debuginfod.ubuntu.com PYTHONPATH=/home/olympusolutions/senior_ws/build/serial_motor_demo/prefix_override:/usr/lib/python3/dist-packages/colcon_core/task/python/colcon_distutils_commands:/home/olympusolutions/senior_ws/install/serial_motor_demo/lib/python3.12/site-packages:/home/olympusolutions/senior_ws/install/serial_motor_demo_msgs/lib/python3.12/site-packages:/home/olympusolutions/senior_ws/install/twist_stamper/lib/python3.12/site-packages:/home/olympusolutions/senior_ws/install/serial_motor_demo/lib/python3.12/site-packages:/home/olympusolutions/senior_ws/install/my_package/lib/python3.12/site-packages:/home/olympusolutions/senior_ws/install/listener_package/lib/python3.12/site-packages:/home/olympusolutions/senior_ws/install/joy_tester/lib/python3.12/site-packages:/opt/ros/jazzy/lib/python3.12/site-packages /usr/bin/python3 -W ignore:setup.py install is deprecated -W ignore:easy_install command is deprecated setup.py egg_info --egg-base ../../../build/serial_motor_demo build --build-base /home/olympusolutions/senior_ws/build/serial_motor_demo/build install --record /home/olympusolutions/senior_ws/build/serial_motor_demo/install.log --install-scripts $base/lib/serial_motor_demo --single-version-externally-managed install_data
[17.177s] Level 1:colcon.colcon_core.environment:checking '/home/olympusolutions/senior_ws/install/serial_motor_demo' for CMake module files
[17.181s] DEBUG:colcon.colcon_core.event_handler.log_command:Invoked command in '/home/olympusolutions/senior_ws/src/serial_motor_demo/serial_motor_demo' returned '0': CMAKE_PREFIX_PATH=/home/olympusolutions/senior_ws/install/serial_motor_demo_msgs:/home/olympusolutions/senior_ws/install/sllidar_ros2:/home/olympusolutions/senior_ws/install/serial:/home/olympusolutions/senior_ws/install/minibot:/home/olympusolutions/senior_ws/install/extender_arduino:/home/olympusolutions/senior_ws/install/diffdrive_arduino:/opt/ros/jazzy/opt/gz_sim_vendor:/opt/ros/jazzy/opt/gz_sensors_vendor:/opt/ros/jazzy/opt/gz_physics_vendor:/opt/ros/jazzy/opt/sdformat_vendor:/opt/ros/jazzy/opt/gz_gui_vendor:/opt/ros/jazzy/opt/gz_transport_vendor:/opt/ros/jazzy/opt/gz_rendering_vendor:/opt/ros/jazzy/opt/gz_plugin_vendor:/opt/ros/jazzy/opt/gz_fuel_tools_vendor:/opt/ros/jazzy/opt/gz_msgs_vendor:/opt/ros/jazzy/opt/gz_common_vendor:/opt/ros/jazzy/opt/gz_math_vendor:/opt/ros/jazzy/opt/gz_utils_vendor:/opt/ros/jazzy/opt/gz_tools_vendor:/opt/ros/jazzy/opt/gz_ogre_next_vendor:/opt/ros/jazzy/opt/gz_dartsim_vendor:/opt/ros/jazzy/opt/gz_cmake_vendor DEBUGINFOD_URLS=https://debuginfod.ubuntu.com PYTHONPATH=/home/olympusolutions/senior_ws/build/serial_motor_demo/prefix_override:/usr/lib/python3/dist-packages/colcon_core/task/python/colcon_distutils_commands:/home/olympusolutions/senior_ws/install/serial_motor_demo/lib/python3.12/site-packages:/home/olympusolutions/senior_ws/install/serial_motor_demo_msgs/lib/python3.12/site-packages:/home/olympusolutions/senior_ws/install/twist_stamper/lib/python3.12/site-packages:/home/olympusolutions/senior_ws/install/serial_motor_demo/lib/python3.12/site-packages:/home/olympusolutions/senior_ws/install/my_package/lib/python3.12/site-packages:/home/olympusolutions/senior_ws/install/listener_package/lib/python3.12/site-packages:/home/olympusolutions/senior_ws/install/joy_tester/lib/python3.12/site-packages:/opt/ros/jazzy/lib/python3.12/site-packages /usr/bin/python3 -W ignore:setup.py install is deprecated -W ignore:easy_install command is deprecated setup.py egg_info --egg-base ../../../build/serial_motor_demo build --build-base /home/olympusolutions/senior_ws/build/serial_motor_demo/build install --record /home/olympusolutions/senior_ws/build/serial_motor_demo/install.log --install-scripts $base/lib/serial_motor_demo --single-version-externally-managed install_data
[17.181s] Level 1:colcon.colcon_core.environment:checking '/home/olympusolutions/senior_ws/install/serial_motor_demo' for CMake config files
[17.182s] Level 1:colcon.colcon_core.environment:checking '/home/olympusolutions/senior_ws/install/serial_motor_demo/lib'
[17.182s] Level 1:colcon.colcon_core.environment:checking '/home/olympusolutions/senior_ws/install/serial_motor_demo/bin'
[17.182s] Level 1:colcon.colcon_core.environment:checking '/home/olympusolutions/senior_ws/install/serial_motor_demo/lib/pkgconfig/serial_motor_demo.pc'
[17.183s] Level 1:colcon.colcon_core.environment:checking '/home/olympusolutions/senior_ws/install/serial_motor_demo/lib/python3.12/site-packages'
[17.183s] Level 1:colcon.colcon_core.shell:create_environment_hook('serial_motor_demo', 'pythonpath')
[17.184s] INFO:colcon.colcon_core.shell:Creating environment hook '/home/olympusolutions/senior_ws/install/serial_motor_demo/share/serial_motor_demo/hook/pythonpath.ps1'
[17.185s] INFO:colcon.colcon_core.shell:Creating environment descriptor '/home/olympusolutions/senior_ws/install/serial_motor_demo/share/serial_motor_demo/hook/pythonpath.dsv'
[17.186s] INFO:colcon.colcon_core.shell:Creating environment hook '/home/olympusolutions/senior_ws/install/serial_motor_demo/share/serial_motor_demo/hook/pythonpath.sh'
[17.189s] Level 1:colcon.colcon_core.environment:checking '/home/olympusolutions/senior_ws/install/serial_motor_demo/bin'
[17.189s] Level 1:colcon.colcon_core.environment:create_environment_scripts_only(serial_motor_demo)
[17.190s] INFO:colcon.colcon_core.shell:Creating package script '/home/olympusolutions/senior_ws/install/serial_motor_demo/share/serial_motor_demo/package.ps1'
[17.193s] INFO:colcon.colcon_core.shell:Creating package descriptor '/home/olympusolutions/senior_ws/install/serial_motor_demo/share/serial_motor_demo/package.dsv'
[17.195s] INFO:colcon.colcon_core.shell:Creating package script '/home/olympusolutions/senior_ws/install/serial_motor_demo/share/serial_motor_demo/package.sh'
[17.197s] INFO:colcon.colcon_core.shell:Creating package script '/home/olympusolutions/senior_ws/install/serial_motor_demo/share/serial_motor_demo/package.bash'
[17.199s] INFO:colcon.colcon_core.shell:Creating package script '/home/olympusolutions/senior_ws/install/serial_motor_demo/share/serial_motor_demo/package.zsh'
[17.201s] Level 1:colcon.colcon_core.environment:create_file_with_runtime_dependencies(/home/olympusolutions/senior_ws/install/serial_motor_demo/share/colcon-core/packages/serial_motor_demo)
[17.202s] DEBUG:colcon.colcon_parallel_executor.executor.parallel:closing loop
[17.203s] DEBUG:colcon.colcon_parallel_executor.executor.parallel:loop closed
[17.204s] DEBUG:colcon.colcon_parallel_executor.executor.parallel:run_until_complete finished with '0'
[17.205s] DEBUG:colcon.colcon_core.event_reactor:joining thread
[17.235s] INFO:colcon.colcon_core.plugin_system:Skipping extension 'colcon_notification.desktop_notification.terminal_notifier': Not used on non-Darwin systems
[17.235s] INFO:colcon.colcon_core.plugin_system:Skipping extension 'colcon_notification.desktop_notification.win32': Not used on non-Windows systems
[17.235s] INFO:colcon.colcon_notification.desktop_notification:Sending desktop notification using 'notify2'
[17.283s] DEBUG:colcon.colcon_core.event_reactor:joined thread
[17.283s] INFO:colcon.colcon_core.shell:Creating prefix script '/home/olympusolutions/senior_ws/install/local_setup.ps1'
[17.285s] INFO:colcon.colcon_core.shell:Creating prefix util module '/home/olympusolutions/senior_ws/install/_local_setup_util_ps1.py'
[17.288s] INFO:colcon.colcon_core.shell:Creating prefix chain script '/home/olympusolutions/senior_ws/install/setup.ps1'
[17.292s] INFO:colcon.colcon_core.shell:Creating prefix script '/home/olympusolutions/senior_ws/install/local_setup.sh'
[17.295s] INFO:colcon.colcon_core.shell:Creating prefix util module '/home/olympusolutions/senior_ws/install/_local_setup_util_sh.py'
[17.298s] INFO:colcon.colcon_core.shell:Creating prefix chain script '/home/olympusolutions/senior_ws/install/setup.sh'
[17.303s] INFO:colcon.colcon_core.shell:Creating prefix script '/home/olympusolutions/senior_ws/install/local_setup.bash'
[17.305s] INFO:colcon.colcon_core.shell:Creating prefix chain script '/home/olympusolutions/senior_ws/install/setup.bash'
[17.309s] INFO:colcon.colcon_core.shell:Creating prefix script '/home/olympusolutions/senior_ws/install/local_setup.zsh'
[17.311s] INFO:colcon.colcon_core.shell:Creating prefix chain script '/home/olympusolutions/senior_ws/install/setup.zsh'
